Command line invocation:
    /Applications/Xcode.app/Contents/Developer/usr/bin/xcodebuild build -scheme WorkoutTracker -destination "platform=iOS Simulator,id=A57B1CB0-6C16-4A70-905C-2B457D7125F7"

Resolve Package Graph


Resolved source packages:
  GoogleSignIn: https://github.com/google/GoogleSignIn-iOS @ 9.1.0
  Promises: https://github.com/google/promises.git @ 2.4.0
  GTMAppAuth: https://github.com/google/GTMAppAuth.git @ 5.0.0
  nanopb: https://github.com/firebase/nanopb.git @ 2.30910.0
  GoogleUtilities: https://github.com/google/GoogleUtilities.git @ 8.1.0
  GoogleDataTransport: https://github.com/google/GoogleDataTransport.git @ 10.1.0
  GoogleAppMeasurement: https://github.com/google/GoogleAppMeasurement.git @ 12.12.1
  AppAuth: https://github.com/openid/AppAuth-iOS.git @ 2.0.0
  gRPC: https://github.com/google/grpc-binary.git @ 1.69.1
  leveldb: https://github.com/firebase/leveldb.git @ 1.22.5
  abseil: https://github.com/google/abseil-cpp-binary.git @ 1.2024072200.0
  Firebase: https://github.com/firebase/firebase-ios-sdk.git @ 12.12.1
  GTMSessionFetcher: https://github.com/google/gtm-session-fetcher.git @ 3.5.0
  InteropForGoogle: https://github.com/google/interop-ios-for-google-sdks.git @ 101.0.0
  AppCheck: https://github.com/google/app-check.git @ 11.2.0
  GoogleAdsOnDeviceConversion: https://github.com/googleads/google-ads-on-device-conversion-ios-sdk @ 3.5.0

ComputePackagePrebuildTargetDependencyGraph

Prepare packages

CreateBuildRequest

SendProjectDescription

CreateBuildOperation

ComputeTargetDependencyGraph
note: Building targets in dependency order
note: Target dependency graph (124 targets)
    Target 'WorkoutTracker' in project 'WorkoutTracker'
        ➜ Explicit dependency on target 'WorkoutTimerWidgetExtension' in project 'WorkoutTracker'
        ➜ Explicit dependency on target 'StatsWidgetExtension' in project 'WorkoutTracker'
        ➜ Explicit dependency on target 'WorkoutTrackerWatch Watch App' in project 'WorkoutTracker'
        ➜ Explicit dependency on target 'FirebaseFirestore' in project 'Firebase'
        ➜ Explicit dependency on target 'FirebaseAuth' in project 'Firebase'
        ➜ Explicit dependency on target 'FirebaseStorage' in project 'Firebase'
        ➜ Explicit dependency on target 'FirebaseFunctions' in project 'Firebase'
        ➜ Explicit dependency on target 'FirebaseAppCheck' in project 'Firebase'
        ➜ Explicit dependency on target 'FirebaseRemoteConfig' in project 'Firebase'
        ➜ Explicit dependency on target 'GoogleSignIn' in project 'GoogleSignIn'
        ➜ Explicit dependency on target 'FirebaseAnalytics' in project 'Firebase'
        ➜ Explicit dependency on target 'FirebaseCrashlytics' in project 'Firebase'
        ➜ Explicit dependency on target 'FirebasePerformance' in project 'Firebase'
    Target 'FirebasePerformance' in project 'Firebase'
        ➜ Explicit dependency on target 'FirebasePerformanceTarget' in project 'Firebase'
        ➜ Explicit dependency on target 'Firebase' in project 'Firebase'
        ➜ Explicit dependency on target 'FirebaseCoreInternal' in project 'Firebase'
        ➜ Explicit dependency on target 'FirebaseCore' in project 'Firebase'
        ➜ Explicit dependency on target 'FirebaseInstallations' in project 'Firebase'
        ➜ Explicit dependency on target 'FirebaseABTesting' in project 'Firebase'
        ➜ Explicit dependency on target 'FirebaseRemoteConfigInterop' in project 'Firebase'
        ➜ Explicit dependency on target 'FirebaseRemoteConfigInternal' in project 'Firebase'
        ➜ Explicit dependency on target 'FirebaseCoreExtension' in project 'Firebase'
        ➜ Explicit dependency on target 'FirebaseSessionsObjC' in project 'Firebase'
        ➜ Explicit dependency on target 'FirebaseSessions' in project 'Firebase'
        ➜ Explicit dependency on target 'FirebasePerformance' in project 'Firebase'
        ➜ Explicit dependency on target 'GULNSData' in project 'GoogleUtilities'
        ➜ Explicit dependency on target 'GULEnvironment' in project 'GoogleUtilities'
        ➜ Explicit dependency on target 'GULLogger' in project 'GoogleUtilities'
        ➜ Explicit dependency on target 'FBLPromises' in project 'Promises'
        ➜ Explicit dependency on target 'GULUserDefaults' in project 'GoogleUtilities'
        ➜ Explicit dependency on target 'nanopb' in project 'nanopb'
        ➜ Explicit dependency on target 'Promises' in project 'Promises'
        ➜ Explicit dependency on target 'GoogleDataTransport' in project 'GoogleDataTransport'
        ➜ Explicit dependency on target 'GULMethodSwizzler' in project 'GoogleUtilities'
    Target 'FirebasePerformanceTarget' in project 'Firebase'
        ➜ Explicit dependency on target 'Firebase' in project 'Firebase'
        ➜ Explicit dependency on target 'FirebaseCoreInternal' in project 'Firebase'
        ➜ Explicit dependency on target 'FirebaseCore' in project 'Firebase'
        ➜ Explicit dependency on target 'FirebaseInstallations' in project 'Firebase'
        ➜ Explicit dependency on target 'FirebaseABTesting' in project 'Firebase'
        ➜ Explicit dependency on target 'FirebaseRemoteConfigInterop' in project 'Firebase'
        ➜ Explicit dependency on target 'FirebaseRemoteConfigInternal' in project 'Firebase'
        ➜ Explicit dependency on target 'FirebaseCoreExtension' in project 'Firebase'
        ➜ Explicit dependency on target 'FirebaseSessionsObjC' in project 'Firebase'
        ➜ Explicit dependency on target 'FirebaseSessions' in project 'Firebase'
        ➜ Explicit dependency on target 'FirebasePerformance' in project 'Firebase'
        ➜ Explicit dependency on target 'GULNSData' in project 'GoogleUtilities'
        ➜ Explicit dependency on target 'GULEnvironment' in project 'GoogleUtilities'
        ➜ Explicit dependency on target 'GULLogger' in project 'GoogleUtilities'
        ➜ Explicit dependency on target 'FBLPromises' in project 'Promises'
        ➜ Explicit dependency on target 'GULUserDefaults' in project 'GoogleUtilities'
        ➜ Explicit dependency on target 'nanopb' in project 'nanopb'
        ➜ Explicit dependency on target 'Promises' in project 'Promises'
        ➜ Explicit dependency on target 'GoogleDataTransport' in project 'GoogleDataTransport'
        ➜ Explicit dependency on target 'GULMethodSwizzler' in project 'GoogleUtilities'
    Target 'FirebasePerformance' in project 'Firebase'
        ➜ Explicit dependency on target 'Firebase' in project 'Firebase'
        ➜ Explicit dependency on target 'FirebaseCoreInternal' in project 'Firebase'
        ➜ Explicit dependency on target 'FirebaseCore' in project 'Firebase'
        ➜ Explicit dependency on target 'FirebaseInstallations' in project 'Firebase'
        ➜ Explicit dependency on target 'FirebaseABTesting' in project 'Firebase'
        ➜ Explicit dependency on target 'FirebaseRemoteConfigInterop' in project 'Firebase'
        ➜ Explicit dependency on target 'FirebaseRemoteConfigInternal' in project 'Firebase'
        ➜ Explicit dependency on target 'FirebaseCoreExtension' in project 'Firebase'
        ➜ Explicit dependency on target 'FirebaseSessionsObjC' in project 'Firebase'
        ➜ Explicit dependency on target 'FirebaseSessions' in project 'Firebase'
        ➜ Explicit dependency on target 'GULNSData' in project 'GoogleUtilities'
        ➜ Explicit dependency on target 'GULEnvironment' in project 'GoogleUtilities'
        ➜ Explicit dependency on target 'GULLogger' in project 'GoogleUtilities'
        ➜ Explicit dependency on target 'FBLPromises' in project 'Promises'
        ➜ Explicit dependency on target 'GULUserDefaults' in project 'GoogleUtilities'
        ➜ Explicit dependency on target 'nanopb' in project 'nanopb'
        ➜ Explicit dependency on target 'Promises' in project 'Promises'
        ➜ Explicit dependency on target 'GoogleDataTransport' in project 'GoogleDataTransport'
        ➜ Explicit dependency on target 'GULMethodSwizzler' in project 'GoogleUtilities'
    Target 'FirebaseCrashlytics' in project 'Firebase'
        ➜ Explicit dependency on target 'FirebaseCrashlytics' in project 'Firebase'
        ➜ Explicit dependency on target 'Firebase_FirebaseCrashlytics' in project 'Firebase'
        ➜ Explicit dependency on target 'Firebase' in project 'Firebase'
        ➜ Explicit dependency on target 'FirebaseCoreInternal' in project 'Firebase'
        ➜ Explicit dependency on target 'FirebaseCore' in project 'Firebase'
        ➜ Explicit dependency on target 'FirebaseInstallations' in project 'Firebase'
        ➜ Explicit dependency on target 'FirebaseCoreExtension' in project 'Firebase'
        ➜ Explicit dependency on target 'FirebaseSessionsObjC' in project 'Firebase'
        ➜ Explicit dependency on target 'FirebaseSessions' in project 'Firebase'
        ➜ Explicit dependency on target 'FirebaseRemoteConfigInterop' in project 'Firebase'
        ➜ Explicit dependency on target 'FirebaseCrashlyticsSwift' in project 'Firebase'
        ➜ Explicit dependency on target 'GULNSData' in project 'GoogleUtilities'
        ➜ Explicit dependency on target 'GULEnvironment' in project 'GoogleUtilities'
        ➜ Explicit dependency on target 'GULLogger' in project 'GoogleUtilities'
        ➜ Explicit dependency on target 'FBLPromises' in project 'Promises'
        ➜ Explicit dependency on target 'GULUserDefaults' in project 'GoogleUtilities'
        ➜ Explicit dependency on target 'nanopb' in project 'nanopb'
        ➜ Explicit dependency on target 'Promises' in project 'Promises'
        ➜ Explicit dependency on target 'GoogleDataTransport' in project 'GoogleDataTransport'
    Target 'FirebaseCrashlytics' in project 'Firebase'
        ➜ Explicit dependency on target 'Firebase_FirebaseCrashlytics' in project 'Firebase'
        ➜ Explicit dependency on target 'Firebase' in project 'Firebase'
        ➜ Explicit dependency on target 'FirebaseCoreInternal' in project 'Firebase'
        ➜ Explicit dependency on target 'FirebaseCore' in project 'Firebase'
        ➜ Explicit dependency on target 'FirebaseInstallations' in project 'Firebase'
        ➜ Explicit dependency on target 'FirebaseCoreExtension' in project 'Firebase'
        ➜ Explicit dependency on target 'FirebaseSessionsObjC' in project 'Firebase'
        ➜ Explicit dependency on target 'FirebaseSessions' in project 'Firebase'
        ➜ Explicit dependency on target 'FirebaseRemoteConfigInterop' in project 'Firebase'
        ➜ Explicit dependency on target 'FirebaseCrashlyticsSwift' in project 'Firebase'
        ➜ Explicit dependency on target 'GULNSData' in project 'GoogleUtilities'
        ➜ Explicit dependency on target 'GULEnvironment' in project 'GoogleUtilities'
        ➜ Explicit dependency on target 'GULLogger' in project 'GoogleUtilities'
        ➜ Explicit dependency on target 'FBLPromises' in project 'Promises'
        ➜ Explicit dependency on target 'GULUserDefaults' in project 'GoogleUtilities'
        ➜ Explicit dependency on target 'nanopb' in project 'nanopb'
        ➜ Explicit dependency on target 'Promises' in project 'Promises'
        ➜ Explicit dependency on target 'GoogleDataTransport' in project 'GoogleDataTransport'
    Target 'FirebaseCrashlyticsSwift' in project 'Firebase'
        ➜ Explicit dependency on target 'Firebase_FirebaseCrashlyticsSwift' in project 'Firebase'
        ➜ Explicit dependency on target 'FirebaseRemoteConfigInterop' in project 'Firebase'
    Target 'Firebase_FirebaseCrashlyticsSwift' in project 'Firebase' (no dependencies)
    Target 'FirebaseSessions' in project 'Firebase'
        ➜ Explicit dependency on target 'Firebase' in project 'Firebase'
        ➜ Explicit dependency on target 'FirebaseCoreInternal' in project 'Firebase'
        ➜ Explicit dependency on target 'FirebaseCore' in project 'Firebase'
        ➜ Explicit dependency on target 'FirebaseInstallations' in project 'Firebase'
        ➜ Explicit dependency on target 'FirebaseCoreExtension' in project 'Firebase'
        ➜ Explicit dependency on target 'FirebaseSessionsObjC' in project 'Firebase'
        ➜ Explicit dependency on target 'GULNSData' in project 'GoogleUtilities'
        ➜ Explicit dependency on target 'GULEnvironment' in project 'GoogleUtilities'
        ➜ Explicit dependency on target 'GULLogger' in project 'GoogleUtilities'
        ➜ Explicit dependency on target 'FBLPromises' in project 'Promises'
        ➜ Explicit dependency on target 'GULUserDefaults' in project 'GoogleUtilities'
        ➜ Explicit dependency on target 'nanopb' in project 'nanopb'
        ➜ Explicit dependency on target 'Promises' in project 'Promises'
        ➜ Explicit dependency on target 'GoogleDataTransport' in project 'GoogleDataTransport'
    Target 'GoogleDataTransport' in project 'GoogleDataTransport'
        ➜ Explicit dependency on target 'GoogleDataTransport' in project 'GoogleDataTransport'
        ➜ Explicit dependency on target 'GoogleDataTransport_GoogleDataTransport' in project 'GoogleDataTransport'
        ➜ Explicit dependency on target 'nanopb' in project 'nanopb'
        ➜ Explicit dependency on target 'FBLPromises' in project 'Promises'
    Target 'GoogleDataTransport' in project 'GoogleDataTransport'
        ➜ Explicit dependency on target 'GoogleDataTransport_GoogleDataTransport' in project 'GoogleDataTransport'
        ➜ Explicit dependency on target 'nanopb' in project 'nanopb'
        ➜ Explicit dependency on target 'FBLPromises' in project 'Promises'
    Target 'GoogleDataTransport_GoogleDataTransport' in project 'GoogleDataTransport' (no dependencies)
    Target 'Promises' in project 'Promises'
        ➜ Explicit dependency on target 'Promises' in project 'Promises'
        ➜ Explicit dependency on target 'Promises_Promises' in project 'Promises'
        ➜ Explicit dependency on target 'FBLPromises' in project 'Promises'
    Target 'Promises' in project 'Promises'
        ➜ Explicit dependency on target 'Promises_Promises' in project 'Promises'
        ➜ Explicit dependency on target 'FBLPromises' in project 'Promises'
    Target 'Promises_Promises' in project 'Promises' (no dependencies)
    Target 'FirebaseSessionsObjC' in project 'Firebase'
        ➜ Explicit dependency on target 'Firebase' in project 'Firebase'
        ➜ Explicit dependency on target 'FirebaseCoreInternal' in project 'Firebase'
        ➜ Explicit dependency on target 'FirebaseCore' in project 'Firebase'
        ➜ Explicit dependency on target 'FirebaseCoreExtension' in project 'Firebase'
        ➜ Explicit dependency on target 'GULNSData' in project 'GoogleUtilities'
        ➜ Explicit dependency on target 'GULEnvironment' in project 'GoogleUtilities'
        ➜ Explicit dependency on target 'GULLogger' in project 'GoogleUtilities'
        ➜ Explicit dependency on target 'nanopb' in project 'nanopb'
    Target 'Firebase_FirebaseCrashlytics' in project 'Firebase' (no dependencies)
    Target 'FirebaseAnalytics' in project 'Firebase'
        ➜ Explicit dependency on target 'FirebaseAnalyticsTarget' in project 'Firebase'
        ➜ Explicit dependency on target 'Firebase' in project 'Firebase'
        ➜ Explicit dependency on target 'FirebaseCoreInternal' in project 'Firebase'
        ➜ Explicit dependency on target 'FirebaseCore' in project 'Firebase'
        ➜ Explicit dependency on target 'FirebaseInstallations' in project 'Firebase'
        ➜ Explicit dependency on target 'FirebaseAnalyticsWrapper' in project 'Firebase'
        ➜ Explicit dependency on target 'GULNSData' in project 'GoogleUtilities'
        ➜ Explicit dependency on target 'GULEnvironment' in project 'GoogleUtilities'
        ➜ Explicit dependency on target 'GULLogger' in project 'GoogleUtilities'
        ➜ Explicit dependency on target 'FBLPromises' in project 'Promises'
        ➜ Explicit dependency on target 'GULUserDefaults' in project 'GoogleUtilities'
        ➜ Explicit dependency on target 'GoogleAppMeasurement' in project 'GoogleAppMeasurement'
        ➜ Explicit dependency on target 'GULAppDelegateSwizzler' in project 'GoogleUtilities'
        ➜ Explicit dependency on target 'GULMethodSwizzler' in project 'GoogleUtilities'
        ➜ Explicit dependency on target 'GULNetwork' in project 'GoogleUtilities'
        ➜ Explicit dependency on target 'nanopb' in project 'nanopb'
    Target 'FirebaseAnalyticsTarget' in project 'Firebase'
        ➜ Explicit dependency on target 'Firebase' in project 'Firebase'
        ➜ Explicit dependency on target 'FirebaseCoreInternal' in project 'Firebase'
        ➜ Explicit dependency on target 'FirebaseCore' in project 'Firebase'
        ➜ Explicit dependency on target 'FirebaseInstallations' in project 'Firebase'
        ➜ Explicit dependency on target 'FirebaseAnalyticsWrapper' in project 'Firebase'
        ➜ Explicit dependency on target 'GULNSData' in project 'GoogleUtilities'
        ➜ Explicit dependency on target 'GULEnvironment' in project 'GoogleUtilities'
        ➜ Explicit dependency on target 'GULLogger' in project 'GoogleUtilities'
        ➜ Explicit dependency on target 'FBLPromises' in project 'Promises'
        ➜ Explicit dependency on target 'GULUserDefaults' in project 'GoogleUtilities'
        ➜ Explicit dependency on target 'GoogleAppMeasurement' in project 'GoogleAppMeasurement'
        ➜ Explicit dependency on target 'GULAppDelegateSwizzler' in project 'GoogleUtilities'
        ➜ Explicit dependency on target 'GULMethodSwizzler' in project 'GoogleUtilities'
        ➜ Explicit dependency on target 'GULNetwork' in project 'GoogleUtilities'
        ➜ Explicit dependency on target 'nanopb' in project 'nanopb'
    Target 'FirebaseAnalyticsWrapper' in project 'Firebase'
        ➜ Explicit dependency on target 'Firebase' in project 'Firebase'
        ➜ Explicit dependency on target 'FirebaseCoreInternal' in project 'Firebase'
        ➜ Explicit dependency on target 'FirebaseCore' in project 'Firebase'
        ➜ Explicit dependency on target 'FirebaseInstallations' in project 'Firebase'
        ➜ Explicit dependency on target 'GULNSData' in project 'GoogleUtilities'
        ➜ Explicit dependency on target 'GULEnvironment' in project 'GoogleUtilities'
        ➜ Explicit dependency on target 'GULLogger' in project 'GoogleUtilities'
        ➜ Explicit dependency on target 'FBLPromises' in project 'Promises'
        ➜ Explicit dependency on target 'GULUserDefaults' in project 'GoogleUtilities'
        ➜ Explicit dependency on target 'GoogleAppMeasurement' in project 'GoogleAppMeasurement'
        ➜ Explicit dependency on target 'GULAppDelegateSwizzler' in project 'GoogleUtilities'
        ➜ Explicit dependency on target 'GULMethodSwizzler' in project 'GoogleUtilities'
        ➜ Explicit dependency on target 'GULNetwork' in project 'GoogleUtilities'
        ➜ Explicit dependency on target 'nanopb' in project 'nanopb'
    Target 'GoogleAppMeasurement' in project 'GoogleAppMeasurement'
        ➜ Explicit dependency on target 'GoogleAppMeasurementTarget' in project 'GoogleAppMeasurement'
        ➜ Explicit dependency on target 'GULAppDelegateSwizzler' in project 'GoogleUtilities'
        ➜ Explicit dependency on target 'GULMethodSwizzler' in project 'GoogleUtilities'
        ➜ Explicit dependency on target 'GULNSData' in project 'GoogleUtilities'
        ➜ Explicit dependency on target 'GULNetwork' in project 'GoogleUtilities'
        ➜ Explicit dependency on target 'GULLogger' in project 'GoogleUtilities'
        ➜ Explicit dependency on target 'GULEnvironment' in project 'GoogleUtilities'
        ➜ Explicit dependency on target 'nanopb' in project 'nanopb'
        ➜ Explicit dependency on target 'GoogleAdsOnDeviceConversion' in project 'GoogleAdsOnDeviceConversion'
    Target 'GoogleAppMeasurementTarget' in project 'GoogleAppMeasurement'
        ➜ Explicit dependency on target 'GULAppDelegateSwizzler' in project 'GoogleUtilities'
        ➜ Explicit dependency on target 'GULMethodSwizzler' in project 'GoogleUtilities'
        ➜ Explicit dependency on target 'GULNSData' in project 'GoogleUtilities'
        ➜ Explicit dependency on target 'GULNetwork' in project 'GoogleUtilities'
        ➜ Explicit dependency on target 'GULLogger' in project 'GoogleUtilities'
        ➜ Explicit dependency on target 'GULEnvironment' in project 'GoogleUtilities'
        ➜ Explicit dependency on target 'nanopb' in project 'nanopb'
        ➜ Explicit dependency on target 'GoogleAdsOnDeviceConversion' in project 'GoogleAdsOnDeviceConversion'
    Target 'GoogleAdsOnDeviceConversion' in project 'GoogleAdsOnDeviceConversion'
        ➜ Explicit dependency on target 'GoogleAdsOnDeviceConversionTarget' in project 'GoogleAdsOnDeviceConversion'
        ➜ Explicit dependency on target 'GULEnvironment' in project 'GoogleUtilities'
        ➜ Explicit dependency on target 'GULLogger' in project 'GoogleUtilities'
        ➜ Explicit dependency on target 'GULNetwork' in project 'GoogleUtilities'
        ➜ Explicit dependency on target 'nanopb' in project 'nanopb'
    Target 'GoogleAdsOnDeviceConversionTarget' in project 'GoogleAdsOnDeviceConversion'
        ➜ Explicit dependency on target 'GULEnvironment' in project 'GoogleUtilities'
        ➜ Explicit dependency on target 'GULLogger' in project 'GoogleUtilities'
        ➜ Explicit dependency on target 'GULNetwork' in project 'GoogleUtilities'
        ➜ Explicit dependency on target 'nanopb' in project 'nanopb'
    Target 'GULNetwork' in project 'GoogleUtilities'
        ➜ Explicit dependency on target 'GoogleUtilities-Network' in project 'GoogleUtilities'
        ➜ Explicit dependency on target 'GoogleUtilities_GoogleUtilities-Network' in project 'GoogleUtilities'
        ➜ Explicit dependency on target 'third-party-IsAppEncrypted' in project 'GoogleUtilities'
        ➜ Explicit dependency on target 'GoogleUtilities-Environment' in project 'GoogleUtilities'
        ➜ Explicit dependency on target 'GoogleUtilities-Logger' in project 'GoogleUtilities'
        ➜ Explicit dependency on target 'GoogleUtilities-NSData' in project 'GoogleUtilities'
        ➜ Explicit dependency on target 'GoogleUtilities-Reachability' in project 'GoogleUtilities'
    Target 'GULMethodSwizzler' in project 'GoogleUtilities'
        ➜ Explicit dependency on target 'GoogleUtilities-MethodSwizzler' in project 'GoogleUtilities'
        ➜ Explicit dependency on target 'GoogleUtilities_GoogleUtilities-MethodSwizzler' in project 'GoogleUtilities'
        ➜ Explicit dependency on target 'third-party-IsAppEncrypted' in project 'GoogleUtilities'
        ➜ Explicit dependency on target 'GoogleUtilities-Environment' in project 'GoogleUtilities'
        ➜ Explicit dependency on target 'GoogleUtilities-Logger' in project 'GoogleUtilities'
    Target 'GoogleUtilities-MethodSwizzler' in project 'GoogleUtilities'
        ➜ Explicit dependency on target 'GoogleUtilities_GoogleUtilities-MethodSwizzler' in project 'GoogleUtilities'
        ➜ Explicit dependency on target 'third-party-IsAppEncrypted' in project 'GoogleUtilities'
        ➜ Explicit dependency on target 'GoogleUtilities-Environment' in project 'GoogleUtilities'
        ➜ Explicit dependency on target 'GoogleUtilities-Logger' in project 'GoogleUtilities'
    Target 'GoogleUtilities_GoogleUtilities-MethodSwizzler' in project 'GoogleUtilities' (no dependencies)
    Target 'GoogleSignIn' in project 'GoogleSignIn'
        ➜ Explicit dependency on target 'GoogleSignIn' in project 'GoogleSignIn'
        ➜ Explicit dependency on target 'GoogleSignIn_GoogleSignIn' in project 'GoogleSignIn'
        ➜ Explicit dependency on target 'AppAuth' in project 'AppAuth'
        ➜ Explicit dependency on target 'AppAuthCore' in project 'AppAuth'
        ➜ Explicit dependency on target 'AppCheckCore' in project 'AppCheck'
        ➜ Explicit dependency on target 'GTMAppAuth' in project 'GTMAppAuth'
        ➜ Explicit dependency on target 'GTMSessionFetcherCore' in project 'GTMSessionFetcher'
    Target 'GoogleSignIn' in project 'GoogleSignIn'
        ➜ Explicit dependency on target 'GoogleSignIn_GoogleSignIn' in project 'GoogleSignIn'
        ➜ Explicit dependency on target 'AppAuth' in project 'AppAuth'
        ➜ Explicit dependency on target 'AppAuthCore' in project 'AppAuth'
        ➜ Explicit dependency on target 'AppCheckCore' in project 'AppCheck'
        ➜ Explicit dependency on target 'GTMAppAuth' in project 'GTMAppAuth'
        ➜ Explicit dependency on target 'GTMSessionFetcherCore' in project 'GTMSessionFetcher'
    Target 'GTMAppAuth' in project 'GTMAppAuth'
        ➜ Explicit dependency on target 'GTMAppAuth' in project 'GTMAppAuth'
        ➜ Explicit dependency on target 'GTMAppAuth_GTMAppAuth' in project 'GTMAppAuth'
        ➜ Explicit dependency on target 'GTMSessionFetcherCore' in project 'GTMSessionFetcher'
        ➜ Explicit dependency on target 'AppAuthCore' in project 'AppAuth'
    Target 'GTMAppAuth' in project 'GTMAppAuth'
        ➜ Explicit dependency on target 'GTMAppAuth_GTMAppAuth' in project 'GTMAppAuth'
        ➜ Explicit dependency on target 'GTMSessionFetcherCore' in project 'GTMSessionFetcher'
        ➜ Explicit dependency on target 'AppAuthCore' in project 'AppAuth'
    Target 'GTMAppAuth_GTMAppAuth' in project 'GTMAppAuth' (no dependencies)
    Target 'AppAuthCore' in project 'AppAuth'
        ➜ Explicit dependency on target 'AppAuthCore' in project 'AppAuth'
        ➜ Explicit dependency on target 'AppAuth_AppAuthCore' in project 'AppAuth'
    Target 'AppAuth' in project 'AppAuth'
        ➜ Explicit dependency on target 'AppAuth' in project 'AppAuth'
        ➜ Explicit dependency on target 'AppAuth_AppAuth' in project 'AppAuth'
        ➜ Explicit dependency on target 'AppAuthCore' in project 'AppAuth'
    Target 'AppAuth' in project 'AppAuth'
        ➜ Explicit dependency on target 'AppAuth_AppAuth' in project 'AppAuth'
        ➜ Explicit dependency on target 'AppAuthCore' in project 'AppAuth'
    Target 'AppAuthCore' in project 'AppAuth'
        ➜ Explicit dependency on target 'AppAuth_AppAuthCore' in project 'AppAuth'
    Target 'AppAuth_AppAuthCore' in project 'AppAuth' (no dependencies)
    Target 'AppAuth_AppAuth' in project 'AppAuth' (no dependencies)
    Target 'GoogleSignIn_GoogleSignIn' in project 'GoogleSignIn' (no dependencies)
    Target 'FirebaseRemoteConfig' in project 'Firebase'
        ➜ Explicit dependency on target 'FirebaseRemoteConfig' in project 'Firebase'
        ➜ Explicit dependency on target 'Firebase_FirebaseRemoteConfig' in project 'Firebase'
        ➜ Explicit dependency on target 'Firebase' in project 'Firebase'
        ➜ Explicit dependency on target 'FirebaseCoreInternal' in project 'Firebase'
        ➜ Explicit dependency on target 'FirebaseCore' in project 'Firebase'
        ➜ Explicit dependency on target 'FirebaseABTesting' in project 'Firebase'
        ➜ Explicit dependency on target 'FirebaseInstallations' in project 'Firebase'
        ➜ Explicit dependency on target 'FirebaseRemoteConfigInterop' in project 'Firebase'
        ➜ Explicit dependency on target 'FirebaseRemoteConfigInternal' in project 'Firebase'
        ➜ Explicit dependency on target 'FirebaseSharedSwift' in project 'Firebase'
        ➜ Explicit dependency on target 'GULNSData' in project 'GoogleUtilities'
        ➜ Explicit dependency on target 'GULEnvironment' in project 'GoogleUtilities'
        ➜ Explicit dependency on target 'GULLogger' in project 'GoogleUtilities'
        ➜ Explicit dependency on target 'FBLPromises' in project 'Promises'
        ➜ Explicit dependency on target 'GULUserDefaults' in project 'GoogleUtilities'
    Target 'FirebaseRemoteConfig' in project 'Firebase'
        ➜ Explicit dependency on target 'Firebase_FirebaseRemoteConfig' in project 'Firebase'
        ➜ Explicit dependency on target 'Firebase' in project 'Firebase'
        ➜ Explicit dependency on target 'FirebaseCoreInternal' in project 'Firebase'
        ➜ Explicit dependency on target 'FirebaseCore' in project 'Firebase'
        ➜ Explicit dependency on target 'FirebaseABTesting' in project 'Firebase'
        ➜ Explicit dependency on target 'FirebaseInstallations' in project 'Firebase'
        ➜ Explicit dependency on target 'FirebaseRemoteConfigInterop' in project 'Firebase'
        ➜ Explicit dependency on target 'FirebaseRemoteConfigInternal' in project 'Firebase'
        ➜ Explicit dependency on target 'FirebaseSharedSwift' in project 'Firebase'
        ➜ Explicit dependency on target 'GULNSData' in project 'GoogleUtilities'
        ➜ Explicit dependency on target 'GULEnvironment' in project 'GoogleUtilities'
        ➜ Explicit dependency on target 'GULLogger' in project 'GoogleUtilities'
        ➜ Explicit dependency on target 'FBLPromises' in project 'Promises'
        ➜ Explicit dependency on target 'GULUserDefaults' in project 'GoogleUtilities'
    Target 'FirebaseRemoteConfigInternal' in project 'Firebase'
        ➜ Explicit dependency on target 'Firebase' in project 'Firebase'
        ➜ Explicit dependency on target 'FirebaseCoreInternal' in project 'Firebase'
        ➜ Explicit dependency on target 'FirebaseCore' in project 'Firebase'
        ➜ Explicit dependency on target 'FirebaseABTesting' in project 'Firebase'
        ➜ Explicit dependency on target 'FirebaseInstallations' in project 'Firebase'
        ➜ Explicit dependency on target 'FirebaseRemoteConfigInterop' in project 'Firebase'
        ➜ Explicit dependency on target 'GULNSData' in project 'GoogleUtilities'
        ➜ Explicit dependency on target 'GULEnvironment' in project 'GoogleUtilities'
        ➜ Explicit dependency on target 'GULLogger' in project 'GoogleUtilities'
        ➜ Explicit dependency on target 'FBLPromises' in project 'Promises'
        ➜ Explicit dependency on target 'GULUserDefaults' in project 'GoogleUtilities'
    Target 'FirebaseRemoteConfigInterop' in project 'Firebase' (no dependencies)
    Target 'FirebaseInstallations' in project 'Firebase'
        ➜ Explicit dependency on target 'Firebase_FirebaseInstallations' in project 'Firebase'
        ➜ Explicit dependency on target 'Firebase' in project 'Firebase'
        ➜ Explicit dependency on target 'FirebaseCoreInternal' in project 'Firebase'
        ➜ Explicit dependency on target 'FirebaseCore' in project 'Firebase'
        ➜ Explicit dependency on target 'GULNSData' in project 'GoogleUtilities'
        ➜ Explicit dependency on target 'GULEnvironment' in project 'GoogleUtilities'
        ➜ Explicit dependency on target 'GULLogger' in project 'GoogleUtilities'
        ➜ Explicit dependency on target 'FBLPromises' in project 'Promises'
        ➜ Explicit dependency on target 'GULUserDefaults' in project 'GoogleUtilities'
    Target 'Firebase_FirebaseInstallations' in project 'Firebase' (no dependencies)
    Target 'FirebaseABTesting' in project 'Firebase'
        ➜ Explicit dependency on target 'Firebase_FirebaseABTesting' in project 'Firebase'
        ➜ Explicit dependency on target 'Firebase' in project 'Firebase'
        ➜ Explicit dependency on target 'FirebaseCoreInternal' in project 'Firebase'
        ➜ Explicit dependency on target 'FirebaseCore' in project 'Firebase'
        ➜ Explicit dependency on target 'GULNSData' in project 'GoogleUtilities'
        ➜ Explicit dependency on target 'GULEnvironment' in project 'GoogleUtilities'
        ➜ Explicit dependency on target 'GULLogger' in project 'GoogleUtilities'
    Target 'Firebase_FirebaseABTesting' in project 'Firebase' (no dependencies)
    Target 'Firebase_FirebaseRemoteConfig' in project 'Firebase' (no dependencies)
    Target 'FirebaseAppCheck' in project 'Firebase'
        ➜ Explicit dependency on target 'FirebaseAppCheck' in project 'Firebase'
        ➜ Explicit dependency on target 'FirebaseAppCheckInterop' in project 'Firebase'
        ➜ Explicit dependency on target 'Firebase' in project 'Firebase'
        ➜ Explicit dependency on target 'FirebaseCoreInternal' in project 'Firebase'
        ➜ Explicit dependency on target 'FirebaseCore' in project 'Firebase'
        ➜ Explicit dependency on target 'GULNSData' in project 'GoogleUtilities'
        ➜ Explicit dependency on target 'GULEnvironment' in project 'GoogleUtilities'
        ➜ Explicit dependency on target 'GULLogger' in project 'GoogleUtilities'
        ➜ Explicit dependency on target 'AppCheckCore' in project 'AppCheck'
        ➜ Explicit dependency on target 'GULUserDefaults' in project 'GoogleUtilities'
    Target 'FirebaseAppCheck' in project 'Firebase'
        ➜ Explicit dependency on target 'FirebaseAppCheckInterop' in project 'Firebase'
        ➜ Explicit dependency on target 'Firebase' in project 'Firebase'
        ➜ Explicit dependency on target 'FirebaseCoreInternal' in project 'Firebase'
        ➜ Explicit dependency on target 'FirebaseCore' in project 'Firebase'
        ➜ Explicit dependency on target 'GULNSData' in project 'GoogleUtilities'
        ➜ Explicit dependency on target 'GULEnvironment' in project 'GoogleUtilities'
        ➜ Explicit dependency on target 'GULLogger' in project 'GoogleUtilities'
        ➜ Explicit dependency on target 'AppCheckCore' in project 'AppCheck'
        ➜ Explicit dependency on target 'GULUserDefaults' in project 'GoogleUtilities'
    Target 'AppCheckCore' in project 'AppCheck'
        ➜ Explicit dependency on target 'AppCheckCore' in project 'AppCheck'
        ➜ Explicit dependency on target 'FBLPromises' in project 'Promises'
        ➜ Explicit dependency on target 'GULEnvironment' in project 'GoogleUtilities'
        ➜ Explicit dependency on target 'GULUserDefaults' in project 'GoogleUtilities'
    Target 'AppCheckCore' in project 'AppCheck'
        ➜ Explicit dependency on target 'FBLPromises' in project 'Promises'
        ➜ Explicit dependency on target 'GULEnvironment' in project 'GoogleUtilities'
        ➜ Explicit dependency on target 'GULUserDefaults' in project 'GoogleUtilities'
    Target 'GULUserDefaults' in project 'GoogleUtilities'
        ➜ Explicit dependency on target 'GoogleUtilities-UserDefaults' in project 'GoogleUtilities'
        ➜ Explicit dependency on target 'GoogleUtilities_GoogleUtilities-UserDefaults' in project 'GoogleUtilities'
        ➜ Explicit dependency on target 'third-party-IsAppEncrypted' in project 'GoogleUtilities'
        ➜ Explicit dependency on target 'GoogleUtilities-Environment' in project 'GoogleUtilities'
        ➜ Explicit dependency on target 'GoogleUtilities-Logger' in project 'GoogleUtilities'
    Target 'GoogleUtilities-UserDefaults' in project 'GoogleUtilities'
        ➜ Explicit dependency on target 'GoogleUtilities_GoogleUtilities-UserDefaults' in project 'GoogleUtilities'
        ➜ Explicit dependency on target 'third-party-IsAppEncrypted' in project 'GoogleUtilities'
        ➜ Explicit dependency on target 'GoogleUtilities-Environment' in project 'GoogleUtilities'
        ➜ Explicit dependency on target 'GoogleUtilities-Logger' in project 'GoogleUtilities'
    Target 'GoogleUtilities_GoogleUtilities-UserDefaults' in project 'GoogleUtilities' (no dependencies)
    Target 'FBLPromises' in project 'Promises'
        ➜ Explicit dependency on target 'FBLPromises' in project 'Promises'
        ➜ Explicit dependency on target 'Promises_FBLPromises' in project 'Promises'
    Target 'FBLPromises' in project 'Promises'
        ➜ Explicit dependency on target 'Promises_FBLPromises' in project 'Promises'
    Target 'Promises_FBLPromises' in project 'Promises' (no dependencies)
    Target 'FirebaseFunctions' in project 'Firebase'
        ➜ Explicit dependency on target 'FirebaseFunctions' in project 'Firebase'
        ➜ Explicit dependency on target 'FirebaseAppCheckInterop' in project 'Firebase'
        ➜ Explicit dependency on target 'FirebaseAuthInterop' in project 'Firebase'
        ➜ Explicit dependency on target 'Firebase' in project 'Firebase'
        ➜ Explicit dependency on target 'FirebaseCoreInternal' in project 'Firebase'
        ➜ Explicit dependency on target 'FirebaseCore' in project 'Firebase'
        ➜ Explicit dependency on target 'FirebaseCoreExtension' in project 'Firebase'
        ➜ Explicit dependency on target 'FirebaseMessagingInterop' in project 'Firebase'
        ➜ Explicit dependency on target 'FirebaseSharedSwift' in project 'Firebase'
        ➜ Explicit dependency on target 'GULNSData' in project 'GoogleUtilities'
        ➜ Explicit dependency on target 'GULEnvironment' in project 'GoogleUtilities'
        ➜ Explicit dependency on target 'GULLogger' in project 'GoogleUtilities'
        ➜ Explicit dependency on target 'GTMSessionFetcherCore' in project 'GTMSessionFetcher'
    Target 'FirebaseFunctions' in project 'Firebase'
        ➜ Explicit dependency on target 'FirebaseAppCheckInterop' in project 'Firebase'
        ➜ Explicit dependency on target 'FirebaseAuthInterop' in project 'Firebase'
        ➜ Explicit dependency on target 'Firebase' in project 'Firebase'
        ➜ Explicit dependency on target 'FirebaseCoreInternal' in project 'Firebase'
        ➜ Explicit dependency on target 'FirebaseCore' in project 'Firebase'
        ➜ Explicit dependency on target 'FirebaseCoreExtension' in project 'Firebase'
        ➜ Explicit dependency on target 'FirebaseMessagingInterop' in project 'Firebase'
        ➜ Explicit dependency on target 'FirebaseSharedSwift' in project 'Firebase'
        ➜ Explicit dependency on target 'GULNSData' in project 'GoogleUtilities'
        ➜ Explicit dependency on target 'GULEnvironment' in project 'GoogleUtilities'
        ➜ Explicit dependency on target 'GULLogger' in project 'GoogleUtilities'
        ➜ Explicit dependency on target 'GTMSessionFetcherCore' in project 'GTMSessionFetcher'
    Target 'FirebaseMessagingInterop' in project 'Firebase' (no dependencies)
    Target 'FirebaseStorage' in project 'Firebase'
        ➜ Explicit dependency on target 'FirebaseStorage' in project 'Firebase'
        ➜ Explicit dependency on target 'FirebaseAppCheckInterop' in project 'Firebase'
        ➜ Explicit dependency on target 'FirebaseAuthInterop' in project 'Firebase'
        ➜ Explicit dependency on target 'Firebase' in project 'Firebase'
        ➜ Explicit dependency on target 'FirebaseCoreInternal' in project 'Firebase'
        ➜ Explicit dependency on target 'FirebaseCore' in project 'Firebase'
        ➜ Explicit dependency on target 'FirebaseCoreExtension' in project 'Firebase'
        ➜ Explicit dependency on target 'GULNSData' in project 'GoogleUtilities'
        ➜ Explicit dependency on target 'GULEnvironment' in project 'GoogleUtilities'
        ➜ Explicit dependency on target 'GULLogger' in project 'GoogleUtilities'
        ➜ Explicit dependency on target 'GTMSessionFetcherCore' in project 'GTMSessionFetcher'
    Target 'FirebaseStorage' in project 'Firebase'
        ➜ Explicit dependency on target 'FirebaseAppCheckInterop' in project 'Firebase'
        ➜ Explicit dependency on target 'FirebaseAuthInterop' in project 'Firebase'
        ➜ Explicit dependency on target 'Firebase' in project 'Firebase'
        ➜ Explicit dependency on target 'FirebaseCoreInternal' in project 'Firebase'
        ➜ Explicit dependency on target 'FirebaseCore' in project 'Firebase'
        ➜ Explicit dependency on target 'FirebaseCoreExtension' in project 'Firebase'
        ➜ Explicit dependency on target 'GULNSData' in project 'GoogleUtilities'
        ➜ Explicit dependency on target 'GULEnvironment' in project 'GoogleUtilities'
        ➜ Explicit dependency on target 'GULLogger' in project 'GoogleUtilities'
        ➜ Explicit dependency on target 'GTMSessionFetcherCore' in project 'GTMSessionFetcher'
    Target 'FirebaseAuth' in project 'Firebase'
        ➜ Explicit dependency on target 'FirebaseAuth' in project 'Firebase'
        ➜ Explicit dependency on target 'Firebase_FirebaseAuth' in project 'Firebase'
        ➜ Explicit dependency on target 'FirebaseAppCheckInterop' in project 'Firebase'
        ➜ Explicit dependency on target 'FirebaseAuthInterop' in project 'Firebase'
        ➜ Explicit dependency on target 'FirebaseAuthInternal' in project 'Firebase'
        ➜ Explicit dependency on target 'Firebase' in project 'Firebase'
        ➜ Explicit dependency on target 'FirebaseCoreInternal' in project 'Firebase'
        ➜ Explicit dependency on target 'FirebaseCore' in project 'Firebase'
        ➜ Explicit dependency on target 'FirebaseCoreExtension' in project 'Firebase'
        ➜ Explicit dependency on target 'RecaptchaInterop' in project 'InteropForGoogle'
        ➜ Explicit dependency on target 'GULNSData' in project 'GoogleUtilities'
        ➜ Explicit dependency on target 'GULEnvironment' in project 'GoogleUtilities'
        ➜ Explicit dependency on target 'GULLogger' in project 'GoogleUtilities'
        ➜ Explicit dependency on target 'GULAppDelegateSwizzler' in project 'GoogleUtilities'
        ➜ Explicit dependency on target 'GTMSessionFetcherCore' in project 'GTMSessionFetcher'
    Target 'FirebaseAuth' in project 'Firebase'
        ➜ Explicit dependency on target 'Firebase_FirebaseAuth' in project 'Firebase'
        ➜ Explicit dependency on target 'FirebaseAppCheckInterop' in project 'Firebase'
        ➜ Explicit dependency on target 'FirebaseAuthInterop' in project 'Firebase'
        ➜ Explicit dependency on target 'FirebaseAuthInternal' in project 'Firebase'
        ➜ Explicit dependency on target 'Firebase' in project 'Firebase'
        ➜ Explicit dependency on target 'FirebaseCoreInternal' in project 'Firebase'
        ➜ Explicit dependency on target 'FirebaseCore' in project 'Firebase'
        ➜ Explicit dependency on target 'FirebaseCoreExtension' in project 'Firebase'
        ➜ Explicit dependency on target 'RecaptchaInterop' in project 'InteropForGoogle'
        ➜ Explicit dependency on target 'GULNSData' in project 'GoogleUtilities'
        ➜ Explicit dependency on target 'GULEnvironment' in project 'GoogleUtilities'
        ➜ Explicit dependency on target 'GULLogger' in project 'GoogleUtilities'
        ➜ Explicit dependency on target 'GULAppDelegateSwizzler' in project 'GoogleUtilities'
        ➜ Explicit dependency on target 'GTMSessionFetcherCore' in project 'GTMSessionFetcher'
    Target 'GTMSessionFetcherCore' in project 'GTMSessionFetcher'
        ➜ Explicit dependency on target 'GTMSessionFetcherCore' in project 'GTMSessionFetcher'
        ➜ Explicit dependency on target 'GTMSessionFetcher_GTMSessionFetcherCore' in project 'GTMSessionFetcher'
    Target 'GTMSessionFetcherCore' in project 'GTMSessionFetcher'
        ➜ Explicit dependency on target 'GTMSessionFetcher_GTMSessionFetcherCore' in project 'GTMSessionFetcher'
    Target 'GTMSessionFetcher_GTMSessionFetcherCore' in project 'GTMSessionFetcher' (no dependencies)
    Target 'GULAppDelegateSwizzler' in project 'GoogleUtilities'
        ➜ Explicit dependency on target 'GoogleUtilities-AppDelegateSwizzler' in project 'GoogleUtilities'
        ➜ Explicit dependency on target 'GoogleUtilities_GoogleUtilities-AppDelegateSwizzler' in project 'GoogleUtilities'
        ➜ Explicit dependency on target 'third-party-IsAppEncrypted' in project 'GoogleUtilities'
        ➜ Explicit dependency on target 'GoogleUtilities-Environment' in project 'GoogleUtilities'
        ➜ Explicit dependency on target 'GoogleUtilities-Logger' in project 'GoogleUtilities'
        ➜ Explicit dependency on target 'GoogleUtilities-NSData' in project 'GoogleUtilities'
        ➜ Explicit dependency on target 'GoogleUtilities-Reachability' in project 'GoogleUtilities'
        ➜ Explicit dependency on target 'GoogleUtilities-Network' in project 'GoogleUtilities'
    Target 'GoogleUtilities-AppDelegateSwizzler' in project 'GoogleUtilities'
        ➜ Explicit dependency on target 'GoogleUtilities_GoogleUtilities-AppDelegateSwizzler' in project 'GoogleUtilities'
        ➜ Explicit dependency on target 'third-party-IsAppEncrypted' in project 'GoogleUtilities'
        ➜ Explicit dependency on target 'GoogleUtilities-Environment' in project 'GoogleUtilities'
        ➜ Explicit dependency on target 'GoogleUtilities-Logger' in project 'GoogleUtilities'
        ➜ Explicit dependency on target 'GoogleUtilities-NSData' in project 'GoogleUtilities'
        ➜ Explicit dependency on target 'GoogleUtilities-Reachability' in project 'GoogleUtilities'
        ➜ Explicit dependency on target 'GoogleUtilities-Network' in project 'GoogleUtilities'
    Target 'GoogleUtilities-Network' in project 'GoogleUtilities'
        ➜ Explicit dependency on target 'GoogleUtilities_GoogleUtilities-Network' in project 'GoogleUtilities'
        ➜ Explicit dependency on target 'third-party-IsAppEncrypted' in project 'GoogleUtilities'
        ➜ Explicit dependency on target 'GoogleUtilities-Environment' in project 'GoogleUtilities'
        ➜ Explicit dependency on target 'GoogleUtilities-Logger' in project 'GoogleUtilities'
        ➜ Explicit dependency on target 'GoogleUtilities-NSData' in project 'GoogleUtilities'
        ➜ Explicit dependency on target 'GoogleUtilities-Reachability' in project 'GoogleUtilities'
    Target 'GoogleUtilities_GoogleUtilities-Network' in project 'GoogleUtilities' (no dependencies)
    Target 'GoogleUtilities-Reachability' in project 'GoogleUtilities'
        ➜ Explicit dependency on target 'GoogleUtilities_GoogleUtilities-Reachability' in project 'GoogleUtilities'
        ➜ Explicit dependency on target 'third-party-IsAppEncrypted' in project 'GoogleUtilities'
        ➜ Explicit dependency on target 'GoogleUtilities-Environment' in project 'GoogleUtilities'
        ➜ Explicit dependency on target 'GoogleUtilities-Logger' in project 'GoogleUtilities'
    Target 'GoogleUtilities_GoogleUtilities-Reachability' in project 'GoogleUtilities' (no dependencies)
    Target 'GoogleUtilities_GoogleUtilities-AppDelegateSwizzler' in project 'GoogleUtilities' (no dependencies)
    Target 'FirebaseAuthInternal' in project 'Firebase'
        ➜ Explicit dependency on target 'RecaptchaInterop' in project 'InteropForGoogle'
    Target 'RecaptchaInterop' in project 'InteropForGoogle'
        ➜ Explicit dependency on target 'RecaptchaInterop' in project 'InteropForGoogle'
    Target 'RecaptchaInterop' in project 'InteropForGoogle' (no dependencies)
    Target 'FirebaseAuthInterop' in project 'Firebase' (no dependencies)
    Target 'Firebase_FirebaseAuth' in project 'Firebase' (no dependencies)
    Target 'FirebaseFirestore' in project 'Firebase'
        ➜ Explicit dependency on target 'FirebaseFirestoreTarget' in project 'Firebase'
        ➜ Explicit dependency on target 'FirebaseFirestoreInternalWrapper' in project 'Firebase'
        ➜ Explicit dependency on target 'FirebaseAppCheckInterop' in project 'Firebase'
        ➜ Explicit dependency on target 'Firebase' in project 'Firebase'
        ➜ Explicit dependency on target 'FirebaseCoreInternal' in project 'Firebase'
        ➜ Explicit dependency on target 'FirebaseCore' in project 'Firebase'
        ➜ Explicit dependency on target 'FirebaseCoreExtension' in project 'Firebase'
        ➜ Explicit dependency on target 'FirebaseSharedSwift' in project 'Firebase'
        ➜ Explicit dependency on target 'FirebaseFirestore' in project 'Firebase'
        ➜ Explicit dependency on target 'GULNSData' in project 'GoogleUtilities'
        ➜ Explicit dependency on target 'GULEnvironment' in project 'GoogleUtilities'
        ➜ Explicit dependency on target 'GULLogger' in project 'GoogleUtilities'
        ➜ Explicit dependency on target 'abseil' in project 'abseil'
        ➜ Explicit dependency on target 'gRPC-C++' in project 'gRPC'
        ➜ Explicit dependency on target 'nanopb' in project 'nanopb'
        ➜ Explicit dependency on target 'leveldb' in project 'leveldb'
    Target 'FirebaseFirestoreTarget' in project 'Firebase'
        ➜ Explicit dependency on target 'FirebaseFirestoreInternalWrapper' in project 'Firebase'
        ➜ Explicit dependency on target 'FirebaseAppCheckInterop' in project 'Firebase'
        ➜ Explicit dependency on target 'Firebase' in project 'Firebase'
        ➜ Explicit dependency on target 'FirebaseCoreInternal' in project 'Firebase'
        ➜ Explicit dependency on target 'FirebaseCore' in project 'Firebase'
        ➜ Explicit dependency on target 'FirebaseCoreExtension' in project 'Firebase'
        ➜ Explicit dependency on target 'FirebaseSharedSwift' in project 'Firebase'
        ➜ Explicit dependency on target 'FirebaseFirestore' in project 'Firebase'
        ➜ Explicit dependency on target 'GULNSData' in project 'GoogleUtilities'
        ➜ Explicit dependency on target 'GULEnvironment' in project 'GoogleUtilities'
        ➜ Explicit dependency on target 'GULLogger' in project 'GoogleUtilities'
        ➜ Explicit dependency on target 'abseil' in project 'abseil'
        ➜ Explicit dependency on target 'gRPC-C++' in project 'gRPC'
        ➜ Explicit dependency on target 'nanopb' in project 'nanopb'
        ➜ Explicit dependency on target 'leveldb' in project 'leveldb'
    Target 'FirebaseFirestore' in project 'Firebase'
        ➜ Explicit dependency on target 'Firebase_FirebaseFirestore' in project 'Firebase'
        ➜ Explicit dependency on target 'FirebaseFirestoreInternalWrapper' in project 'Firebase'
        ➜ Explicit dependency on target 'FirebaseAppCheckInterop' in project 'Firebase'
        ➜ Explicit dependency on target 'Firebase' in project 'Firebase'
        ➜ Explicit dependency on target 'FirebaseCoreInternal' in project 'Firebase'
        ➜ Explicit dependency on target 'FirebaseCore' in project 'Firebase'
        ➜ Explicit dependency on target 'FirebaseCoreExtension' in project 'Firebase'
        ➜ Explicit dependency on target 'FirebaseSharedSwift' in project 'Firebase'
        ➜ Explicit dependency on target 'GULNSData' in project 'GoogleUtilities'
        ➜ Explicit dependency on target 'GULEnvironment' in project 'GoogleUtilities'
        ➜ Explicit dependency on target 'GULLogger' in project 'GoogleUtilities'
        ➜ Explicit dependency on target 'abseil' in project 'abseil'
        ➜ Explicit dependency on target 'gRPC-C++' in project 'gRPC'
        ➜ Explicit dependency on target 'nanopb' in project 'nanopb'
        ➜ Explicit dependency on target 'leveldb' in project 'leveldb'
    Target 'leveldb' in project 'leveldb'
        ➜ Explicit dependency on target 'leveldb' in project 'leveldb'
        ➜ Explicit dependency on target 'leveldb_leveldb' in project 'leveldb'
    Target 'leveldb' in project 'leveldb'
        ➜ Explicit dependency on target 'leveldb_leveldb' in project 'leveldb'
    Target 'leveldb_leveldb' in project 'leveldb' (no dependencies)
    Target 'nanopb' in project 'nanopb'
        ➜ Explicit dependency on target 'nanopb' in project 'nanopb'
        ➜ Explicit dependency on target 'nanopb_nanopb' in project 'nanopb'
    Target 'nanopb' in project 'nanopb'
        ➜ Explicit dependency on target 'nanopb_nanopb' in project 'nanopb'
    Target 'nanopb_nanopb' in project 'nanopb' (no dependencies)
    Target 'gRPC-C++' in project 'gRPC'
        ➜ Explicit dependency on target 'grpcppWrapper' in project 'gRPC'
        ➜ Explicit dependency on target 'gRPC_grpcppWrapper' in project 'gRPC'
        ➜ Explicit dependency on target 'grpcWrapper' in project 'gRPC'
        ➜ Explicit dependency on target 'opensslWrapper' in project 'gRPC'
        ➜ Explicit dependency on target 'abseil' in project 'abseil'
    Target 'grpcppWrapper' in project 'gRPC'
        ➜ Explicit dependency on target 'gRPC_grpcppWrapper' in project 'gRPC'
        ➜ Explicit dependency on target 'grpcWrapper' in project 'gRPC'
        ➜ Explicit dependency on target 'opensslWrapper' in project 'gRPC'
        ➜ Explicit dependency on target 'abseil' in project 'abseil'
    Target 'opensslWrapper' in project 'gRPC'
        ➜ Explicit dependency on target 'gRPC_opensslWrapper' in project 'gRPC'
    Target 'gRPC_opensslWrapper' in project 'gRPC' (no dependencies)
    Target 'grpcWrapper' in project 'gRPC'
        ➜ Explicit dependency on target 'gRPC_grpcWrapper' in project 'gRPC'
    Target 'gRPC_grpcWrapper' in project 'gRPC' (no dependencies)
    Target 'gRPC_grpcppWrapper' in project 'gRPC' (no dependencies)
    Target 'abseil' in project 'abseil'
        ➜ Explicit dependency on target 'abslWrapper' in project 'abseil'
        ➜ Explicit dependency on target 'abseil_abslWrapper' in project 'abseil'
    Target 'abslWrapper' in project 'abseil'
        ➜ Explicit dependency on target 'abseil_abslWrapper' in project 'abseil'
    Target 'abseil_abslWrapper' in project 'abseil' (no dependencies)
    Target 'Firebase_FirebaseFirestore' in project 'Firebase' (no dependencies)
    Target 'FirebaseSharedSwift' in project 'Firebase' (no dependencies)
    Target 'FirebaseCoreExtension' in project 'Firebase'
        ➜ Explicit dependency on target 'Firebase_FirebaseCoreExtension' in project 'Firebase'
    Target 'Firebase_FirebaseCoreExtension' in project 'Firebase' (no dependencies)
    Target 'FirebaseCore' in project 'Firebase'
        ➜ Explicit dependency on target 'Firebase_FirebaseCore' in project 'Firebase'
        ➜ Explicit dependency on target 'Firebase' in project 'Firebase'
        ➜ Explicit dependency on target 'FirebaseCoreInternal' in project 'Firebase'
        ➜ Explicit dependency on target 'GULNSData' in project 'GoogleUtilities'
        ➜ Explicit dependency on target 'GULEnvironment' in project 'GoogleUtilities'
        ➜ Explicit dependency on target 'GULLogger' in project 'GoogleUtilities'
    Target 'GULLogger' in project 'GoogleUtilities'
        ➜ Explicit dependency on target 'GoogleUtilities-Logger' in project 'GoogleUtilities'
        ➜ Explicit dependency on target 'GoogleUtilities_GoogleUtilities-Logger' in project 'GoogleUtilities'
        ➜ Explicit dependency on target 'third-party-IsAppEncrypted' in project 'GoogleUtilities'
        ➜ Explicit dependency on target 'GoogleUtilities-Environment' in project 'GoogleUtilities'
    Target 'GoogleUtilities-Logger' in project 'GoogleUtilities'
        ➜ Explicit dependency on target 'GoogleUtilities_GoogleUtilities-Logger' in project 'GoogleUtilities'
        ➜ Explicit dependency on target 'third-party-IsAppEncrypted' in project 'GoogleUtilities'
        ➜ Explicit dependency on target 'GoogleUtilities-Environment' in project 'GoogleUtilities'
    Target 'GoogleUtilities_GoogleUtilities-Logger' in project 'GoogleUtilities' (no dependencies)
    Target 'GULEnvironment' in project 'GoogleUtilities'
        ➜ Explicit dependency on target 'GoogleUtilities-Environment' in project 'GoogleUtilities'
        ➜ Explicit dependency on target 'GoogleUtilities_GoogleUtilities-Environment' in project 'GoogleUtilities'
        ➜ Explicit dependency on target 'third-party-IsAppEncrypted' in project 'GoogleUtilities'
    Target 'GoogleUtilities-Environment' in project 'GoogleUtilities'
        ➜ Explicit dependency on target 'GoogleUtilities_GoogleUtilities-Environment' in project 'GoogleUtilities'
        ➜ Explicit dependency on target 'third-party-IsAppEncrypted' in project 'GoogleUtilities'
    Target 'third-party-IsAppEncrypted' in project 'GoogleUtilities' (no dependencies)
    Target 'GoogleUtilities_GoogleUtilities-Environment' in project 'GoogleUtilities' (no dependencies)
    Target 'Firebase_FirebaseCore' in project 'Firebase' (no dependencies)
    Target 'FirebaseCoreInternal' in project 'Firebase'
        ➜ Explicit dependency on target 'Firebase_FirebaseCoreInternal' in project 'Firebase'
        ➜ Explicit dependency on target 'GULNSData' in project 'GoogleUtilities'
    Target 'GULNSData' in project 'GoogleUtilities'
        ➜ Explicit dependency on target 'GoogleUtilities-NSData' in project 'GoogleUtilities'
        ➜ Explicit dependency on target 'GoogleUtilities_GoogleUtilities-NSData' in project 'GoogleUtilities'
    Target 'GoogleUtilities-NSData' in project 'GoogleUtilities'
        ➜ Explicit dependency on target 'GoogleUtilities_GoogleUtilities-NSData' in project 'GoogleUtilities'
    Target 'GoogleUtilities_GoogleUtilities-NSData' in project 'GoogleUtilities' (no dependencies)
    Target 'Firebase_FirebaseCoreInternal' in project 'Firebase' (no dependencies)
    Target 'Firebase' in project 'Firebase' (no dependencies)
    Target 'FirebaseAppCheckInterop' in project 'Firebase' (no dependencies)
    Target 'FirebaseFirestoreInternalWrapper' in project 'Firebase' (no dependencies)
    Target 'WorkoutTrackerWatch Watch App' in project 'WorkoutTracker' (no dependencies)
    Target 'StatsWidgetExtension' in project 'WorkoutTracker' (no dependencies)
    Target 'WorkoutTimerWidgetExtension' in project 'WorkoutTracker' (no dependencies)

GatherProvisioningInputs

CreateBuildDescription

ExecuteExternalTool /Applications/Xcode.app/Contents/Developer/usr/bin/actool --version --output-format xml1

ExecuteExternalTool /Applications/Xcode.app/Contents/Developer/Toolchains/XcodeDefault.xctoolchain/usr/bin/clang -v -E -dM -arch arm64 -isysroot /Applications/Xcode.app/Contents/Developer/Platforms/iPhoneSimulator.platform/Developer/SDKs/iPhoneSimulator26.2.sdk -x objective-c -c /dev/null

ExecuteExternalTool /Applications/Xcode.app/Contents/Developer/usr/bin/actool --print-asset-tag-combinations --output-format xml1 /Users/borisserzhanovich/projects/Workout/WorkoutTracker copy/WatchApp/Assets.xcassets

ExecuteExternalTool /Applications/Xcode.app/Contents/Developer/Toolchains/XcodeDefault.xctoolchain/usr/bin/swiftc --version

ExecuteExternalTool /Applications/Xcode.app/Contents/Developer/Toolchains/XcodeDefault.xctoolchain/usr/bin/clang -v -E -dM -isysroot /Applications/Xcode.app/Contents/Developer/Platforms/iPhoneSimulator.platform/Developer/SDKs/iPhoneSimulator26.2.sdk -x c -c /dev/null

ExecuteExternalTool /Applications/Xcode.app/Contents/Developer/Toolchains/XcodeDefault.xctoolchain/usr/bin/clang -v -E -dM -arch arm64 -isysroot /Applications/Xcode.app/Contents/Developer/Platforms/iPhoneSimulator.platform/Developer/SDKs/iPhoneSimulator26.2.sdk -x c -c /dev/null

ExecuteExternalTool /Applications/Xcode.app/Contents/Developer/Toolchains/XcodeDefault.xctoolchain/usr/bin/ld -version_details

ExecuteExternalTool /Applications/Xcode.app/Contents/Developer/Toolchains/XcodeDefault.xctoolchain/usr/bin/clang -v -E -dM -arch arm64 -isysroot /Applications/Xcode.app/Contents/Developer/Platforms/iPhoneSimulator.platform/Developer/SDKs/iPhoneSimulator26.2.sdk -x c++ -c /dev/null

ExecuteExternalTool /usr/bin/what -q /Applications/Xcode.app/Contents/Developer/Toolchains/XcodeDefault.xctoolchain/usr/bin/coremlc

ExecuteExternalTool /Applications/Xcode.app/Contents/Developer/Toolchains/XcodeDefault.xctoolchain/usr/bin/clang -v -E -dM -isysroot /Applications/Xcode.app/Contents/Developer/Platforms/WatchSimulator.platform/Developer/SDKs/WatchSimulator26.2.sdk -x c -c /dev/null

ExecuteExternalTool /Applications/Xcode.app/Contents/Developer/Toolchains/XcodeDefault.xctoolchain/usr/bin/clang -v -E -dM -arch arm64 -isysroot /Applications/Xcode.app/Contents/Developer/Platforms/iPhoneSimulator.platform/Developer/SDKs/iPhoneSimulator26.2.sdk -x objective-c++ -c /dev/null

ExecuteExternalTool /Applications/Xcode.app/Contents/Developer/Toolchains/XcodeDefault.xctoolchain/usr/bin/coremlc generate /Users/borisserzhanovich/projects/Workout/WorkoutTracker copy/WorkoutTracker/WorkoutClassifier.mlmodel /Users/borisserzhanovich/Library/Developer/Xcode/DerivedData/WorkoutTracker-gugjzwqwyjqwbtaovaznehevomif/Build/Intermediates.noindex/WorkoutTracker.build/Debug-iphonesimulator/WorkoutTracker.build/DerivedSources/CoreMLGenerated/WorkoutClassifier --dry-run yes --deployment-target 17.6 --sdkroot /Applications/Xcode.app/Contents/Developer/Platforms/iPhoneSimulator.platform/Developer/SDKs/iPhoneSimulator26.2.sdk --platform ios --output-partial-info-plist /Users/borisserzhanovich/Library/Developer/Xcode/DerivedData/WorkoutTracker-gugjzwqwyjqwbtaovaznehevomif/Build/Intermediates.noindex/WorkoutTracker.build/Debug-iphonesimulator/WorkoutTracker.build/WorkoutClassifier-CoreMLPartialInfo.plist --container bundle-resources --language Swift --swift-version 5.0

ExecuteExternalTool /Applications/Xcode.app/Contents/Developer/usr/bin/actool --print-asset-tag-combinations --output-format xml1 /Users/borisserzhanovich/projects/Workout/WorkoutTracker copy/WorkoutTracker/Assets.xcassets

ExecuteExternalTool /Applications/Xcode.app/Contents/Developer/usr/bin/xcstringstool compile --dry-run --output-directory /Users/borisserzhanovich/Library/Developer/Xcode/DerivedData/WorkoutTracker-gugjzwqwyjqwbtaovaznehevomif/Build/Intermediates.noindex/WorkoutTracker.build/Debug-iphonesimulator/WorkoutTracker.build /Users/borisserzhanovich/projects/Workout/WorkoutTracker copy/WorkoutTracker/Localizable.xcstrings

Build description signature: f4a3d12615ce8cd8cfb373dc931935dc
Build description path: /Users/borisserzhanovich/Library/Developer/Xcode/DerivedData/WorkoutTracker-gugjzwqwyjqwbtaovaznehevomif/Build/Intermediates.noindex/XCBuildData/f4a3d12615ce8cd8cfb373dc931935dc.xcbuilddata
ClangStatCache /Applications/Xcode.app/Contents/Developer/Toolchains/XcodeDefault.xctoolchain/usr/bin/clang-stat-cache /Applications/Xcode.app/Contents/Developer/Platforms/iPhoneSimulator.platform/Developer/SDKs/iPhoneSimulator26.2.sdk /Users/borisserzhanovich/Library/Developer/Xcode/DerivedData/SDKStatCaches.noindex/iphonesimulator26.2-23C57-7d00a8b37fbd7999ea79df8ebc024bf0.sdkstatcache
    cd /Users/borisserzhanovich/projects/Workout/WorkoutTracker\ copy/WorkoutTracker.xcodeproj
    /Applications/Xcode.app/Contents/Developer/Toolchains/XcodeDefault.xctoolchain/usr/bin/clang-stat-cache /Applications/Xcode.app/Contents/Developer/Platforms/iPhoneSimulator.platform/Developer/SDKs/iPhoneSimulator26.2.sdk -o /Users/borisserzhanovich/Library/Developer/Xcode/DerivedData/SDKStatCaches.noindex/iphonesimulator26.2-23C57-7d00a8b37fbd7999ea79df8ebc024bf0.sdkstatcache

ClangStatCache /Applications/Xcode.app/Contents/Developer/Toolchains/XcodeDefault.xctoolchain/usr/bin/clang-stat-cache /Applications/Xcode.app/Contents/Developer/Platforms/WatchSimulator.platform/Developer/SDKs/WatchSimulator26.2.sdk /Users/borisserzhanovich/Library/Developer/Xcode/DerivedData/SDKStatCaches.noindex/watchsimulator26.2-23S303-963ebdd26732d23a23bcca82c2045e26.sdkstatcache
    cd /Users/borisserzhanovich/projects/Workout/WorkoutTracker\ copy/WorkoutTracker.xcodeproj
    /Applications/Xcode.app/Contents/Developer/Toolchains/XcodeDefault.xctoolchain/usr/bin/clang-stat-cache /Applications/Xcode.app/Contents/Developer/Platforms/WatchSimulator.platform/Developer/SDKs/WatchSimulator26.2.sdk -o /Users/borisserzhanovich/Library/Developer/Xcode/DerivedData/SDKStatCaches.noindex/watchsimulator26.2-23S303-963ebdd26732d23a23bcca82c2045e26.sdkstatcache

ProcessProductPackaging /Users/borisserzhanovich/projects/Workout/WorkoutTracker\ copy/WorkoutTrackerWatch\ Watch\ App.entitlements /Users/borisserzhanovich/Library/Developer/Xcode/DerivedData/WorkoutTracker-gugjzwqwyjqwbtaovaznehevomif/Build/Intermediates.noindex/WorkoutTracker.build/Debug-watchsimulator/WorkoutTrackerWatch\ Watch\ App.build/WorkoutTrackerWatch\ Watch\ App.app.xcent (in target 'WorkoutTrackerWatch Watch App' from project 'WorkoutTracker')
    cd /Users/borisserzhanovich/projects/Workout/WorkoutTracker\ copy
    
    Entitlements:
    
    {
}
    
    builtin-productPackagingUtility /Users/borisserzhanovich/projects/Workout/WorkoutTracker\ copy/WorkoutTrackerWatch\ Watch\ App.entitlements -entitlements -format xml -o /Users/borisserzhanovich/Library/Developer/Xcode/DerivedData/WorkoutTracker-gugjzwqwyjqwbtaovaznehevomif/Build/Intermediates.noindex/WorkoutTracker.build/Debug-watchsimulator/WorkoutTrackerWatch\ Watch\ App.build/WorkoutTrackerWatch\ Watch\ App.app.xcent

ProcessProductPackaging /Users/borisserzhanovich/projects/Workout/WorkoutTracker\ copy/StatsWidgetExtension.entitlements /Users/borisserzhanovich/Library/Developer/Xcode/DerivedData/WorkoutTracker-gugjzwqwyjqwbtaovaznehevomif/Build/Intermediates.noindex/WorkoutTracker.build/Debug-iphonesimulator/StatsWidgetExtension.build/StatsWidgetExtension.appex.xcent (in target 'StatsWidgetExtension' from project 'WorkoutTracker')
    cd /Users/borisserzhanovich/projects/Workout/WorkoutTracker\ copy
    
    Entitlements:
    
    {
}
    
    builtin-productPackagingUtility /Users/borisserzhanovich/projects/Workout/WorkoutTracker\ copy/StatsWidgetExtension.entitlements -entitlements -format xml -o /Users/borisserzhanovich/Library/Developer/Xcode/DerivedData/WorkoutTracker-gugjzwqwyjqwbtaovaznehevomif/Build/Intermediates.noindex/WorkoutTracker.build/Debug-iphonesimulator/StatsWidgetExtension.build/StatsWidgetExtension.appex.xcent

ProcessInfoPlistFile /Users/borisserzhanovich/Library/Developer/Xcode/DerivedData/WorkoutTracker-gugjzwqwyjqwbtaovaznehevomif/Build/Products/Debug-iphonesimulator/nanopb_nanopb.bundle/Info.plist /Users/borisserzhanovich/Library/Developer/Xcode/DerivedData/WorkoutTracker-gugjzwqwyjqwbtaovaznehevomif/Build/Intermediates.noindex/nanopb.build/Debug-iphonesimulator/nanopb_nanopb.build/empty-nanopb_nanopb.plist (in target 'nanopb_nanopb' from project 'nanopb')
    cd /Users/borisserzhanovich/Library/Developer/Xcode/DerivedData/WorkoutTracker-gugjzwqwyjqwbtaovaznehevomif/SourcePackages/checkouts/nanopb
    builtin-infoPlistUtility /Users/borisserzhanovich/Library/Developer/Xcode/DerivedData/WorkoutTracker-gugjzwqwyjqwbtaovaznehevomif/Build/Intermediates.noindex/nanopb.build/Debug-iphonesimulator/nanopb_nanopb.build/empty-nanopb_nanopb.plist -producttype com.apple.product-type.bundle -expandbuildsettings -format binary -platform iphonesimulator -o /Users/borisserzhanovich/Library/Developer/Xcode/DerivedData/WorkoutTracker-gugjzwqwyjqwbtaovaznehevomif/Build/Products/Debug-iphonesimulator/nanopb_nanopb.bundle/Info.plist

ProcessInfoPlistFile /Users/borisserzhanovich/Library/Developer/Xcode/DerivedData/WorkoutTracker-gugjzwqwyjqwbtaovaznehevomif/Build/Products/Debug-iphonesimulator/abseil_abslWrapper.bundle/Info.plist /Users/borisserzhanovich/Library/Developer/Xcode/DerivedData/WorkoutTracker-gugjzwqwyjqwbtaovaznehevomif/Build/Intermediates.noindex/abseil.build/Debug-iphonesimulator/abseil_abslWrapper.build/empty-abseil_abslWrapper.plist (in target 'abseil_abslWrapper' from project 'abseil')
    cd /Users/borisserzhanovich/Library/Developer/Xcode/DerivedData/WorkoutTracker-gugjzwqwyjqwbtaovaznehevomif/SourcePackages/checkouts/abseil-cpp-binary
    builtin-infoPlistUtility /Users/borisserzhanovich/Library/Developer/Xcode/DerivedData/WorkoutTracker-gugjzwqwyjqwbtaovaznehevomif/Build/Intermediates.noindex/abseil.build/Debug-iphonesimulator/abseil_abslWrapper.build/empty-abseil_abslWrapper.plist -producttype com.apple.product-type.bundle -expandbuildsettings -format binary -platform iphonesimulator -o /Users/borisserzhanovich/Library/Developer/Xcode/DerivedData/WorkoutTracker-gugjzwqwyjqwbtaovaznehevomif/Build/Products/Debug-iphonesimulator/abseil_abslWrapper.bundle/Info.plist

ProcessInfoPlistFile /Users/borisserzhanovich/Library/Developer/Xcode/DerivedData/WorkoutTracker-gugjzwqwyjqwbtaovaznehevomif/Build/Products/Debug-iphonesimulator/leveldb_leveldb.bundle/Info.plist /Users/borisserzhanovich/Library/Developer/Xcode/DerivedData/WorkoutTracker-gugjzwqwyjqwbtaovaznehevomif/Build/Intermediates.noindex/leveldb.build/Debug-iphonesimulator/leveldb_leveldb.build/empty-leveldb_leveldb.plist (in target 'leveldb_leveldb' from project 'leveldb')
    cd /Users/borisserzhanovich/Library/Developer/Xcode/DerivedData/WorkoutTracker-gugjzwqwyjqwbtaovaznehevomif/SourcePackages/checkouts/leveldb
    builtin-infoPlistUtility /Users/borisserzhanovich/Library/Developer/Xcode/DerivedData/WorkoutTracker-gugjzwqwyjqwbtaovaznehevomif/Build/Intermediates.noindex/leveldb.build/Debug-iphonesimulator/leveldb_leveldb.build/empty-leveldb_leveldb.plist -producttype com.apple.product-type.bundle -expandbuildsettings -format binary -platform iphonesimulator -o /Users/borisserzhanovich/Library/Developer/Xcode/DerivedData/WorkoutTracker-gugjzwqwyjqwbtaovaznehevomif/Build/Products/Debug-iphonesimulator/leveldb_leveldb.bundle/Info.plist

ProcessInfoPlistFile /Users/borisserzhanovich/Library/Developer/Xcode/DerivedData/WorkoutTracker-gugjzwqwyjqwbtaovaznehevomif/Build/Products/Debug-iphonesimulator/Promises_FBLPromises.bundle/Info.plist /Users/borisserzhanovich/Library/Developer/Xcode/DerivedData/WorkoutTracker-gugjzwqwyjqwbtaovaznehevomif/Build/Intermediates.noindex/Promises.build/Debug-iphonesimulator/Promises_FBLPromises.build/empty-Promises_FBLPromises.plist (in target 'Promises_FBLPromises' from project 'Promises')
    cd /Users/borisserzhanovich/Library/Developer/Xcode/DerivedData/WorkoutTracker-gugjzwqwyjqwbtaovaznehevomif/SourcePackages/checkouts/promises
    builtin-infoPlistUtility /Users/borisserzhanovich/Library/Developer/Xcode/DerivedData/WorkoutTracker-gugjzwqwyjqwbtaovaznehevomif/Build/Intermediates.noindex/Promises.build/Debug-iphonesimulator/Promises_FBLPromises.build/empty-Promises_FBLPromises.plist -producttype com.apple.product-type.bundle -expandbuildsettings -format binary -platform iphonesimulator -o /Users/borisserzhanovich/Library/Developer/Xcode/DerivedData/WorkoutTracker-gugjzwqwyjqwbtaovaznehevomif/Build/Products/Debug-iphonesimulator/Promises_FBLPromises.bundle/Info.plist

ProcessInfoPlistFile /Users/borisserzhanovich/Library/Developer/Xcode/DerivedData/WorkoutTracker-gugjzwqwyjqwbtaovaznehevomif/Build/Products/Debug-iphonesimulator/Promises_Promises.bundle/Info.plist /Users/borisserzhanovich/Library/Developer/Xcode/DerivedData/WorkoutTracker-gugjzwqwyjqwbtaovaznehevomif/Build/Intermediates.noindex/Promises.build/Debug-iphonesimulator/Promises_Promises.build/empty-Promises_Promises.plist (in target 'Promises_Promises' from project 'Promises')
    cd /Users/borisserzhanovich/Library/Developer/Xcode/DerivedData/WorkoutTracker-gugjzwqwyjqwbtaovaznehevomif/SourcePackages/checkouts/promises
    builtin-infoPlistUtility /Users/borisserzhanovich/Library/Developer/Xcode/DerivedData/WorkoutTracker-gugjzwqwyjqwbtaovaznehevomif/Build/Intermediates.noindex/Promises.build/Debug-iphonesimulator/Promises_Promises.build/empty-Promises_Promises.plist -producttype com.apple.product-type.bundle -expandbuildsettings -format binary -platform iphonesimulator -o /Users/borisserzhanovich/Library/Developer/Xcode/DerivedData/WorkoutTracker-gugjzwqwyjqwbtaovaznehevomif/Build/Products/Debug-iphonesimulator/Promises_Promises.bundle/Info.plist

ProcessInfoPlistFile /Users/borisserzhanovich/Library/Developer/Xcode/DerivedData/WorkoutTracker-gugjzwqwyjqwbtaovaznehevomif/Build/Products/Debug-iphonesimulator/GoogleUtilities_GoogleUtilities-UserDefaults.bundle/Info.plist /Users/borisserzhanovich/Library/Developer/Xcode/DerivedData/WorkoutTracker-gugjzwqwyjqwbtaovaznehevomif/Build/Intermediates.noindex/GoogleUtilities.build/Debug-iphonesimulator/GoogleUtilities_GoogleUtilities-UserDefaults.build/empty-GoogleUtilities_GoogleUtilities-UserDefaults.plist (in target 'GoogleUtilities_GoogleUtilities-UserDefaults' from project 'GoogleUtilities')
    cd /Users/borisserzhanovich/Library/Developer/Xcode/DerivedData/WorkoutTracker-gugjzwqwyjqwbtaovaznehevomif/SourcePackages/checkouts/GoogleUtilities
    builtin-infoPlistUtility /Users/borisserzhanovich/Library/Developer/Xcode/DerivedData/WorkoutTracker-gugjzwqwyjqwbtaovaznehevomif/Build/Intermediates.noindex/GoogleUtilities.build/Debug-iphonesimulator/GoogleUtilities_GoogleUtilities-UserDefaults.build/empty-GoogleUtilities_GoogleUtilities-UserDefaults.plist -producttype com.apple.product-type.bundle -expandbuildsettings -format binary -platform iphonesimulator -o /Users/borisserzhanovich/Library/Developer/Xcode/DerivedData/WorkoutTracker-gugjzwqwyjqwbtaovaznehevomif/Build/Products/Debug-iphonesimulator/GoogleUtilities_GoogleUtilities-UserDefaults.bundle/Info.plist

ProcessInfoPlistFile /Users/borisserzhanovich/Library/Developer/Xcode/DerivedData/WorkoutTracker-gugjzwqwyjqwbtaovaznehevomif/Build/Products/Debug-iphonesimulator/GoogleUtilities_GoogleUtilities-MethodSwizzler.bundle/Info.plist /Users/borisserzhanovich/Library/Developer/Xcode/DerivedData/WorkoutTracker-gugjzwqwyjqwbtaovaznehevomif/Build/Intermediates.noindex/GoogleUtilities.build/Debug-iphonesimulator/GoogleUtilities_GoogleUtilities-MethodSwizzler.build/empty-GoogleUtilities_GoogleUtilities-MethodSwizzler.plist (in target 'GoogleUtilities_GoogleUtilities-MethodSwizzler' from project 'GoogleUtilities')
    cd /Users/borisserzhanovich/Library/Developer/Xcode/DerivedData/WorkoutTracker-gugjzwqwyjqwbtaovaznehevomif/SourcePackages/checkouts/GoogleUtilities
    builtin-infoPlistUtility /Users/borisserzhanovich/Library/Developer/Xcode/DerivedData/WorkoutTracker-gugjzwqwyjqwbtaovaznehevomif/Build/Intermediates.noindex/GoogleUtilities.build/Debug-iphonesimulator/GoogleUtilities_GoogleUtilities-MethodSwizzler.build/empty-GoogleUtilities_GoogleUtilities-MethodSwizzler.plist -producttype com.apple.product-type.bundle -expandbuildsettings -format binary -platform iphonesimulator -o /Users/borisserzhanovich/Library/Developer/Xcode/DerivedData/WorkoutTracker-gugjzwqwyjqwbtaovaznehevomif/Build/Products/Debug-iphonesimulator/GoogleUtilities_GoogleUtilities-MethodSwizzler.bundle/Info.plist

ProcessProductPackaging /Users/borisserzhanovich/projects/Workout/WorkoutTracker\ copy/WorkoutTrackerWatch\ Watch\ App.entitlements /Users/borisserzhanovich/Library/Developer/Xcode/DerivedData/WorkoutTracker-gugjzwqwyjqwbtaovaznehevomif/Build/Intermediates.noindex/WorkoutTracker.build/Debug-watchsimulator/WorkoutTrackerWatch\ Watch\ App.build/WorkoutTrackerWatch\ Watch\ App.app-Simulated.xcent (in target 'WorkoutTrackerWatch Watch App' from project 'WorkoutTracker')
    cd /Users/borisserzhanovich/projects/Workout/WorkoutTracker\ copy
    
    Entitlements:
    
    {
    "application-identifier" = "LSCCP92LMG.com.borisdev.WorkoutTracker.watchapp2026";
    "com.apple.developer.healthkit" = 1;
    "com.apple.developer.healthkit.background-delivery" = 1;
    "com.apple.security.application-groups" =     (
        "group.com.borisdev.WorkoutTracker"
    );
}
    
    builtin-productPackagingUtility /Users/borisserzhanovich/projects/Workout/WorkoutTracker\ copy/WorkoutTrackerWatch\ Watch\ App.entitlements -entitlements -format xml -o /Users/borisserzhanovich/Library/Developer/Xcode/DerivedData/WorkoutTracker-gugjzwqwyjqwbtaovaznehevomif/Build/Intermediates.noindex/WorkoutTracker.build/Debug-watchsimulator/WorkoutTrackerWatch\ Watch\ App.build/WorkoutTrackerWatch\ Watch\ App.app-Simulated.xcent

ProcessInfoPlistFile /Users/borisserzhanovich/Library/Developer/Xcode/DerivedData/WorkoutTracker-gugjzwqwyjqwbtaovaznehevomif/Build/Products/Debug-iphonesimulator/GoogleUtilities_GoogleUtilities-NSData.bundle/Info.plist /Users/borisserzhanovich/Library/Developer/Xcode/DerivedData/WorkoutTracker-gugjzwqwyjqwbtaovaznehevomif/Build/Intermediates.noindex/GoogleUtilities.build/Debug-iphonesimulator/GoogleUtilities_GoogleUtilities-NSData.build/empty-GoogleUtilities_GoogleUtilities-NSData.plist (in target 'GoogleUtilities_GoogleUtilities-NSData' from project 'GoogleUtilities')
    cd /Users/borisserzhanovich/Library/Developer/Xcode/DerivedData/WorkoutTracker-gugjzwqwyjqwbtaovaznehevomif/SourcePackages/checkouts/GoogleUtilities
    builtin-infoPlistUtility /Users/borisserzhanovich/Library/Developer/Xcode/DerivedData/WorkoutTracker-gugjzwqwyjqwbtaovaznehevomif/Build/Intermediates.noindex/GoogleUtilities.build/Debug-iphonesimulator/GoogleUtilities_GoogleUtilities-NSData.build/empty-GoogleUtilities_GoogleUtilities-NSData.plist -producttype com.apple.product-type.bundle -expandbuildsettings -format binary -platform iphonesimulator -o /Users/borisserzhanovich/Library/Developer/Xcode/DerivedData/WorkoutTracker-gugjzwqwyjqwbtaovaznehevomif/Build/Products/Debug-iphonesimulator/GoogleUtilities_GoogleUtilities-NSData.bundle/Info.plist

ProcessInfoPlistFile /Users/borisserzhanovich/Library/Developer/Xcode/DerivedData/WorkoutTracker-gugjzwqwyjqwbtaovaznehevomif/Build/Products/Debug-iphonesimulator/GoogleUtilities_GoogleUtilities-Network.bundle/Info.plist /Users/borisserzhanovich/Library/Developer/Xcode/DerivedData/WorkoutTracker-gugjzwqwyjqwbtaovaznehevomif/Build/Intermediates.noindex/GoogleUtilities.build/Debug-iphonesimulator/GoogleUtilities_GoogleUtilities-Network.build/empty-GoogleUtilities_GoogleUtilities-Network.plist (in target 'GoogleUtilities_GoogleUtilities-Network' from project 'GoogleUtilities')
    cd /Users/borisserzhanovich/Library/Developer/Xcode/DerivedData/WorkoutTracker-gugjzwqwyjqwbtaovaznehevomif/SourcePackages/checkouts/GoogleUtilities
    builtin-infoPlistUtility /Users/borisserzhanovich/Library/Developer/Xcode/DerivedData/WorkoutTracker-gugjzwqwyjqwbtaovaznehevomif/Build/Intermediates.noindex/GoogleUtilities.build/Debug-iphonesimulator/GoogleUtilities_GoogleUtilities-Network.build/empty-GoogleUtilities_GoogleUtilities-Network.plist -producttype com.apple.product-type.bundle -expandbuildsettings -format binary -platform iphonesimulator -o /Users/borisserzhanovich/Library/Developer/Xcode/DerivedData/WorkoutTracker-gugjzwqwyjqwbtaovaznehevomif/Build/Products/Debug-iphonesimulator/GoogleUtilities_GoogleUtilities-Network.bundle/Info.plist

Ld /Users/borisserzhanovich/Library/Developer/Xcode/DerivedData/WorkoutTracker-gugjzwqwyjqwbtaovaznehevomif/Build/Products/Debug-iphonesimulator/third-party-IsAppEncrypted.o normal (in target 'third-party-IsAppEncrypted' from project 'GoogleUtilities')
    cd /Users/borisserzhanovich/Library/Developer/Xcode/DerivedData/WorkoutTracker-gugjzwqwyjqwbtaovaznehevomif/SourcePackages/checkouts/GoogleUtilities
    /Applications/Xcode.app/Contents/Developer/Toolchains/XcodeDefault.xctoolchain/usr/bin/clang -Xlinker -reproducible -target arm64-apple-ios12.0-simulator -r -isysroot /Applications/Xcode.app/Contents/Developer/Platforms/iPhoneSimulator.platform/Developer/SDKs/iPhoneSimulator26.2.sdk -O0 -w -L/Users/borisserzhanovich/Library/Developer/Xcode/DerivedData/WorkoutTracker-gugjzwqwyjqwbtaovaznehevomif/Build/Intermediates.noindex/EagerLinkingTBDs/Debug-iphonesimulator -L/Users/borisserzhanovich/Library/Developer/Xcode/DerivedData/WorkoutTracker-gugjzwqwyjqwbtaovaznehevomif/Build/Products/Debug-iphonesimulator -L/Applications/Xcode.app/Contents/Developer/Platforms/iPhoneSimulator.platform/Developer/usr/lib -F/Users/borisserzhanovich/Library/Developer/Xcode/DerivedData/WorkoutTracker-gugjzwqwyjqwbtaovaznehevomif/Build/Intermediates.noindex/EagerLinkingTBDs/Debug-iphonesimulator -F/Users/borisserzhanovich/Library/Developer/Xcode/DerivedData/WorkoutTracker-gugjzwqwyjqwbtaovaznehevomif/Build/Products/Debug-iphonesimulator -iframework /Applications/Xcode.app/Contents/Developer/Platforms/iPhoneSimulator.platform/Developer/Library/Frameworks -iframework /Applications/Xcode.app/Contents/Developer/Platforms/iPhoneSimulator.platform/Developer/SDKs/iPhoneSimulator26.2.sdk/Developer/Library/Frameworks -filelist /Users/borisserzhanovich/Library/Developer/Xcode/DerivedData/WorkoutTracker-gugjzwqwyjqwbtaovaznehevomif/Build/Intermediates.noindex/GoogleUtilities.build/Debug-iphonesimulator/third-party-IsAppEncrypted.build/Objects-normal/arm64/third-party-IsAppEncrypted.LinkFileList -nostdlib -Xlinker -object_path_lto -Xlinker /Users/borisserzhanovich/Library/Developer/Xcode/DerivedData/WorkoutTracker-gugjzwqwyjqwbtaovaznehevomif/Build/Intermediates.noindex/GoogleUtilities.build/Debug-iphonesimulator/third-party-IsAppEncrypted.build/Objects-normal/arm64/third-party-IsAppEncrypted_lto.o -rdynamic -Xlinker -no_deduplicate -Xlinker -objc_abi_version -Xlinker 2 -Xlinker -dependency_info -Xlinker /Users/borisserzhanovich/Library/Developer/Xcode/DerivedData/WorkoutTracker-gugjzwqwyjqwbtaovaznehevomif/Build/Intermediates.noindex/GoogleUtilities.build/Debug-iphonesimulator/third-party-IsAppEncrypted.build/Objects-normal/arm64/third-party-IsAppEncrypted_dependency_info.dat -fobjc-arc -fobjc-link-runtime -o /Users/borisserzhanovich/Library/Developer/Xcode/DerivedData/WorkoutTracker-gugjzwqwyjqwbtaovaznehevomif/Build/Products/Debug-iphonesimulator/third-party-IsAppEncrypted.o

Ld /Users/borisserzhanovich/Library/Developer/Xcode/DerivedData/WorkoutTracker-gugjzwqwyjqwbtaovaznehevomif/Build/Products/Debug-iphonesimulator/RecaptchaInterop.o normal (in target 'RecaptchaInterop' from project 'InteropForGoogle')
    cd /Users/borisserzhanovich/Library/Developer/Xcode/DerivedData/WorkoutTracker-gugjzwqwyjqwbtaovaznehevomif/SourcePackages/checkouts/interop-ios-for-google-sdks
    /Applications/Xcode.app/Contents/Developer/Toolchains/XcodeDefault.xctoolchain/usr/bin/clang -Xlinker -reproducible -target arm64-apple-ios12.0-simulator -r -isysroot /Applications/Xcode.app/Contents/Developer/Platforms/iPhoneSimulator.platform/Developer/SDKs/iPhoneSimulator26.2.sdk -O0 -w -L/Users/borisserzhanovich/Library/Developer/Xcode/DerivedData/WorkoutTracker-gugjzwqwyjqwbtaovaznehevomif/Build/Intermediates.noindex/EagerLinkingTBDs/Debug-iphonesimulator -L/Users/borisserzhanovich/Library/Developer/Xcode/DerivedData/WorkoutTracker-gugjzwqwyjqwbtaovaznehevomif/Build/Products/Debug-iphonesimulator -L/Applications/Xcode.app/Contents/Developer/Platforms/iPhoneSimulator.platform/Developer/usr/lib -F/Users/borisserzhanovich/Library/Developer/Xcode/DerivedData/WorkoutTracker-gugjzwqwyjqwbtaovaznehevomif/Build/Intermediates.noindex/EagerLinkingTBDs/Debug-iphonesimulator -F/Users/borisserzhanovich/Library/Developer/Xcode/DerivedData/WorkoutTracker-gugjzwqwyjqwbtaovaznehevomif/Build/Products/Debug-iphonesimulator -iframework /Applications/Xcode.app/Contents/Developer/Platforms/iPhoneSimulator.platform/Developer/Library/Frameworks -iframework /Applications/Xcode.app/Contents/Developer/Platforms/iPhoneSimulator.platform/Developer/SDKs/iPhoneSimulator26.2.sdk/Developer/Library/Frameworks -filelist /Users/borisserzhanovich/Library/Developer/Xcode/DerivedData/WorkoutTracker-gugjzwqwyjqwbtaovaznehevomif/Build/Intermediates.noindex/InteropForGoogle.build/Debug-iphonesimulator/RecaptchaInterop.build/Objects-normal/arm64/RecaptchaInterop.LinkFileList -nostdlib -Xlinker -object_path_lto -Xlinker /Users/borisserzhanovich/Library/Developer/Xcode/DerivedData/WorkoutTracker-gugjzwqwyjqwbtaovaznehevomif/Build/Intermediates.noindex/InteropForGoogle.build/Debug-iphonesimulator/RecaptchaInterop.build/Objects-normal/arm64/RecaptchaInterop_lto.o -rdynamic -Xlinker -no_deduplicate -Xlinker -objc_abi_version -Xlinker 2 -Xlinker -dependency_info -Xlinker /Users/borisserzhanovich/Library/Developer/Xcode/DerivedData/WorkoutTracker-gugjzwqwyjqwbtaovaznehevomif/Build/Intermediates.noindex/InteropForGoogle.build/Debug-iphonesimulator/RecaptchaInterop.build/Objects-normal/arm64/RecaptchaInterop_dependency_info.dat -fobjc-arc -fobjc-link-runtime -o /Users/borisserzhanovich/Library/Developer/Xcode/DerivedData/WorkoutTracker-gugjzwqwyjqwbtaovaznehevomif/Build/Products/Debug-iphonesimulator/RecaptchaInterop.o

Ld /Users/borisserzhanovich/Library/Developer/Xcode/DerivedData/WorkoutTracker-gugjzwqwyjqwbtaovaznehevomif/Build/Products/Debug-iphonesimulator/FirebaseSharedSwift.o normal (in target 'FirebaseSharedSwift' from project 'Firebase')
    cd /Users/borisserzhanovich/Library/Developer/Xcode/DerivedData/WorkoutTracker-gugjzwqwyjqwbtaovaznehevomif/SourcePackages/checkouts/firebase-ios-sdk
    /Applications/Xcode.app/Contents/Developer/Toolchains/XcodeDefault.xctoolchain/usr/bin/clang -Xlinker -reproducible -target arm64-apple-ios15.0-simulator -r -isysroot /Applications/Xcode.app/Contents/Developer/Platforms/iPhoneSimulator.platform/Developer/SDKs/iPhoneSimulator26.2.sdk -O0 -w -L/Users/borisserzhanovich/Library/Developer/Xcode/DerivedData/WorkoutTracker-gugjzwqwyjqwbtaovaznehevomif/Build/Intermediates.noindex/EagerLinkingTBDs/Debug-iphonesimulator -L/Users/borisserzhanovich/Library/Developer/Xcode/DerivedData/WorkoutTracker-gugjzwqwyjqwbtaovaznehevomif/Build/Products/Debug-iphonesimulator -L/Applications/Xcode.app/Contents/Developer/Platforms/iPhoneSimulator.platform/Developer/usr/lib -F/Users/borisserzhanovich/Library/Developer/Xcode/DerivedData/WorkoutTracker-gugjzwqwyjqwbtaovaznehevomif/Build/Intermediates.noindex/EagerLinkingTBDs/Debug-iphonesimulator -F/Users/borisserzhanovich/Library/Developer/Xcode/DerivedData/WorkoutTracker-gugjzwqwyjqwbtaovaznehevomif/Build/Products/Debug-iphonesimulator -iframework /Applications/Xcode.app/Contents/Developer/Platforms/iPhoneSimulator.platform/Developer/Library/Frameworks -iframework /Applications/Xcode.app/Contents/Developer/Platforms/iPhoneSimulator.platform/Developer/SDKs/iPhoneSimulator26.2.sdk/Developer/Library/Frameworks -filelist /Users/borisserzhanovich/Library/Developer/Xcode/DerivedData/WorkoutTracker-gugjzwqwyjqwbtaovaznehevomif/Build/Intermediates.noindex/Firebase.build/Debug-iphonesimulator/FirebaseSharedSwift.build/Objects-normal/arm64/FirebaseSharedSwift.LinkFileList -nostdlib -Xlinker -object_path_lto -Xlinker /Users/borisserzhanovich/Library/Developer/Xcode/DerivedData/WorkoutTracker-gugjzwqwyjqwbtaovaznehevomif/Build/Intermediates.noindex/Firebase.build/Debug-iphonesimulator/FirebaseSharedSwift.build/Objects-normal/arm64/FirebaseSharedSwift_lto.o -rdynamic -Xlinker -no_deduplicate -Xlinker -objc_abi_version -Xlinker 2 -Xlinker -dependency_info -Xlinker /Users/borisserzhanovich/Library/Developer/Xcode/DerivedData/WorkoutTracker-gugjzwqwyjqwbtaovaznehevomif/Build/Intermediates.noindex/Firebase.build/Debug-iphonesimulator/FirebaseSharedSwift.build/Objects-normal/arm64/FirebaseSharedSwift_dependency_info.dat -fobjc-link-runtime -L/Applications/Xcode.app/Contents/Developer/Toolchains/XcodeDefault.xctoolchain/usr/lib/swift/iphonesimulator -L/usr/lib/swift -Xlinker -add_ast_path -Xlinker /Users/borisserzhanovich/Library/Developer/Xcode/DerivedData/WorkoutTracker-gugjzwqwyjqwbtaovaznehevomif/Build/Intermediates.noindex/Firebase.build/Debug-iphonesimulator/FirebaseSharedSwift.build/Objects-normal/arm64/FirebaseSharedSwift.swiftmodule @/Users/borisserzhanovich/Library/Developer/Xcode/DerivedData/WorkoutTracker-gugjzwqwyjqwbtaovaznehevomif/Build/Intermediates.noindex/Firebase.build/Debug-iphonesimulator/FirebaseSharedSwift.build/Objects-normal/arm64/FirebaseSharedSwift-linker-args.resp -o /Users/borisserzhanovich/Library/Developer/Xcode/DerivedData/WorkoutTracker-gugjzwqwyjqwbtaovaznehevomif/Build/Products/Debug-iphonesimulator/FirebaseSharedSwift.o

Ld /Users/borisserzhanovich/Library/Developer/Xcode/DerivedData/WorkoutTracker-gugjzwqwyjqwbtaovaznehevomif/Build/Products/Debug-iphonesimulator/abslWrapper.o normal (in target 'abslWrapper' from project 'abseil')
    cd /Users/borisserzhanovich/Library/Developer/Xcode/DerivedData/WorkoutTracker-gugjzwqwyjqwbtaovaznehevomif/SourcePackages/checkouts/abseil-cpp-binary
    /Applications/Xcode.app/Contents/Developer/Toolchains/XcodeDefault.xctoolchain/usr/bin/clang -Xlinker -reproducible -target arm64-apple-ios12.0-simulator -r -isysroot /Applications/Xcode.app/Contents/Developer/Platforms/iPhoneSimulator.platform/Developer/SDKs/iPhoneSimulator26.2.sdk -O0 -w -L/Users/borisserzhanovich/Library/Developer/Xcode/DerivedData/WorkoutTracker-gugjzwqwyjqwbtaovaznehevomif/Build/Intermediates.noindex/EagerLinkingTBDs/Debug-iphonesimulator -L/Users/borisserzhanovich/Library/Developer/Xcode/DerivedData/WorkoutTracker-gugjzwqwyjqwbtaovaznehevomif/Build/Products/Debug-iphonesimulator -L/Applications/Xcode.app/Contents/Developer/Platforms/iPhoneSimulator.platform/Developer/usr/lib -F/Users/borisserzhanovich/Library/Developer/Xcode/DerivedData/WorkoutTracker-gugjzwqwyjqwbtaovaznehevomif/Build/Intermediates.noindex/EagerLinkingTBDs/Debug-iphonesimulator -F/Users/borisserzhanovich/Library/Developer/Xcode/DerivedData/WorkoutTracker-gugjzwqwyjqwbtaovaznehevomif/Build/Products/Debug-iphonesimulator -iframework /Applications/Xcode.app/Contents/Developer/Platforms/iPhoneSimulator.platform/Developer/Library/Frameworks -iframework /Applications/Xcode.app/Contents/Developer/Platforms/iPhoneSimulator.platform/Developer/SDKs/iPhoneSimulator26.2.sdk/Developer/Library/Frameworks -filelist /Users/borisserzhanovich/Library/Developer/Xcode/DerivedData/WorkoutTracker-gugjzwqwyjqwbtaovaznehevomif/Build/Intermediates.noindex/abseil.build/Debug-iphonesimulator/abslWrapper.build/Objects-normal/arm64/abslWrapper.LinkFileList -nostdlib -Xlinker -object_path_lto -Xlinker /Users/borisserzhanovich/Library/Developer/Xcode/DerivedData/WorkoutTracker-gugjzwqwyjqwbtaovaznehevomif/Build/Intermediates.noindex/abseil.build/Debug-iphonesimulator/abslWrapper.build/Objects-normal/arm64/abslWrapper_lto.o -rdynamic -Xlinker -no_deduplicate -Xlinker -objc_abi_version -Xlinker 2 -Xlinker -dependency_info -Xlinker /Users/borisserzhanovich/Library/Developer/Xcode/DerivedData/WorkoutTracker-gugjzwqwyjqwbtaovaznehevomif/Build/Intermediates.noindex/abseil.build/Debug-iphonesimulator/abslWrapper.build/Objects-normal/arm64/abslWrapper_dependency_info.dat -fobjc-arc -fobjc-link-runtime -o /Users/borisserzhanovich/Library/Developer/Xcode/DerivedData/WorkoutTracker-gugjzwqwyjqwbtaovaznehevomif/Build/Products/Debug-iphonesimulator/abslWrapper.o

Ld /Users/borisserzhanovich/Library/Developer/Xcode/DerivedData/WorkoutTracker-gugjzwqwyjqwbtaovaznehevomif/Build/Products/Debug-iphonesimulator/FirebaseRemoteConfigInterop.o normal (in target 'FirebaseRemoteConfigInterop' from project 'Firebase')
    cd /Users/borisserzhanovich/Library/Developer/Xcode/DerivedData/WorkoutTracker-gugjzwqwyjqwbtaovaznehevomif/SourcePackages/checkouts/firebase-ios-sdk
    /Applications/Xcode.app/Contents/Developer/Toolchains/XcodeDefault.xctoolchain/usr/bin/clang -Xlinker -reproducible -target arm64-apple-ios15.0-simulator -r -isysroot /Applications/Xcode.app/Contents/Developer/Platforms/iPhoneSimulator.platform/Developer/SDKs/iPhoneSimulator26.2.sdk -O0 -w -L/Users/borisserzhanovich/Library/Developer/Xcode/DerivedData/WorkoutTracker-gugjzwqwyjqwbtaovaznehevomif/Build/Intermediates.noindex/EagerLinkingTBDs/Debug-iphonesimulator -L/Users/borisserzhanovich/Library/Developer/Xcode/DerivedData/WorkoutTracker-gugjzwqwyjqwbtaovaznehevomif/Build/Products/Debug-iphonesimulator -L/Applications/Xcode.app/Contents/Developer/Platforms/iPhoneSimulator.platform/Developer/usr/lib -F/Users/borisserzhanovich/Library/Developer/Xcode/DerivedData/WorkoutTracker-gugjzwqwyjqwbtaovaznehevomif/Build/Intermediates.noindex/EagerLinkingTBDs/Debug-iphonesimulator -F/Users/borisserzhanovich/Library/Developer/Xcode/DerivedData/WorkoutTracker-gugjzwqwyjqwbtaovaznehevomif/Build/Products/Debug-iphonesimulator -iframework /Applications/Xcode.app/Contents/Developer/Platforms/iPhoneSimulator.platform/Developer/Library/Frameworks -iframework /Applications/Xcode.app/Contents/Developer/Platforms/iPhoneSimulator.platform/Developer/SDKs/iPhoneSimulator26.2.sdk/Developer/Library/Frameworks -filelist /Users/borisserzhanovich/Library/Developer/Xcode/DerivedData/WorkoutTracker-gugjzwqwyjqwbtaovaznehevomif/Build/Intermediates.noindex/Firebase.build/Debug-iphonesimulator/FirebaseRemoteConfigInterop.build/Objects-normal/arm64/FirebaseRemoteConfigInterop.LinkFileList -nostdlib -Xlinker -object_path_lto -Xlinker /Users/borisserzhanovich/Library/Developer/Xcode/DerivedData/WorkoutTracker-gugjzwqwyjqwbtaovaznehevomif/Build/Intermediates.noindex/Firebase.build/Debug-iphonesimulator/FirebaseRemoteConfigInterop.build/Objects-normal/arm64/FirebaseRemoteConfigInterop_lto.o -rdynamic -Xlinker -no_deduplicate -Xlinker -objc_abi_version -Xlinker 2 -Xlinker -dependency_info -Xlinker /Users/borisserzhanovich/Library/Developer/Xcode/DerivedData/WorkoutTracker-gugjzwqwyjqwbtaovaznehevomif/Build/Intermediates.noindex/Firebase.build/Debug-iphonesimulator/FirebaseRemoteConfigInterop.build/Objects-normal/arm64/FirebaseRemoteConfigInterop_dependency_info.dat -fobjc-link-runtime -L/Applications/Xcode.app/Contents/Developer/Toolchains/XcodeDefault.xctoolchain/usr/lib/swift/iphonesimulator -L/usr/lib/swift -Xlinker -add_ast_path -Xlinker /Users/borisserzhanovich/Library/Developer/Xcode/DerivedData/WorkoutTracker-gugjzwqwyjqwbtaovaznehevomif/Build/Intermediates.noindex/Firebase.build/Debug-iphonesimulator/FirebaseRemoteConfigInterop.build/Objects-normal/arm64/FirebaseRemoteConfigInterop.swiftmodule @/Users/borisserzhanovich/Library/Developer/Xcode/DerivedData/WorkoutTracker-gugjzwqwyjqwbtaovaznehevomif/Build/Intermediates.noindex/Firebase.build/Debug-iphonesimulator/FirebaseRemoteConfigInterop.build/Objects-normal/arm64/FirebaseRemoteConfigInterop-linker-args.resp -o /Users/borisserzhanovich/Library/Developer/Xcode/DerivedData/WorkoutTracker-gugjzwqwyjqwbtaovaznehevomif/Build/Products/Debug-iphonesimulator/FirebaseRemoteConfigInterop.o

Ld /Users/borisserzhanovich/Library/Developer/Xcode/DerivedData/WorkoutTracker-gugjzwqwyjqwbtaovaznehevomif/Build/Products/Debug-iphonesimulator/FirebaseMessagingInterop.o normal (in target 'FirebaseMessagingInterop' from project 'Firebase')
    cd /Users/borisserzhanovich/Library/Developer/Xcode/DerivedData/WorkoutTracker-gugjzwqwyjqwbtaovaznehevomif/SourcePackages/checkouts/firebase-ios-sdk
    /Applications/Xcode.app/Contents/Developer/Toolchains/XcodeDefault.xctoolchain/usr/bin/clang -Xlinker -reproducible -target arm64-apple-ios15.0-simulator -r -isysroot /Applications/Xcode.app/Contents/Developer/Platforms/iPhoneSimulator.platform/Developer/SDKs/iPhoneSimulator26.2.sdk -O0 -w -L/Users/borisserzhanovich/Library/Developer/Xcode/DerivedData/WorkoutTracker-gugjzwqwyjqwbtaovaznehevomif/Build/Intermediates.noindex/EagerLinkingTBDs/Debug-iphonesimulator -L/Users/borisserzhanovich/Library/Developer/Xcode/DerivedData/WorkoutTracker-gugjzwqwyjqwbtaovaznehevomif/Build/Products/Debug-iphonesimulator -L/Applications/Xcode.app/Contents/Developer/Platforms/iPhoneSimulator.platform/Developer/usr/lib -F/Users/borisserzhanovich/Library/Developer/Xcode/DerivedData/WorkoutTracker-gugjzwqwyjqwbtaovaznehevomif/Build/Intermediates.noindex/EagerLinkingTBDs/Debug-iphonesimulator -F/Users/borisserzhanovich/Library/Developer/Xcode/DerivedData/WorkoutTracker-gugjzwqwyjqwbtaovaznehevomif/Build/Products/Debug-iphonesimulator -iframework /Applications/Xcode.app/Contents/Developer/Platforms/iPhoneSimulator.platform/Developer/Library/Frameworks -iframework /Applications/Xcode.app/Contents/Developer/Platforms/iPhoneSimulator.platform/Developer/SDKs/iPhoneSimulator26.2.sdk/Developer/Library/Frameworks -filelist /Users/borisserzhanovich/Library/Developer/Xcode/DerivedData/WorkoutTracker-gugjzwqwyjqwbtaovaznehevomif/Build/Intermediates.noindex/Firebase.build/Debug-iphonesimulator/FirebaseMessagingInterop.build/Objects-normal/arm64/FirebaseMessagingInterop.LinkFileList -nostdlib -Xlinker -object_path_lto -Xlinker /Users/borisserzhanovich/Library/Developer/Xcode/DerivedData/WorkoutTracker-gugjzwqwyjqwbtaovaznehevomif/Build/Intermediates.noindex/Firebase.build/Debug-iphonesimulator/FirebaseMessagingInterop.build/Objects-normal/arm64/FirebaseMessagingInterop_lto.o -rdynamic -Xlinker -no_deduplicate -Xlinker -objc_abi_version -Xlinker 2 -Xlinker -dependency_info -Xlinker /Users/borisserzhanovich/Library/Developer/Xcode/DerivedData/WorkoutTracker-gugjzwqwyjqwbtaovaznehevomif/Build/Intermediates.noindex/Firebase.build/Debug-iphonesimulator/FirebaseMessagingInterop.build/Objects-normal/arm64/FirebaseMessagingInterop_dependency_info.dat -fobjc-arc -fobjc-link-runtime -o /Users/borisserzhanovich/Library/Developer/Xcode/DerivedData/WorkoutTracker-gugjzwqwyjqwbtaovaznehevomif/Build/Products/Debug-iphonesimulator/FirebaseMessagingInterop.o

Ld /Users/borisserzhanovich/Library/Developer/Xcode/DerivedData/WorkoutTracker-gugjzwqwyjqwbtaovaznehevomif/Build/Products/Debug-iphonesimulator/FirebaseFirestoreInternalWrapper.o normal (in target 'FirebaseFirestoreInternalWrapper' from project 'Firebase')
    cd /Users/borisserzhanovich/Library/Developer/Xcode/DerivedData/WorkoutTracker-gugjzwqwyjqwbtaovaznehevomif/SourcePackages/checkouts/firebase-ios-sdk
    /Applications/Xcode.app/Contents/Developer/Toolchains/XcodeDefault.xctoolchain/usr/bin/clang -Xlinker -reproducible -target arm64-apple-ios15.0-simulator -r -isysroot /Applications/Xcode.app/Contents/Developer/Platforms/iPhoneSimulator.platform/Developer/SDKs/iPhoneSimulator26.2.sdk -O0 -w -L/Users/borisserzhanovich/Library/Developer/Xcode/DerivedData/WorkoutTracker-gugjzwqwyjqwbtaovaznehevomif/Build/Intermediates.noindex/EagerLinkingTBDs/Debug-iphonesimulator -L/Users/borisserzhanovich/Library/Developer/Xcode/DerivedData/WorkoutTracker-gugjzwqwyjqwbtaovaznehevomif/Build/Products/Debug-iphonesimulator -L/Applications/Xcode.app/Contents/Developer/Platforms/iPhoneSimulator.platform/Developer/usr/lib -F/Users/borisserzhanovich/Library/Developer/Xcode/DerivedData/WorkoutTracker-gugjzwqwyjqwbtaovaznehevomif/Build/Intermediates.noindex/EagerLinkingTBDs/Debug-iphonesimulator -F/Users/borisserzhanovich/Library/Developer/Xcode/DerivedData/WorkoutTracker-gugjzwqwyjqwbtaovaznehevomif/Build/Products/Debug-iphonesimulator -iframework /Applications/Xcode.app/Contents/Developer/Platforms/iPhoneSimulator.platform/Developer/Library/Frameworks -iframework /Applications/Xcode.app/Contents/Developer/Platforms/iPhoneSimulator.platform/Developer/SDKs/iPhoneSimulator26.2.sdk/Developer/Library/Frameworks -filelist /Users/borisserzhanovich/Library/Developer/Xcode/DerivedData/WorkoutTracker-gugjzwqwyjqwbtaovaznehevomif/Build/Intermediates.noindex/Firebase.build/Debug-iphonesimulator/FirebaseFirestoreInternalWrapper.build/Objects-normal/arm64/FirebaseFirestoreInternalWrapper.LinkFileList -nostdlib -Xlinker -object_path_lto -Xlinker /Users/borisserzhanovich/Library/Developer/Xcode/DerivedData/WorkoutTracker-gugjzwqwyjqwbtaovaznehevomif/Build/Intermediates.noindex/Firebase.build/Debug-iphonesimulator/FirebaseFirestoreInternalWrapper.build/Objects-normal/arm64/FirebaseFirestoreInternalWrapper_lto.o -rdynamic -Xlinker -no_deduplicate -Xlinker -objc_abi_version -Xlinker 2 -Xlinker -dependency_info -Xlinker /Users/borisserzhanovich/Library/Developer/Xcode/DerivedData/WorkoutTracker-gugjzwqwyjqwbtaovaznehevomif/Build/Intermediates.noindex/Firebase.build/Debug-iphonesimulator/FirebaseFirestoreInternalWrapper.build/Objects-normal/arm64/FirebaseFirestoreInternalWrapper_dependency_info.dat -fobjc-arc -fobjc-link-runtime -o /Users/borisserzhanovich/Library/Developer/Xcode/DerivedData/WorkoutTracker-gugjzwqwyjqwbtaovaznehevomif/Build/Products/Debug-iphonesimulator/FirebaseFirestoreInternalWrapper.o

Ld /Users/borisserzhanovich/Library/Developer/Xcode/DerivedData/WorkoutTracker-gugjzwqwyjqwbtaovaznehevomif/Build/Products/Debug-iphonesimulator/FirebaseAuthInterop.o normal (in target 'FirebaseAuthInterop' from project 'Firebase')
    cd /Users/borisserzhanovich/Library/Developer/Xcode/DerivedData/WorkoutTracker-gugjzwqwyjqwbtaovaznehevomif/SourcePackages/checkouts/firebase-ios-sdk
    /Applications/Xcode.app/Contents/Developer/Toolchains/XcodeDefault.xctoolchain/usr/bin/clang -Xlinker -reproducible -target arm64-apple-ios15.0-simulator -r -isysroot /Applications/Xcode.app/Contents/Developer/Platforms/iPhoneSimulator.platform/Developer/SDKs/iPhoneSimulator26.2.sdk -O0 -w -L/Users/borisserzhanovich/Library/Developer/Xcode/DerivedData/WorkoutTracker-gugjzwqwyjqwbtaovaznehevomif/Build/Intermediates.noindex/EagerLinkingTBDs/Debug-iphonesimulator -L/Users/borisserzhanovich/Library/Developer/Xcode/DerivedData/WorkoutTracker-gugjzwqwyjqwbtaovaznehevomif/Build/Products/Debug-iphonesimulator -L/Applications/Xcode.app/Contents/Developer/Platforms/iPhoneSimulator.platform/Developer/usr/lib -F/Users/borisserzhanovich/Library/Developer/Xcode/DerivedData/WorkoutTracker-gugjzwqwyjqwbtaovaznehevomif/Build/Intermediates.noindex/EagerLinkingTBDs/Debug-iphonesimulator -F/Users/borisserzhanovich/Library/Developer/Xcode/DerivedData/WorkoutTracker-gugjzwqwyjqwbtaovaznehevomif/Build/Products/Debug-iphonesimulator -iframework /Applications/Xcode.app/Contents/Developer/Platforms/iPhoneSimulator.platform/Developer/Library/Frameworks -iframework /Applications/Xcode.app/Contents/Developer/Platforms/iPhoneSimulator.platform/Developer/SDKs/iPhoneSimulator26.2.sdk/Developer/Library/Frameworks -filelist /Users/borisserzhanovich/Library/Developer/Xcode/DerivedData/WorkoutTracker-gugjzwqwyjqwbtaovaznehevomif/Build/Intermediates.noindex/Firebase.build/Debug-iphonesimulator/FirebaseAuthInterop.build/Objects-normal/arm64/FirebaseAuthInterop.LinkFileList -nostdlib -Xlinker -object_path_lto -Xlinker /Users/borisserzhanovich/Library/Developer/Xcode/DerivedData/WorkoutTracker-gugjzwqwyjqwbtaovaznehevomif/Build/Intermediates.noindex/Firebase.build/Debug-iphonesimulator/FirebaseAuthInterop.build/Objects-normal/arm64/FirebaseAuthInterop_lto.o -rdynamic -Xlinker -no_deduplicate -Xlinker -objc_abi_version -Xlinker 2 -Xlinker -dependency_info -Xlinker /Users/borisserzhanovich/Library/Developer/Xcode/DerivedData/WorkoutTracker-gugjzwqwyjqwbtaovaznehevomif/Build/Intermediates.noindex/Firebase.build/Debug-iphonesimulator/FirebaseAuthInterop.build/Objects-normal/arm64/FirebaseAuthInterop_dependency_info.dat -fobjc-arc -fobjc-link-runtime -o /Users/borisserzhanovich/Library/Developer/Xcode/DerivedData/WorkoutTracker-gugjzwqwyjqwbtaovaznehevomif/Build/Products/Debug-iphonesimulator/FirebaseAuthInterop.o

Ld /Users/borisserzhanovich/Library/Developer/Xcode/DerivedData/WorkoutTracker-gugjzwqwyjqwbtaovaznehevomif/Build/Products/Debug-iphonesimulator/FirebaseAppCheckInterop.o normal (in target 'FirebaseAppCheckInterop' from project 'Firebase')
    cd /Users/borisserzhanovich/Library/Developer/Xcode/DerivedData/WorkoutTracker-gugjzwqwyjqwbtaovaznehevomif/SourcePackages/checkouts/firebase-ios-sdk
    /Applications/Xcode.app/Contents/Developer/Toolchains/XcodeDefault.xctoolchain/usr/bin/clang -Xlinker -reproducible -target arm64-apple-ios15.0-simulator -r -isysroot /Applications/Xcode.app/Contents/Developer/Platforms/iPhoneSimulator.platform/Developer/SDKs/iPhoneSimulator26.2.sdk -O0 -w -L/Users/borisserzhanovich/Library/Developer/Xcode/DerivedData/WorkoutTracker-gugjzwqwyjqwbtaovaznehevomif/Build/Intermediates.noindex/EagerLinkingTBDs/Debug-iphonesimulator -L/Users/borisserzhanovich/Library/Developer/Xcode/DerivedData/WorkoutTracker-gugjzwqwyjqwbtaovaznehevomif/Build/Products/Debug-iphonesimulator -L/Applications/Xcode.app/Contents/Developer/Platforms/iPhoneSimulator.platform/Developer/usr/lib -F/Users/borisserzhanovich/Library/Developer/Xcode/DerivedData/WorkoutTracker-gugjzwqwyjqwbtaovaznehevomif/Build/Intermediates.noindex/EagerLinkingTBDs/Debug-iphonesimulator -F/Users/borisserzhanovich/Library/Developer/Xcode/DerivedData/WorkoutTracker-gugjzwqwyjqwbtaovaznehevomif/Build/Products/Debug-iphonesimulator -iframework /Applications/Xcode.app/Contents/Developer/Platforms/iPhoneSimulator.platform/Developer/Library/Frameworks -iframework /Applications/Xcode.app/Contents/Developer/Platforms/iPhoneSimulator.platform/Developer/SDKs/iPhoneSimulator26.2.sdk/Developer/Library/Frameworks -filelist /Users/borisserzhanovich/Library/Developer/Xcode/DerivedData/WorkoutTracker-gugjzwqwyjqwbtaovaznehevomif/Build/Intermediates.noindex/Firebase.build/Debug-iphonesimulator/FirebaseAppCheckInterop.build/Objects-normal/arm64/FirebaseAppCheckInterop.LinkFileList -nostdlib -Xlinker -object_path_lto -Xlinker /Users/borisserzhanovich/Library/Developer/Xcode/DerivedData/WorkoutTracker-gugjzwqwyjqwbtaovaznehevomif/Build/Intermediates.noindex/Firebase.build/Debug-iphonesimulator/FirebaseAppCheckInterop.build/Objects-normal/arm64/FirebaseAppCheckInterop_lto.o -rdynamic -Xlinker -no_deduplicate -Xlinker -objc_abi_version -Xlinker 2 -Xlinker -dependency_info -Xlinker /Users/borisserzhanovich/Library/Developer/Xcode/DerivedData/WorkoutTracker-gugjzwqwyjqwbtaovaznehevomif/Build/Intermediates.noindex/Firebase.build/Debug-iphonesimulator/FirebaseAppCheckInterop.build/Objects-normal/arm64/FirebaseAppCheckInterop_dependency_info.dat -fobjc-arc -fobjc-link-runtime -o /Users/borisserzhanovich/Library/Developer/Xcode/DerivedData/WorkoutTracker-gugjzwqwyjqwbtaovaznehevomif/Build/Products/Debug-iphonesimulator/FirebaseAppCheckInterop.o

Ld /Users/borisserzhanovich/Library/Developer/Xcode/DerivedData/WorkoutTracker-gugjzwqwyjqwbtaovaznehevomif/Build/Products/Debug-iphonesimulator/Firebase.o normal (in target 'Firebase' from project 'Firebase')
    cd /Users/borisserzhanovich/Library/Developer/Xcode/DerivedData/WorkoutTracker-gugjzwqwyjqwbtaovaznehevomif/SourcePackages/checkouts/firebase-ios-sdk
    /Applications/Xcode.app/Contents/Developer/Toolchains/XcodeDefault.xctoolchain/usr/bin/clang -Xlinker -reproducible -target arm64-apple-ios15.0-simulator -r -isysroot /Applications/Xcode.app/Contents/Developer/Platforms/iPhoneSimulator.platform/Developer/SDKs/iPhoneSimulator26.2.sdk -O0 -w -L/Users/borisserzhanovich/Library/Developer/Xcode/DerivedData/WorkoutTracker-gugjzwqwyjqwbtaovaznehevomif/Build/Intermediates.noindex/EagerLinkingTBDs/Debug-iphonesimulator -L/Users/borisserzhanovich/Library/Developer/Xcode/DerivedData/WorkoutTracker-gugjzwqwyjqwbtaovaznehevomif/Build/Products/Debug-iphonesimulator -L/Applications/Xcode.app/Contents/Developer/Platforms/iPhoneSimulator.platform/Developer/usr/lib -F/Users/borisserzhanovich/Library/Developer/Xcode/DerivedData/WorkoutTracker-gugjzwqwyjqwbtaovaznehevomif/Build/Intermediates.noindex/EagerLinkingTBDs/Debug-iphonesimulator -F/Users/borisserzhanovich/Library/Developer/Xcode/DerivedData/WorkoutTracker-gugjzwqwyjqwbtaovaznehevomif/Build/Products/Debug-iphonesimulator -iframework /Applications/Xcode.app/Contents/Developer/Platforms/iPhoneSimulator.platform/Developer/Library/Frameworks -iframework /Applications/Xcode.app/Contents/Developer/Platforms/iPhoneSimulator.platform/Developer/SDKs/iPhoneSimulator26.2.sdk/Developer/Library/Frameworks -filelist /Users/borisserzhanovich/Library/Developer/Xcode/DerivedData/WorkoutTracker-gugjzwqwyjqwbtaovaznehevomif/Build/Intermediates.noindex/Firebase.build/Debug-iphonesimulator/Firebase.build/Objects-normal/arm64/Firebase.LinkFileList -nostdlib -Xlinker -object_path_lto -Xlinker /Users/borisserzhanovich/Library/Developer/Xcode/DerivedData/WorkoutTracker-gugjzwqwyjqwbtaovaznehevomif/Build/Intermediates.noindex/Firebase.build/Debug-iphonesimulator/Firebase.build/Objects-normal/arm64/Firebase_lto.o -rdynamic -Xlinker -no_deduplicate -Xlinker -objc_abi_version -Xlinker 2 -Xlinker -dependency_info -Xlinker /Users/borisserzhanovich/Library/Developer/Xcode/DerivedData/WorkoutTracker-gugjzwqwyjqwbtaovaznehevomif/Build/Intermediates.noindex/Firebase.build/Debug-iphonesimulator/Firebase.build/Objects-normal/arm64/Firebase_dependency_info.dat -fobjc-arc -fobjc-link-runtime -o /Users/borisserzhanovich/Library/Developer/Xcode/DerivedData/WorkoutTracker-gugjzwqwyjqwbtaovaznehevomif/Build/Products/Debug-iphonesimulator/Firebase.o

Ld /Users/borisserzhanovich/Library/Developer/Xcode/DerivedData/WorkoutTracker-gugjzwqwyjqwbtaovaznehevomif/Build/Products/Debug-iphonesimulator/nanopb.o normal (in target 'nanopb' from project 'nanopb')
    cd /Users/borisserzhanovich/Library/Developer/Xcode/DerivedData/WorkoutTracker-gugjzwqwyjqwbtaovaznehevomif/SourcePackages/checkouts/nanopb
    /Applications/Xcode.app/Contents/Developer/Toolchains/XcodeDefault.xctoolchain/usr/bin/clang -Xlinker -reproducible -target arm64-apple-ios12.0-simulator -r -isysroot /Applications/Xcode.app/Contents/Developer/Platforms/iPhoneSimulator.platform/Developer/SDKs/iPhoneSimulator26.2.sdk -O0 -w -L/Users/borisserzhanovich/Library/Developer/Xcode/DerivedData/WorkoutTracker-gugjzwqwyjqwbtaovaznehevomif/Build/Intermediates.noindex/EagerLinkingTBDs/Debug-iphonesimulator -L/Users/borisserzhanovich/Library/Developer/Xcode/DerivedData/WorkoutTracker-gugjzwqwyjqwbtaovaznehevomif/Build/Products/Debug-iphonesimulator -L/Applications/Xcode.app/Contents/Developer/Platforms/iPhoneSimulator.platform/Developer/usr/lib -F/Users/borisserzhanovich/Library/Developer/Xcode/DerivedData/WorkoutTracker-gugjzwqwyjqwbtaovaznehevomif/Build/Intermediates.noindex/EagerLinkingTBDs/Debug-iphonesimulator -F/Users/borisserzhanovich/Library/Developer/Xcode/DerivedData/WorkoutTracker-gugjzwqwyjqwbtaovaznehevomif/Build/Products/Debug-iphonesimulator -iframework /Applications/Xcode.app/Contents/Developer/Platforms/iPhoneSimulator.platform/Developer/Library/Frameworks -iframework /Applications/Xcode.app/Contents/Developer/Platforms/iPhoneSimulator.platform/Developer/SDKs/iPhoneSimulator26.2.sdk/Developer/Library/Frameworks -filelist /Users/borisserzhanovich/Library/Developer/Xcode/DerivedData/WorkoutTracker-gugjzwqwyjqwbtaovaznehevomif/Build/Intermediates.noindex/nanopb.build/Debug-iphonesimulator/nanopb.build/Objects-normal/arm64/nanopb.LinkFileList -nostdlib -Xlinker -object_path_lto -Xlinker /Users/borisserzhanovich/Library/Developer/Xcode/DerivedData/WorkoutTracker-gugjzwqwyjqwbtaovaznehevomif/Build/Intermediates.noindex/nanopb.build/Debug-iphonesimulator/nanopb.build/Objects-normal/arm64/nanopb_lto.o -rdynamic -Xlinker -no_deduplicate -Xlinker -objc_abi_version -Xlinker 2 -Xlinker -dependency_info -Xlinker /Users/borisserzhanovich/Library/Developer/Xcode/DerivedData/WorkoutTracker-gugjzwqwyjqwbtaovaznehevomif/Build/Intermediates.noindex/nanopb.build/Debug-iphonesimulator/nanopb.build/Objects-normal/arm64/nanopb_dependency_info.dat -fobjc-arc -fobjc-link-runtime -o /Users/borisserzhanovich/Library/Developer/Xcode/DerivedData/WorkoutTracker-gugjzwqwyjqwbtaovaznehevomif/Build/Products/Debug-iphonesimulator/nanopb.o

Ld /Users/borisserzhanovich/Library/Developer/Xcode/DerivedData/WorkoutTracker-gugjzwqwyjqwbtaovaznehevomif/Build/Products/Debug-iphonesimulator/leveldb.o normal (in target 'leveldb' from project 'leveldb')
    cd /Users/borisserzhanovich/Library/Developer/Xcode/DerivedData/WorkoutTracker-gugjzwqwyjqwbtaovaznehevomif/SourcePackages/checkouts/leveldb
    /Applications/Xcode.app/Contents/Developer/Toolchains/XcodeDefault.xctoolchain/usr/bin/clang++ -Xlinker -reproducible -target arm64-apple-ios12.0-simulator -r -isysroot /Applications/Xcode.app/Contents/Developer/Platforms/iPhoneSimulator.platform/Developer/SDKs/iPhoneSimulator26.2.sdk -O0 -w -L/Users/borisserzhanovich/Library/Developer/Xcode/DerivedData/WorkoutTracker-gugjzwqwyjqwbtaovaznehevomif/Build/Intermediates.noindex/EagerLinkingTBDs/Debug-iphonesimulator -L/Users/borisserzhanovich/Library/Developer/Xcode/DerivedData/WorkoutTracker-gugjzwqwyjqwbtaovaznehevomif/Build/Products/Debug-iphonesimulator -L/Applications/Xcode.app/Contents/Developer/Platforms/iPhoneSimulator.platform/Developer/usr/lib -F/Users/borisserzhanovich/Library/Developer/Xcode/DerivedData/WorkoutTracker-gugjzwqwyjqwbtaovaznehevomif/Build/Intermediates.noindex/EagerLinkingTBDs/Debug-iphonesimulator -F/Users/borisserzhanovich/Library/Developer/Xcode/DerivedData/WorkoutTracker-gugjzwqwyjqwbtaovaznehevomif/Build/Products/Debug-iphonesimulator -iframework /Applications/Xcode.app/Contents/Developer/Platforms/iPhoneSimulator.platform/Developer/Library/Frameworks -iframework /Applications/Xcode.app/Contents/Developer/Platforms/iPhoneSimulator.platform/Developer/SDKs/iPhoneSimulator26.2.sdk/Developer/Library/Frameworks -filelist /Users/borisserzhanovich/Library/Developer/Xcode/DerivedData/WorkoutTracker-gugjzwqwyjqwbtaovaznehevomif/Build/Intermediates.noindex/leveldb.build/Debug-iphonesimulator/leveldb.build/Objects-normal/arm64/leveldb.LinkFileList -nostdlib -Xlinker -object_path_lto -Xlinker /Users/borisserzhanovich/Library/Developer/Xcode/DerivedData/WorkoutTracker-gugjzwqwyjqwbtaovaznehevomif/Build/Intermediates.noindex/leveldb.build/Debug-iphonesimulator/leveldb.build/Objects-normal/arm64/leveldb_lto.o -rdynamic -Xlinker -no_deduplicate -Xlinker -objc_abi_version -Xlinker 2 -Xlinker -dependency_info -Xlinker /Users/borisserzhanovich/Library/Developer/Xcode/DerivedData/WorkoutTracker-gugjzwqwyjqwbtaovaznehevomif/Build/Intermediates.noindex/leveldb.build/Debug-iphonesimulator/leveldb.build/Objects-normal/arm64/leveldb_dependency_info.dat -fobjc-arc -fobjc-link-runtime -o /Users/borisserzhanovich/Library/Developer/Xcode/DerivedData/WorkoutTracker-gugjzwqwyjqwbtaovaznehevomif/Build/Products/Debug-iphonesimulator/leveldb.o

Ld /Users/borisserzhanovich/Library/Developer/Xcode/DerivedData/WorkoutTracker-gugjzwqwyjqwbtaovaznehevomif/Build/Products/Debug-iphonesimulator/GoogleUtilities-NSData.o normal (in target 'GoogleUtilities-NSData' from project 'GoogleUtilities')
    cd /Users/borisserzhanovich/Library/Developer/Xcode/DerivedData/WorkoutTracker-gugjzwqwyjqwbtaovaznehevomif/SourcePackages/checkouts/GoogleUtilities
    /Applications/Xcode.app/Contents/Developer/Toolchains/XcodeDefault.xctoolchain/usr/bin/clang -Xlinker -reproducible -target arm64-apple-ios12.0-simulator -r -isysroot /Applications/Xcode.app/Contents/Developer/Platforms/iPhoneSimulator.platform/Developer/SDKs/iPhoneSimulator26.2.sdk -O0 -w -L/Users/borisserzhanovich/Library/Developer/Xcode/DerivedData/WorkoutTracker-gugjzwqwyjqwbtaovaznehevomif/Build/Intermediates.noindex/EagerLinkingTBDs/Debug-iphonesimulator -L/Users/borisserzhanovich/Library/Developer/Xcode/DerivedData/WorkoutTracker-gugjzwqwyjqwbtaovaznehevomif/Build/Products/Debug-iphonesimulator -L/Applications/Xcode.app/Contents/Developer/Platforms/iPhoneSimulator.platform/Developer/usr/lib -F/Users/borisserzhanovich/Library/Developer/Xcode/DerivedData/WorkoutTracker-gugjzwqwyjqwbtaovaznehevomif/Build/Intermediates.noindex/EagerLinkingTBDs/Debug-iphonesimulator -F/Users/borisserzhanovich/Library/Developer/Xcode/DerivedData/WorkoutTracker-gugjzwqwyjqwbtaovaznehevomif/Build/Products/Debug-iphonesimulator -iframework /Applications/Xcode.app/Contents/Developer/Platforms/iPhoneSimulator.platform/Developer/Library/Frameworks -iframework /Applications/Xcode.app/Contents/Developer/Platforms/iPhoneSimulator.platform/Developer/SDKs/iPhoneSimulator26.2.sdk/Developer/Library/Frameworks -filelist /Users/borisserzhanovich/Library/Developer/Xcode/DerivedData/WorkoutTracker-gugjzwqwyjqwbtaovaznehevomif/Build/Intermediates.noindex/GoogleUtilities.build/Debug-iphonesimulator/GoogleUtilities-NSData.build/Objects-normal/arm64/GoogleUtilities-NSData.LinkFileList -nostdlib -Xlinker -object_path_lto -Xlinker /Users/borisserzhanovich/Library/Developer/Xcode/DerivedData/WorkoutTracker-gugjzwqwyjqwbtaovaznehevomif/Build/Intermediates.noindex/GoogleUtilities.build/Debug-iphonesimulator/GoogleUtilities-NSData.build/Objects-normal/arm64/GoogleUtilities-NSData_lto.o -rdynamic -Xlinker -no_deduplicate -Xlinker -objc_abi_version -Xlinker 2 -Xlinker -dependency_info -Xlinker /Users/borisserzhanovich/Library/Developer/Xcode/DerivedData/WorkoutTracker-gugjzwqwyjqwbtaovaznehevomif/Build/Intermediates.noindex/GoogleUtilities.build/Debug-iphonesimulator/GoogleUtilities-NSData.build/Objects-normal/arm64/GoogleUtilities-NSData_dependency_info.dat -fobjc-arc -fobjc-link-runtime -o /Users/borisserzhanovich/Library/Developer/Xcode/DerivedData/WorkoutTracker-gugjzwqwyjqwbtaovaznehevomif/Build/Products/Debug-iphonesimulator/GoogleUtilities-NSData.o

Ld /Users/borisserzhanovich/Library/Developer/Xcode/DerivedData/WorkoutTracker-gugjzwqwyjqwbtaovaznehevomif/Build/Products/Debug-iphonesimulator/FBLPromises.o normal (in target 'FBLPromises' from project 'Promises')
    cd /Users/borisserzhanovich/Library/Developer/Xcode/DerivedData/WorkoutTracker-gugjzwqwyjqwbtaovaznehevomif/SourcePackages/checkouts/promises
    /Applications/Xcode.app/Contents/Developer/Toolchains/XcodeDefault.xctoolchain/usr/bin/clang -Xlinker -reproducible -target arm64-apple-ios12.0-simulator -r -isysroot /Applications/Xcode.app/Contents/Developer/Platforms/iPhoneSimulator.platform/Developer/SDKs/iPhoneSimulator26.2.sdk -O0 -w -L/Users/borisserzhanovich/Library/Developer/Xcode/DerivedData/WorkoutTracker-gugjzwqwyjqwbtaovaznehevomif/Build/Intermediates.noindex/EagerLinkingTBDs/Debug-iphonesimulator -L/Users/borisserzhanovich/Library/Developer/Xcode/DerivedData/WorkoutTracker-gugjzwqwyjqwbtaovaznehevomif/Build/Products/Debug-iphonesimulator -L/Applications/Xcode.app/Contents/Developer/Platforms/iPhoneSimulator.platform/Developer/usr/lib -F/Users/borisserzhanovich/Library/Developer/Xcode/DerivedData/WorkoutTracker-gugjzwqwyjqwbtaovaznehevomif/Build/Intermediates.noindex/EagerLinkingTBDs/Debug-iphonesimulator -F/Users/borisserzhanovich/Library/Developer/Xcode/DerivedData/WorkoutTracker-gugjzwqwyjqwbtaovaznehevomif/Build/Products/Debug-iphonesimulator -iframework /Applications/Xcode.app/Contents/Developer/Platforms/iPhoneSimulator.platform/Developer/Library/Frameworks -iframework /Applications/Xcode.app/Contents/Developer/Platforms/iPhoneSimulator.platform/Developer/SDKs/iPhoneSimulator26.2.sdk/Developer/Library/Frameworks -filelist /Users/borisserzhanovich/Library/Developer/Xcode/DerivedData/WorkoutTracker-gugjzwqwyjqwbtaovaznehevomif/Build/Intermediates.noindex/Promises.build/Debug-iphonesimulator/FBLPromises.build/Objects-normal/arm64/FBLPromises.LinkFileList -nostdlib -Xlinker -object_path_lto -Xlinker /Users/borisserzhanovich/Library/Developer/Xcode/DerivedData/WorkoutTracker-gugjzwqwyjqwbtaovaznehevomif/Build/Intermediates.noindex/Promises.build/Debug-iphonesimulator/FBLPromises.build/Objects-normal/arm64/FBLPromises_lto.o -rdynamic -Xlinker -no_deduplicate -Xlinker -objc_abi_version -Xlinker 2 -Xlinker -dependency_info -Xlinker /Users/borisserzhanovich/Library/Developer/Xcode/DerivedData/WorkoutTracker-gugjzwqwyjqwbtaovaznehevomif/Build/Intermediates.noindex/Promises.build/Debug-iphonesimulator/FBLPromises.build/Objects-normal/arm64/FBLPromises_dependency_info.dat -fobjc-arc -fobjc-link-runtime -o /Users/borisserzhanovich/Library/Developer/Xcode/DerivedData/WorkoutTracker-gugjzwqwyjqwbtaovaznehevomif/Build/Products/Debug-iphonesimulator/FBLPromises.o

ProcessInfoPlistFile /Users/borisserzhanovich/Library/Developer/Xcode/DerivedData/WorkoutTracker-gugjzwqwyjqwbtaovaznehevomif/Build/Products/Debug-iphonesimulator/gRPC_opensslWrapper.bundle/Info.plist /Users/borisserzhanovich/Library/Developer/Xcode/DerivedData/WorkoutTracker-gugjzwqwyjqwbtaovaznehevomif/Build/Intermediates.noindex/gRPC.build/Debug-iphonesimulator/gRPC_opensslWrapper.build/empty-gRPC_opensslWrapper.plist (in target 'gRPC_opensslWrapper' from project 'gRPC')
    cd /Users/borisserzhanovich/Library/Developer/Xcode/DerivedData/WorkoutTracker-gugjzwqwyjqwbtaovaznehevomif/SourcePackages/checkouts/grpc-binary
    builtin-infoPlistUtility /Users/borisserzhanovich/Library/Developer/Xcode/DerivedData/WorkoutTracker-gugjzwqwyjqwbtaovaznehevomif/Build/Intermediates.noindex/gRPC.build/Debug-iphonesimulator/gRPC_opensslWrapper.build/empty-gRPC_opensslWrapper.plist -producttype com.apple.product-type.bundle -expandbuildsettings -format binary -platform iphonesimulator -o /Users/borisserzhanovich/Library/Developer/Xcode/DerivedData/WorkoutTracker-gugjzwqwyjqwbtaovaznehevomif/Build/Products/Debug-iphonesimulator/gRPC_opensslWrapper.bundle/Info.plist

ProcessInfoPlistFile /Users/borisserzhanovich/Library/Developer/Xcode/DerivedData/WorkoutTracker-gugjzwqwyjqwbtaovaznehevomif/Build/Products/Debug-iphonesimulator/gRPC_grpcppWrapper.bundle/Info.plist /Users/borisserzhanovich/Library/Developer/Xcode/DerivedData/WorkoutTracker-gugjzwqwyjqwbtaovaznehevomif/Build/Intermediates.noindex/gRPC.build/Debug-iphonesimulator/gRPC_grpcppWrapper.build/empty-gRPC_grpcppWrapper.plist (in target 'gRPC_grpcppWrapper' from project 'gRPC')
    cd /Users/borisserzhanovich/Library/Developer/Xcode/DerivedData/WorkoutTracker-gugjzwqwyjqwbtaovaznehevomif/SourcePackages/checkouts/grpc-binary
    builtin-infoPlistUtility /Users/borisserzhanovich/Library/Developer/Xcode/DerivedData/WorkoutTracker-gugjzwqwyjqwbtaovaznehevomif/Build/Intermediates.noindex/gRPC.build/Debug-iphonesimulator/gRPC_grpcppWrapper.build/empty-gRPC_grpcppWrapper.plist -producttype com.apple.product-type.bundle -expandbuildsettings -format binary -platform iphonesimulator -o /Users/borisserzhanovich/Library/Developer/Xcode/DerivedData/WorkoutTracker-gugjzwqwyjqwbtaovaznehevomif/Build/Products/Debug-iphonesimulator/gRPC_grpcppWrapper.bundle/Info.plist

ProcessInfoPlistFile /Users/borisserzhanovich/Library/Developer/Xcode/DerivedData/WorkoutTracker-gugjzwqwyjqwbtaovaznehevomif/Build/Products/Debug-iphonesimulator/gRPC_grpcWrapper.bundle/Info.plist /Users/borisserzhanovich/Library/Developer/Xcode/DerivedData/WorkoutTracker-gugjzwqwyjqwbtaovaznehevomif/Build/Intermediates.noindex/gRPC.build/Debug-iphonesimulator/gRPC_grpcWrapper.build/empty-gRPC_grpcWrapper.plist (in target 'gRPC_grpcWrapper' from project 'gRPC')
    cd /Users/borisserzhanovich/Library/Developer/Xcode/DerivedData/WorkoutTracker-gugjzwqwyjqwbtaovaznehevomif/SourcePackages/checkouts/grpc-binary
    builtin-infoPlistUtility /Users/borisserzhanovich/Library/Developer/Xcode/DerivedData/WorkoutTracker-gugjzwqwyjqwbtaovaznehevomif/Build/Intermediates.noindex/gRPC.build/Debug-iphonesimulator/gRPC_grpcWrapper.build/empty-gRPC_grpcWrapper.plist -producttype com.apple.product-type.bundle -expandbuildsettings -format binary -platform iphonesimulator -o /Users/borisserzhanovich/Library/Developer/Xcode/DerivedData/WorkoutTracker-gugjzwqwyjqwbtaovaznehevomif/Build/Products/Debug-iphonesimulator/gRPC_grpcWrapper.bundle/Info.plist

ProcessProductPackagingDER /Users/borisserzhanovich/Library/Developer/Xcode/DerivedData/WorkoutTracker-gugjzwqwyjqwbtaovaznehevomif/Build/Intermediates.noindex/WorkoutTracker.build/Debug-watchsimulator/WorkoutTrackerWatch\ Watch\ App.build/WorkoutTrackerWatch\ Watch\ App.app.xcent /Users/borisserzhanovich/Library/Developer/Xcode/DerivedData/WorkoutTracker-gugjzwqwyjqwbtaovaznehevomif/Build/Intermediates.noindex/WorkoutTracker.build/Debug-watchsimulator/WorkoutTrackerWatch\ Watch\ App.build/WorkoutTrackerWatch\ Watch\ App.app.xcent.der (in target 'WorkoutTrackerWatch Watch App' from project 'WorkoutTracker')
    cd /Users/borisserzhanovich/projects/Workout/WorkoutTracker\ copy
    /usr/bin/derq query -f xml -i /Users/borisserzhanovich/Library/Developer/Xcode/DerivedData/WorkoutTracker-gugjzwqwyjqwbtaovaznehevomif/Build/Intermediates.noindex/WorkoutTracker.build/Debug-watchsimulator/WorkoutTrackerWatch\ Watch\ App.build/WorkoutTrackerWatch\ Watch\ App.app.xcent -o /Users/borisserzhanovich/Library/Developer/Xcode/DerivedData/WorkoutTracker-gugjzwqwyjqwbtaovaznehevomif/Build/Intermediates.noindex/WorkoutTracker.build/Debug-watchsimulator/WorkoutTrackerWatch\ Watch\ App.build/WorkoutTrackerWatch\ Watch\ App.app.xcent.der --raw

ProcessProductPackagingDER /Users/borisserzhanovich/Library/Developer/Xcode/DerivedData/WorkoutTracker-gugjzwqwyjqwbtaovaznehevomif/Build/Intermediates.noindex/WorkoutTracker.build/Debug-watchsimulator/WorkoutTrackerWatch\ Watch\ App.build/WorkoutTrackerWatch\ Watch\ App.app-Simulated.xcent /Users/borisserzhanovich/Library/Developer/Xcode/DerivedData/WorkoutTracker-gugjzwqwyjqwbtaovaznehevomif/Build/Intermediates.noindex/WorkoutTracker.build/Debug-watchsimulator/WorkoutTrackerWatch\ Watch\ App.build/WorkoutTrackerWatch\ Watch\ App.app-Simulated.xcent.der (in target 'WorkoutTrackerWatch Watch App' from project 'WorkoutTracker')
    cd /Users/borisserzhanovich/projects/Workout/WorkoutTracker\ copy
    /usr/bin/derq query -f xml -i /Users/borisserzhanovich/Library/Developer/Xcode/DerivedData/WorkoutTracker-gugjzwqwyjqwbtaovaznehevomif/Build/Intermediates.noindex/WorkoutTracker.build/Debug-watchsimulator/WorkoutTrackerWatch\ Watch\ App.build/WorkoutTrackerWatch\ Watch\ App.app-Simulated.xcent -o /Users/borisserzhanovich/Library/Developer/Xcode/DerivedData/WorkoutTracker-gugjzwqwyjqwbtaovaznehevomif/Build/Intermediates.noindex/WorkoutTracker.build/Debug-watchsimulator/WorkoutTrackerWatch\ Watch\ App.build/WorkoutTrackerWatch\ Watch\ App.app-Simulated.xcent.der --raw

ProcessProductPackaging "" /Users/borisserzhanovich/Library/Developer/Xcode/DerivedData/WorkoutTracker-gugjzwqwyjqwbtaovaznehevomif/Build/Intermediates.noindex/WorkoutTracker.build/Debug-iphonesimulator/WorkoutTimerWidgetExtension.build/WorkoutTimerWidgetExtension.appex-Simulated.xcent (in target 'WorkoutTimerWidgetExtension' from project 'WorkoutTracker')
    cd /Users/borisserzhanovich/projects/Workout/WorkoutTracker\ copy
    
    Entitlements:
    
    {
    "application-identifier" = "LSCCP92LMG.com.borisdev.WorkoutTracker.WorkoutTimerWidget";
}
    
    builtin-productPackagingUtility -entitlements -format xml -o /Users/borisserzhanovich/Library/Developer/Xcode/DerivedData/WorkoutTracker-gugjzwqwyjqwbtaovaznehevomif/Build/Intermediates.noindex/WorkoutTracker.build/Debug-iphonesimulator/WorkoutTimerWidgetExtension.build/WorkoutTimerWidgetExtension.appex-Simulated.xcent

ProcessProductPackaging /Users/borisserzhanovich/projects/Workout/WorkoutTracker\ copy/StatsWidgetExtension.entitlements /Users/borisserzhanovich/Library/Developer/Xcode/DerivedData/WorkoutTracker-gugjzwqwyjqwbtaovaznehevomif/Build/Intermediates.noindex/WorkoutTracker.build/Debug-iphonesimulator/StatsWidgetExtension.build/StatsWidgetExtension.appex-Simulated.xcent (in target 'StatsWidgetExtension' from project 'WorkoutTracker')
    cd /Users/borisserzhanovich/projects/Workout/WorkoutTracker\ copy
    
    Entitlements:
    
    {
    "application-identifier" = "LSCCP92LMG.com.borisdev.WorkoutTracker.statswidget2026";
    "com.apple.security.application-groups" =     (
        "group.com.borisdev.WorkoutTracker"
    );
}
    
    builtin-productPackagingUtility /Users/borisserzhanovich/projects/Workout/WorkoutTracker\ copy/StatsWidgetExtension.entitlements -entitlements -format xml -o /Users/borisserzhanovich/Library/Developer/Xcode/DerivedData/WorkoutTracker-gugjzwqwyjqwbtaovaznehevomif/Build/Intermediates.noindex/WorkoutTracker.build/Debug-iphonesimulator/StatsWidgetExtension.build/StatsWidgetExtension.appex-Simulated.xcent

Ld /Users/borisserzhanovich/Library/Developer/Xcode/DerivedData/WorkoutTracker-gugjzwqwyjqwbtaovaznehevomif/Build/Products/Debug-iphonesimulator/opensslWrapper.o normal (in target 'opensslWrapper' from project 'gRPC')
    cd /Users/borisserzhanovich/Library/Developer/Xcode/DerivedData/WorkoutTracker-gugjzwqwyjqwbtaovaznehevomif/SourcePackages/checkouts/grpc-binary
    /Applications/Xcode.app/Contents/Developer/Toolchains/XcodeDefault.xctoolchain/usr/bin/clang -Xlinker -reproducible -target arm64-apple-ios12.0-simulator -r -isysroot /Applications/Xcode.app/Contents/Developer/Platforms/iPhoneSimulator.platform/Developer/SDKs/iPhoneSimulator26.2.sdk -O0 -w -L/Users/borisserzhanovich/Library/Developer/Xcode/DerivedData/WorkoutTracker-gugjzwqwyjqwbtaovaznehevomif/Build/Intermediates.noindex/EagerLinkingTBDs/Debug-iphonesimulator -L/Users/borisserzhanovich/Library/Developer/Xcode/DerivedData/WorkoutTracker-gugjzwqwyjqwbtaovaznehevomif/Build/Products/Debug-iphonesimulator -L/Applications/Xcode.app/Contents/Developer/Platforms/iPhoneSimulator.platform/Developer/usr/lib -F/Users/borisserzhanovich/Library/Developer/Xcode/DerivedData/WorkoutTracker-gugjzwqwyjqwbtaovaznehevomif/Build/Intermediates.noindex/EagerLinkingTBDs/Debug-iphonesimulator -F/Users/borisserzhanovich/Library/Developer/Xcode/DerivedData/WorkoutTracker-gugjzwqwyjqwbtaovaznehevomif/Build/Products/Debug-iphonesimulator -iframework /Applications/Xcode.app/Contents/Developer/Platforms/iPhoneSimulator.platform/Developer/Library/Frameworks -iframework /Applications/Xcode.app/Contents/Developer/Platforms/iPhoneSimulator.platform/Developer/SDKs/iPhoneSimulator26.2.sdk/Developer/Library/Frameworks -filelist /Users/borisserzhanovich/Library/Developer/Xcode/DerivedData/WorkoutTracker-gugjzwqwyjqwbtaovaznehevomif/Build/Intermediates.noindex/gRPC.build/Debug-iphonesimulator/opensslWrapper.build/Objects-normal/arm64/opensslWrapper.LinkFileList -nostdlib -Xlinker -object_path_lto -Xlinker /Users/borisserzhanovich/Library/Developer/Xcode/DerivedData/WorkoutTracker-gugjzwqwyjqwbtaovaznehevomif/Build/Intermediates.noindex/gRPC.build/Debug-iphonesimulator/opensslWrapper.build/Objects-normal/arm64/opensslWrapper_lto.o -rdynamic -Xlinker -no_deduplicate -Xlinker -objc_abi_version -Xlinker 2 -Xlinker -dependency_info -Xlinker /Users/borisserzhanovich/Library/Developer/Xcode/DerivedData/WorkoutTracker-gugjzwqwyjqwbtaovaznehevomif/Build/Intermediates.noindex/gRPC.build/Debug-iphonesimulator/opensslWrapper.build/Objects-normal/arm64/opensslWrapper_dependency_info.dat -fobjc-arc -fobjc-link-runtime -o /Users/borisserzhanovich/Library/Developer/Xcode/DerivedData/WorkoutTracker-gugjzwqwyjqwbtaovaznehevomif/Build/Products/Debug-iphonesimulator/opensslWrapper.o

ProcessInfoPlistFile /Users/borisserzhanovich/Library/Developer/Xcode/DerivedData/WorkoutTracker-gugjzwqwyjqwbtaovaznehevomif/Build/Products/Debug-iphonesimulator/GoogleUtilities_GoogleUtilities-Reachability.bundle/Info.plist /Users/borisserzhanovich/Library/Developer/Xcode/DerivedData/WorkoutTracker-gugjzwqwyjqwbtaovaznehevomif/Build/Intermediates.noindex/GoogleUtilities.build/Debug-iphonesimulator/GoogleUtilities_GoogleUtilities-Reachability.build/empty-GoogleUtilities_GoogleUtilities-Reachability.plist (in target 'GoogleUtilities_GoogleUtilities-Reachability' from project 'GoogleUtilities')
    cd /Users/borisserzhanovich/Library/Developer/Xcode/DerivedData/WorkoutTracker-gugjzwqwyjqwbtaovaznehevomif/SourcePackages/checkouts/GoogleUtilities
    builtin-infoPlistUtility /Users/borisserzhanovich/Library/Developer/Xcode/DerivedData/WorkoutTracker-gugjzwqwyjqwbtaovaznehevomif/Build/Intermediates.noindex/GoogleUtilities.build/Debug-iphonesimulator/GoogleUtilities_GoogleUtilities-Reachability.build/empty-GoogleUtilities_GoogleUtilities-Reachability.plist -producttype com.apple.product-type.bundle -expandbuildsettings -format binary -platform iphonesimulator -o /Users/borisserzhanovich/Library/Developer/Xcode/DerivedData/WorkoutTracker-gugjzwqwyjqwbtaovaznehevomif/Build/Products/Debug-iphonesimulator/GoogleUtilities_GoogleUtilities-Reachability.bundle/Info.plist

ProcessInfoPlistFile /Users/borisserzhanovich/Library/Developer/Xcode/DerivedData/WorkoutTracker-gugjzwqwyjqwbtaovaznehevomif/Build/Products/Debug-iphonesimulator/GoogleUtilities_GoogleUtilities-Logger.bundle/Info.plist /Users/borisserzhanovich/Library/Developer/Xcode/DerivedData/WorkoutTracker-gugjzwqwyjqwbtaovaznehevomif/Build/Intermediates.noindex/GoogleUtilities.build/Debug-iphonesimulator/GoogleUtilities_GoogleUtilities-Logger.build/empty-GoogleUtilities_GoogleUtilities-Logger.plist (in target 'GoogleUtilities_GoogleUtilities-Logger' from project 'GoogleUtilities')
    cd /Users/borisserzhanovich/Library/Developer/Xcode/DerivedData/WorkoutTracker-gugjzwqwyjqwbtaovaznehevomif/SourcePackages/checkouts/GoogleUtilities
    builtin-infoPlistUtility /Users/borisserzhanovich/Library/Developer/Xcode/DerivedData/WorkoutTracker-gugjzwqwyjqwbtaovaznehevomif/Build/Intermediates.noindex/GoogleUtilities.build/Debug-iphonesimulator/GoogleUtilities_GoogleUtilities-Logger.build/empty-GoogleUtilities_GoogleUtilities-Logger.plist -producttype com.apple.product-type.bundle -expandbuildsettings -format binary -platform iphonesimulator -o /Users/borisserzhanovich/Library/Developer/Xcode/DerivedData/WorkoutTracker-gugjzwqwyjqwbtaovaznehevomif/Build/Products/Debug-iphonesimulator/GoogleUtilities_GoogleUtilities-Logger.bundle/Info.plist

ProcessInfoPlistFile /Users/borisserzhanovich/Library/Developer/Xcode/DerivedData/WorkoutTracker-gugjzwqwyjqwbtaovaznehevomif/Build/Products/Debug-iphonesimulator/GoogleUtilities_GoogleUtilities-Environment.bundle/Info.plist /Users/borisserzhanovich/Library/Developer/Xcode/DerivedData/WorkoutTracker-gugjzwqwyjqwbtaovaznehevomif/Build/Intermediates.noindex/GoogleUtilities.build/Debug-iphonesimulator/GoogleUtilities_GoogleUtilities-Environment.build/empty-GoogleUtilities_GoogleUtilities-Environment.plist (in target 'GoogleUtilities_GoogleUtilities-Environment' from project 'GoogleUtilities')
    cd /Users/borisserzhanovich/Library/Developer/Xcode/DerivedData/WorkoutTracker-gugjzwqwyjqwbtaovaznehevomif/SourcePackages/checkouts/GoogleUtilities
    builtin-infoPlistUtility /Users/borisserzhanovich/Library/Developer/Xcode/DerivedData/WorkoutTracker-gugjzwqwyjqwbtaovaznehevomif/Build/Intermediates.noindex/GoogleUtilities.build/Debug-iphonesimulator/GoogleUtilities_GoogleUtilities-Environment.build/empty-GoogleUtilities_GoogleUtilities-Environment.plist -producttype com.apple.product-type.bundle -expandbuildsettings -format binary -platform iphonesimulator -o /Users/borisserzhanovich/Library/Developer/Xcode/DerivedData/WorkoutTracker-gugjzwqwyjqwbtaovaznehevomif/Build/Products/Debug-iphonesimulator/GoogleUtilities_GoogleUtilities-Environment.bundle/Info.plist

ProcessProductPackagingDER /Users/borisserzhanovich/Library/Developer/Xcode/DerivedData/WorkoutTracker-gugjzwqwyjqwbtaovaznehevomif/Build/Intermediates.noindex/WorkoutTracker.build/Debug-iphonesimulator/WorkoutTimerWidgetExtension.build/WorkoutTimerWidgetExtension.appex-Simulated.xcent /Users/borisserzhanovich/Library/Developer/Xcode/DerivedData/WorkoutTracker-gugjzwqwyjqwbtaovaznehevomif/Build/Intermediates.noindex/WorkoutTracker.build/Debug-iphonesimulator/WorkoutTimerWidgetExtension.build/WorkoutTimerWidgetExtension.appex-Simulated.xcent.der (in target 'WorkoutTimerWidgetExtension' from project 'WorkoutTracker')
    cd /Users/borisserzhanovich/projects/Workout/WorkoutTracker\ copy
    /usr/bin/derq query -f xml -i /Users/borisserzhanovich/Library/Developer/Xcode/DerivedData/WorkoutTracker-gugjzwqwyjqwbtaovaznehevomif/Build/Intermediates.noindex/WorkoutTracker.build/Debug-iphonesimulator/WorkoutTimerWidgetExtension.build/WorkoutTimerWidgetExtension.appex-Simulated.xcent -o /Users/borisserzhanovich/Library/Developer/Xcode/DerivedData/WorkoutTracker-gugjzwqwyjqwbtaovaznehevomif/Build/Intermediates.noindex/WorkoutTracker.build/Debug-iphonesimulator/WorkoutTimerWidgetExtension.build/WorkoutTimerWidgetExtension.appex-Simulated.xcent.der --raw

ProcessProductPackagingDER /Users/borisserzhanovich/Library/Developer/Xcode/DerivedData/WorkoutTracker-gugjzwqwyjqwbtaovaznehevomif/Build/Intermediates.noindex/WorkoutTracker.build/Debug-iphonesimulator/StatsWidgetExtension.build/StatsWidgetExtension.appex.xcent /Users/borisserzhanovich/Library/Developer/Xcode/DerivedData/WorkoutTracker-gugjzwqwyjqwbtaovaznehevomif/Build/Intermediates.noindex/WorkoutTracker.build/Debug-iphonesimulator/StatsWidgetExtension.build/StatsWidgetExtension.appex.xcent.der (in target 'StatsWidgetExtension' from project 'WorkoutTracker')
    cd /Users/borisserzhanovich/projects/Workout/WorkoutTracker\ copy
    /usr/bin/derq query -f xml -i /Users/borisserzhanovich/Library/Developer/Xcode/DerivedData/WorkoutTracker-gugjzwqwyjqwbtaovaznehevomif/Build/Intermediates.noindex/WorkoutTracker.build/Debug-iphonesimulator/StatsWidgetExtension.build/StatsWidgetExtension.appex.xcent -o /Users/borisserzhanovich/Library/Developer/Xcode/DerivedData/WorkoutTracker-gugjzwqwyjqwbtaovaznehevomif/Build/Intermediates.noindex/WorkoutTracker.build/Debug-iphonesimulator/StatsWidgetExtension.build/StatsWidgetExtension.appex.xcent.der --raw

Ld /Users/borisserzhanovich/Library/Developer/Xcode/DerivedData/WorkoutTracker-gugjzwqwyjqwbtaovaznehevomif/Build/Products/Debug-iphonesimulator/grpcWrapper.o normal (in target 'grpcWrapper' from project 'gRPC')
    cd /Users/borisserzhanovich/Library/Developer/Xcode/DerivedData/WorkoutTracker-gugjzwqwyjqwbtaovaznehevomif/SourcePackages/checkouts/grpc-binary
    /Applications/Xcode.app/Contents/Developer/Toolchains/XcodeDefault.xctoolchain/usr/bin/clang -Xlinker -reproducible -target arm64-apple-ios12.0-simulator -r -isysroot /Applications/Xcode.app/Contents/Developer/Platforms/iPhoneSimulator.platform/Developer/SDKs/iPhoneSimulator26.2.sdk -O0 -w -L/Users/borisserzhanovich/Library/Developer/Xcode/DerivedData/WorkoutTracker-gugjzwqwyjqwbtaovaznehevomif/Build/Intermediates.noindex/EagerLinkingTBDs/Debug-iphonesimulator -L/Users/borisserzhanovich/Library/Developer/Xcode/DerivedData/WorkoutTracker-gugjzwqwyjqwbtaovaznehevomif/Build/Products/Debug-iphonesimulator -L/Applications/Xcode.app/Contents/Developer/Platforms/iPhoneSimulator.platform/Developer/usr/lib -F/Users/borisserzhanovich/Library/Developer/Xcode/DerivedData/WorkoutTracker-gugjzwqwyjqwbtaovaznehevomif/Build/Intermediates.noindex/EagerLinkingTBDs/Debug-iphonesimulator -F/Users/borisserzhanovich/Library/Developer/Xcode/DerivedData/WorkoutTracker-gugjzwqwyjqwbtaovaznehevomif/Build/Products/Debug-iphonesimulator -iframework /Applications/Xcode.app/Contents/Developer/Platforms/iPhoneSimulator.platform/Developer/Library/Frameworks -iframework /Applications/Xcode.app/Contents/Developer/Platforms/iPhoneSimulator.platform/Developer/SDKs/iPhoneSimulator26.2.sdk/Developer/Library/Frameworks -filelist /Users/borisserzhanovich/Library/Developer/Xcode/DerivedData/WorkoutTracker-gugjzwqwyjqwbtaovaznehevomif/Build/Intermediates.noindex/gRPC.build/Debug-iphonesimulator/grpcWrapper.build/Objects-normal/arm64/grpcWrapper.LinkFileList -nostdlib -Xlinker -object_path_lto -Xlinker /Users/borisserzhanovich/Library/Developer/Xcode/DerivedData/WorkoutTracker-gugjzwqwyjqwbtaovaznehevomif/Build/Intermediates.noindex/gRPC.build/Debug-iphonesimulator/grpcWrapper.build/Objects-normal/arm64/grpcWrapper_lto.o -rdynamic -Xlinker -no_deduplicate -Xlinker -objc_abi_version -Xlinker 2 -Xlinker -dependency_info -Xlinker /Users/borisserzhanovich/Library/Developer/Xcode/DerivedData/WorkoutTracker-gugjzwqwyjqwbtaovaznehevomif/Build/Intermediates.noindex/gRPC.build/Debug-iphonesimulator/grpcWrapper.build/Objects-normal/arm64/grpcWrapper_dependency_info.dat -fobjc-arc -fobjc-link-runtime -o /Users/borisserzhanovich/Library/Developer/Xcode/DerivedData/WorkoutTracker-gugjzwqwyjqwbtaovaznehevomif/Build/Products/Debug-iphonesimulator/grpcWrapper.o

ProcessProductPackagingDER /Users/borisserzhanovich/Library/Developer/Xcode/DerivedData/WorkoutTracker-gugjzwqwyjqwbtaovaznehevomif/Build/Intermediates.noindex/WorkoutTracker.build/Debug-iphonesimulator/StatsWidgetExtension.build/StatsWidgetExtension.appex-Simulated.xcent /Users/borisserzhanovich/Library/Developer/Xcode/DerivedData/WorkoutTracker-gugjzwqwyjqwbtaovaznehevomif/Build/Intermediates.noindex/WorkoutTracker.build/Debug-iphonesimulator/StatsWidgetExtension.build/StatsWidgetExtension.appex-Simulated.xcent.der (in target 'StatsWidgetExtension' from project 'WorkoutTracker')
    cd /Users/borisserzhanovich/projects/Workout/WorkoutTracker\ copy
    /usr/bin/derq query -f xml -i /Users/borisserzhanovich/Library/Developer/Xcode/DerivedData/WorkoutTracker-gugjzwqwyjqwbtaovaznehevomif/Build/Intermediates.noindex/WorkoutTracker.build/Debug-iphonesimulator/StatsWidgetExtension.build/StatsWidgetExtension.appex-Simulated.xcent -o /Users/borisserzhanovich/Library/Developer/Xcode/DerivedData/WorkoutTracker-gugjzwqwyjqwbtaovaznehevomif/Build/Intermediates.noindex/WorkoutTracker.build/Debug-iphonesimulator/StatsWidgetExtension.build/StatsWidgetExtension.appex-Simulated.xcent.der --raw

ProcessInfoPlistFile /Users/borisserzhanovich/Library/Developer/Xcode/DerivedData/WorkoutTracker-gugjzwqwyjqwbtaovaznehevomif/Build/Products/Debug-iphonesimulator/GoogleUtilities_GoogleUtilities-AppDelegateSwizzler.bundle/Info.plist /Users/borisserzhanovich/Library/Developer/Xcode/DerivedData/WorkoutTracker-gugjzwqwyjqwbtaovaznehevomif/Build/Intermediates.noindex/GoogleUtilities.build/Debug-iphonesimulator/GoogleUtilities_GoogleUtilities-AppDelegateSwizzler.build/empty-GoogleUtilities_GoogleUtilities-AppDelegateSwizzler.plist (in target 'GoogleUtilities_GoogleUtilities-AppDelegateSwizzler' from project 'GoogleUtilities')
    cd /Users/borisserzhanovich/Library/Developer/Xcode/DerivedData/WorkoutTracker-gugjzwqwyjqwbtaovaznehevomif/SourcePackages/checkouts/GoogleUtilities
    builtin-infoPlistUtility /Users/borisserzhanovich/Library/Developer/Xcode/DerivedData/WorkoutTracker-gugjzwqwyjqwbtaovaznehevomif/Build/Intermediates.noindex/GoogleUtilities.build/Debug-iphonesimulator/GoogleUtilities_GoogleUtilities-AppDelegateSwizzler.build/empty-GoogleUtilities_GoogleUtilities-AppDelegateSwizzler.plist -producttype com.apple.product-type.bundle -expandbuildsettings -format binary -platform iphonesimulator -o /Users/borisserzhanovich/Library/Developer/Xcode/DerivedData/WorkoutTracker-gugjzwqwyjqwbtaovaznehevomif/Build/Products/Debug-iphonesimulator/GoogleUtilities_GoogleUtilities-AppDelegateSwizzler.bundle/Info.plist

ProcessInfoPlistFile /Users/borisserzhanovich/Library/Developer/Xcode/DerivedData/WorkoutTracker-gugjzwqwyjqwbtaovaznehevomif/Build/Products/Debug-iphonesimulator/GoogleSignIn_GoogleSignIn.bundle/Info.plist /Users/borisserzhanovich/Library/Developer/Xcode/DerivedData/WorkoutTracker-gugjzwqwyjqwbtaovaznehevomif/Build/Intermediates.noindex/GoogleSignIn.build/Debug-iphonesimulator/GoogleSignIn_GoogleSignIn.build/empty-GoogleSignIn_GoogleSignIn.plist (in target 'GoogleSignIn_GoogleSignIn' from project 'GoogleSignIn')
    cd /Users/borisserzhanovich/Library/Developer/Xcode/DerivedData/WorkoutTracker-gugjzwqwyjqwbtaovaznehevomif/SourcePackages/checkouts/GoogleSignIn-iOS
    builtin-infoPlistUtility /Users/borisserzhanovich/Library/Developer/Xcode/DerivedData/WorkoutTracker-gugjzwqwyjqwbtaovaznehevomif/Build/Intermediates.noindex/GoogleSignIn.build/Debug-iphonesimulator/GoogleSignIn_GoogleSignIn.build/empty-GoogleSignIn_GoogleSignIn.plist -producttype com.apple.product-type.bundle -expandbuildsettings -format binary -platform iphonesimulator -o /Users/borisserzhanovich/Library/Developer/Xcode/DerivedData/WorkoutTracker-gugjzwqwyjqwbtaovaznehevomif/Build/Products/Debug-iphonesimulator/GoogleSignIn_GoogleSignIn.bundle/Info.plist

ProcessInfoPlistFile /Users/borisserzhanovich/Library/Developer/Xcode/DerivedData/WorkoutTracker-gugjzwqwyjqwbtaovaznehevomif/Build/Products/Debug-iphonesimulator/GoogleDataTransport_GoogleDataTransport.bundle/Info.plist /Users/borisserzhanovich/Library/Developer/Xcode/DerivedData/WorkoutTracker-gugjzwqwyjqwbtaovaznehevomif/Build/Intermediates.noindex/GoogleDataTransport.build/Debug-iphonesimulator/GoogleDataTransport_GoogleDataTransport.build/empty-GoogleDataTransport_GoogleDataTransport.plist (in target 'GoogleDataTransport_GoogleDataTransport' from project 'GoogleDataTransport')
    cd /Users/borisserzhanovich/Library/Developer/Xcode/DerivedData/WorkoutTracker-gugjzwqwyjqwbtaovaznehevomif/SourcePackages/checkouts/GoogleDataTransport
    builtin-infoPlistUtility /Users/borisserzhanovich/Library/Developer/Xcode/DerivedData/WorkoutTracker-gugjzwqwyjqwbtaovaznehevomif/Build/Intermediates.noindex/GoogleDataTransport.build/Debug-iphonesimulator/GoogleDataTransport_GoogleDataTransport.build/empty-GoogleDataTransport_GoogleDataTransport.plist -producttype com.apple.product-type.bundle -expandbuildsettings -format binary -platform iphonesimulator -o /Users/borisserzhanovich/Library/Developer/Xcode/DerivedData/WorkoutTracker-gugjzwqwyjqwbtaovaznehevomif/Build/Products/Debug-iphonesimulator/GoogleDataTransport_GoogleDataTransport.bundle/Info.plist

ProcessInfoPlistFile /Users/borisserzhanovich/Library/Developer/Xcode/DerivedData/WorkoutTracker-gugjzwqwyjqwbtaovaznehevomif/Build/Products/Debug-iphonesimulator/GTMSessionFetcher_GTMSessionFetcherCore.bundle/Info.plist /Users/borisserzhanovich/Library/Developer/Xcode/DerivedData/WorkoutTracker-gugjzwqwyjqwbtaovaznehevomif/Build/Intermediates.noindex/GTMSessionFetcher.build/Debug-iphonesimulator/GTMSessionFetcher_GTMSessionFetcherCore.build/empty-GTMSessionFetcher_GTMSessionFetcherCore.plist (in target 'GTMSessionFetcher_GTMSessionFetcherCore' from project 'GTMSessionFetcher')
    cd /Users/borisserzhanovich/Library/Developer/Xcode/DerivedData/WorkoutTracker-gugjzwqwyjqwbtaovaznehevomif/SourcePackages/checkouts/gtm-session-fetcher
    builtin-infoPlistUtility /Users/borisserzhanovich/Library/Developer/Xcode/DerivedData/WorkoutTracker-gugjzwqwyjqwbtaovaznehevomif/Build/Intermediates.noindex/GTMSessionFetcher.build/Debug-iphonesimulator/GTMSessionFetcher_GTMSessionFetcherCore.build/empty-GTMSessionFetcher_GTMSessionFetcherCore.plist -producttype com.apple.product-type.bundle -expandbuildsettings -format binary -platform iphonesimulator -o /Users/borisserzhanovich/Library/Developer/Xcode/DerivedData/WorkoutTracker-gugjzwqwyjqwbtaovaznehevomif/Build/Products/Debug-iphonesimulator/GTMSessionFetcher_GTMSessionFetcherCore.bundle/Info.plist

ProcessInfoPlistFile /Users/borisserzhanovich/Library/Developer/Xcode/DerivedData/WorkoutTracker-gugjzwqwyjqwbtaovaznehevomif/Build/Products/Debug-iphonesimulator/GTMAppAuth_GTMAppAuth.bundle/Info.plist /Users/borisserzhanovich/Library/Developer/Xcode/DerivedData/WorkoutTracker-gugjzwqwyjqwbtaovaznehevomif/Build/Intermediates.noindex/GTMAppAuth.build/Debug-iphonesimulator/GTMAppAuth_GTMAppAuth.build/empty-GTMAppAuth_GTMAppAuth.plist (in target 'GTMAppAuth_GTMAppAuth' from project 'GTMAppAuth')
    cd /Users/borisserzhanovich/Library/Developer/Xcode/DerivedData/WorkoutTracker-gugjzwqwyjqwbtaovaznehevomif/SourcePackages/checkouts/GTMAppAuth
    builtin-infoPlistUtility /Users/borisserzhanovich/Library/Developer/Xcode/DerivedData/WorkoutTracker-gugjzwqwyjqwbtaovaznehevomif/Build/Intermediates.noindex/GTMAppAuth.build/Debug-iphonesimulator/GTMAppAuth_GTMAppAuth.build/empty-GTMAppAuth_GTMAppAuth.plist -producttype com.apple.product-type.bundle -expandbuildsettings -format binary -platform iphonesimulator -o /Users/borisserzhanovich/Library/Developer/Xcode/DerivedData/WorkoutTracker-gugjzwqwyjqwbtaovaznehevomif/Build/Products/Debug-iphonesimulator/GTMAppAuth_GTMAppAuth.bundle/Info.plist

ProcessInfoPlistFile /Users/borisserzhanovich/Library/Developer/Xcode/DerivedData/WorkoutTracker-gugjzwqwyjqwbtaovaznehevomif/Build/Products/Debug-iphonesimulator/Firebase_FirebaseRemoteConfig.bundle/Info.plist /Users/borisserzhanovich/Library/Developer/Xcode/DerivedData/WorkoutTracker-gugjzwqwyjqwbtaovaznehevomif/Build/Intermediates.noindex/Firebase.build/Debug-iphonesimulator/Firebase_FirebaseRemoteConfig.build/empty-Firebase_FirebaseRemoteConfig.plist (in target 'Firebase_FirebaseRemoteConfig' from project 'Firebase')
    cd /Users/borisserzhanovich/Library/Developer/Xcode/DerivedData/WorkoutTracker-gugjzwqwyjqwbtaovaznehevomif/SourcePackages/checkouts/firebase-ios-sdk
    builtin-infoPlistUtility /Users/borisserzhanovich/Library/Developer/Xcode/DerivedData/WorkoutTracker-gugjzwqwyjqwbtaovaznehevomif/Build/Intermediates.noindex/Firebase.build/Debug-iphonesimulator/Firebase_FirebaseRemoteConfig.build/empty-Firebase_FirebaseRemoteConfig.plist -producttype com.apple.product-type.bundle -expandbuildsettings -format binary -platform iphonesimulator -o /Users/borisserzhanovich/Library/Developer/Xcode/DerivedData/WorkoutTracker-gugjzwqwyjqwbtaovaznehevomif/Build/Products/Debug-iphonesimulator/Firebase_FirebaseRemoteConfig.bundle/Info.plist

ProcessInfoPlistFile /Users/borisserzhanovich/Library/Developer/Xcode/DerivedData/WorkoutTracker-gugjzwqwyjqwbtaovaznehevomif/Build/Products/Debug-iphonesimulator/Firebase_FirebaseInstallations.bundle/Info.plist /Users/borisserzhanovich/Library/Developer/Xcode/DerivedData/WorkoutTracker-gugjzwqwyjqwbtaovaznehevomif/Build/Intermediates.noindex/Firebase.build/Debug-iphonesimulator/Firebase_FirebaseInstallations.build/empty-Firebase_FirebaseInstallations.plist (in target 'Firebase_FirebaseInstallations' from project 'Firebase')
    cd /Users/borisserzhanovich/Library/Developer/Xcode/DerivedData/WorkoutTracker-gugjzwqwyjqwbtaovaznehevomif/SourcePackages/checkouts/firebase-ios-sdk
    builtin-infoPlistUtility /Users/borisserzhanovich/Library/Developer/Xcode/DerivedData/WorkoutTracker-gugjzwqwyjqwbtaovaznehevomif/Build/Intermediates.noindex/Firebase.build/Debug-iphonesimulator/Firebase_FirebaseInstallations.build/empty-Firebase_FirebaseInstallations.plist -producttype com.apple.product-type.bundle -expandbuildsettings -format binary -platform iphonesimulator -o /Users/borisserzhanovich/Library/Developer/Xcode/DerivedData/WorkoutTracker-gugjzwqwyjqwbtaovaznehevomif/Build/Products/Debug-iphonesimulator/Firebase_FirebaseInstallations.bundle/Info.plist

ProcessInfoPlistFile /Users/borisserzhanovich/Library/Developer/Xcode/DerivedData/WorkoutTracker-gugjzwqwyjqwbtaovaznehevomif/Build/Products/Debug-iphonesimulator/Firebase_FirebaseFirestore.bundle/Info.plist /Users/borisserzhanovich/Library/Developer/Xcode/DerivedData/WorkoutTracker-gugjzwqwyjqwbtaovaznehevomif/Build/Intermediates.noindex/Firebase.build/Debug-iphonesimulator/Firebase_FirebaseFirestore.build/empty-Firebase_FirebaseFirestore.plist (in target 'Firebase_FirebaseFirestore' from project 'Firebase')
    cd /Users/borisserzhanovich/Library/Developer/Xcode/DerivedData/WorkoutTracker-gugjzwqwyjqwbtaovaznehevomif/SourcePackages/checkouts/firebase-ios-sdk
    builtin-infoPlistUtility /Users/borisserzhanovich/Library/Developer/Xcode/DerivedData/WorkoutTracker-gugjzwqwyjqwbtaovaznehevomif/Build/Intermediates.noindex/Firebase.build/Debug-iphonesimulator/Firebase_FirebaseFirestore.build/empty-Firebase_FirebaseFirestore.plist -producttype com.apple.product-type.bundle -expandbuildsettings -format binary -platform iphonesimulator -o /Users/borisserzhanovich/Library/Developer/Xcode/DerivedData/WorkoutTracker-gugjzwqwyjqwbtaovaznehevomif/Build/Products/Debug-iphonesimulator/Firebase_FirebaseFirestore.bundle/Info.plist

ProcessInfoPlistFile /Users/borisserzhanovich/Library/Developer/Xcode/DerivedData/WorkoutTracker-gugjzwqwyjqwbtaovaznehevomif/Build/Products/Debug-iphonesimulator/Firebase_FirebaseCrashlyticsSwift.bundle/Info.plist /Users/borisserzhanovich/Library/Developer/Xcode/DerivedData/WorkoutTracker-gugjzwqwyjqwbtaovaznehevomif/Build/Intermediates.noindex/Firebase.build/Debug-iphonesimulator/Firebase_FirebaseCrashlyticsSwift.build/empty-Firebase_FirebaseCrashlyticsSwift.plist (in target 'Firebase_FirebaseCrashlyticsSwift' from project 'Firebase')
    cd /Users/borisserzhanovich/Library/Developer/Xcode/DerivedData/WorkoutTracker-gugjzwqwyjqwbtaovaznehevomif/SourcePackages/checkouts/firebase-ios-sdk
    builtin-infoPlistUtility /Users/borisserzhanovich/Library/Developer/Xcode/DerivedData/WorkoutTracker-gugjzwqwyjqwbtaovaznehevomif/Build/Intermediates.noindex/Firebase.build/Debug-iphonesimulator/Firebase_FirebaseCrashlyticsSwift.build/empty-Firebase_FirebaseCrashlyticsSwift.plist -producttype com.apple.product-type.bundle -expandbuildsettings -format binary -platform iphonesimulator -o /Users/borisserzhanovich/Library/Developer/Xcode/DerivedData/WorkoutTracker-gugjzwqwyjqwbtaovaznehevomif/Build/Products/Debug-iphonesimulator/Firebase_FirebaseCrashlyticsSwift.bundle/Info.plist

ProcessInfoPlistFile /Users/borisserzhanovich/Library/Developer/Xcode/DerivedData/WorkoutTracker-gugjzwqwyjqwbtaovaznehevomif/Build/Products/Debug-iphonesimulator/Firebase_FirebaseCrashlytics.bundle/Info.plist /Users/borisserzhanovich/Library/Developer/Xcode/DerivedData/WorkoutTracker-gugjzwqwyjqwbtaovaznehevomif/Build/Intermediates.noindex/Firebase.build/Debug-iphonesimulator/Firebase_FirebaseCrashlytics.build/empty-Firebase_FirebaseCrashlytics.plist (in target 'Firebase_FirebaseCrashlytics' from project 'Firebase')
    cd /Users/borisserzhanovich/Library/Developer/Xcode/DerivedData/WorkoutTracker-gugjzwqwyjqwbtaovaznehevomif/SourcePackages/checkouts/firebase-ios-sdk
    builtin-infoPlistUtility /Users/borisserzhanovich/Library/Developer/Xcode/DerivedData/WorkoutTracker-gugjzwqwyjqwbtaovaznehevomif/Build/Intermediates.noindex/Firebase.build/Debug-iphonesimulator/Firebase_FirebaseCrashlytics.build/empty-Firebase_FirebaseCrashlytics.plist -producttype com.apple.product-type.bundle -expandbuildsettings -format binary -platform iphonesimulator -o /Users/borisserzhanovich/Library/Developer/Xcode/DerivedData/WorkoutTracker-gugjzwqwyjqwbtaovaznehevomif/Build/Products/Debug-iphonesimulator/Firebase_FirebaseCrashlytics.bundle/Info.plist

ProcessInfoPlistFile /Users/borisserzhanovich/Library/Developer/Xcode/DerivedData/WorkoutTracker-gugjzwqwyjqwbtaovaznehevomif/Build/Products/Debug-iphonesimulator/Firebase_FirebaseCoreInternal.bundle/Info.plist /Users/borisserzhanovich/Library/Developer/Xcode/DerivedData/WorkoutTracker-gugjzwqwyjqwbtaovaznehevomif/Build/Intermediates.noindex/Firebase.build/Debug-iphonesimulator/Firebase_FirebaseCoreInternal.build/empty-Firebase_FirebaseCoreInternal.plist (in target 'Firebase_FirebaseCoreInternal' from project 'Firebase')
    cd /Users/borisserzhanovich/Library/Developer/Xcode/DerivedData/WorkoutTracker-gugjzwqwyjqwbtaovaznehevomif/SourcePackages/checkouts/firebase-ios-sdk
    builtin-infoPlistUtility /Users/borisserzhanovich/Library/Developer/Xcode/DerivedData/WorkoutTracker-gugjzwqwyjqwbtaovaznehevomif/Build/Intermediates.noindex/Firebase.build/Debug-iphonesimulator/Firebase_FirebaseCoreInternal.build/empty-Firebase_FirebaseCoreInternal.plist -producttype com.apple.product-type.bundle -expandbuildsettings -format binary -platform iphonesimulator -o /Users/borisserzhanovich/Library/Developer/Xcode/DerivedData/WorkoutTracker-gugjzwqwyjqwbtaovaznehevomif/Build/Products/Debug-iphonesimulator/Firebase_FirebaseCoreInternal.bundle/Info.plist

Ld /Users/borisserzhanovich/Library/Developer/Xcode/DerivedData/WorkoutTracker-gugjzwqwyjqwbtaovaznehevomif/Build/Products/Debug-iphonesimulator/GTMSessionFetcherCore.o normal (in target 'GTMSessionFetcherCore' from project 'GTMSessionFetcher')
    cd /Users/borisserzhanovich/Library/Developer/Xcode/DerivedData/WorkoutTracker-gugjzwqwyjqwbtaovaznehevomif/SourcePackages/checkouts/gtm-session-fetcher
    /Applications/Xcode.app/Contents/Developer/Toolchains/XcodeDefault.xctoolchain/usr/bin/clang -Xlinker -reproducible -target arm64-apple-ios12.0-simulator -r -isysroot /Applications/Xcode.app/Contents/Developer/Platforms/iPhoneSimulator.platform/Developer/SDKs/iPhoneSimulator26.2.sdk -O0 -w -L/Users/borisserzhanovich/Library/Developer/Xcode/DerivedData/WorkoutTracker-gugjzwqwyjqwbtaovaznehevomif/Build/Intermediates.noindex/EagerLinkingTBDs/Debug-iphonesimulator -L/Users/borisserzhanovich/Library/Developer/Xcode/DerivedData/WorkoutTracker-gugjzwqwyjqwbtaovaznehevomif/Build/Products/Debug-iphonesimulator -L/Applications/Xcode.app/Contents/Developer/Platforms/iPhoneSimulator.platform/Developer/usr/lib -F/Users/borisserzhanovich/Library/Developer/Xcode/DerivedData/WorkoutTracker-gugjzwqwyjqwbtaovaznehevomif/Build/Intermediates.noindex/EagerLinkingTBDs/Debug-iphonesimulator -F/Users/borisserzhanovich/Library/Developer/Xcode/DerivedData/WorkoutTracker-gugjzwqwyjqwbtaovaznehevomif/Build/Products/Debug-iphonesimulator -iframework /Applications/Xcode.app/Contents/Developer/Platforms/iPhoneSimulator.platform/Developer/Library/Frameworks -iframework /Applications/Xcode.app/Contents/Developer/Platforms/iPhoneSimulator.platform/Developer/SDKs/iPhoneSimulator26.2.sdk/Developer/Library/Frameworks -filelist /Users/borisserzhanovich/Library/Developer/Xcode/DerivedData/WorkoutTracker-gugjzwqwyjqwbtaovaznehevomif/Build/Intermediates.noindex/GTMSessionFetcher.build/Debug-iphonesimulator/GTMSessionFetcherCore.build/Objects-normal/arm64/GTMSessionFetcherCore.LinkFileList -nostdlib -Xlinker -object_path_lto -Xlinker /Users/borisserzhanovich/Library/Developer/Xcode/DerivedData/WorkoutTracker-gugjzwqwyjqwbtaovaznehevomif/Build/Intermediates.noindex/GTMSessionFetcher.build/Debug-iphonesimulator/GTMSessionFetcherCore.build/Objects-normal/arm64/GTMSessionFetcherCore_lto.o -rdynamic -Xlinker -no_deduplicate -Xlinker -objc_abi_version -Xlinker 2 -Xlinker -dependency_info -Xlinker /Users/borisserzhanovich/Library/Developer/Xcode/DerivedData/WorkoutTracker-gugjzwqwyjqwbtaovaznehevomif/Build/Intermediates.noindex/GTMSessionFetcher.build/Debug-iphonesimulator/GTMSessionFetcherCore.build/Objects-normal/arm64/GTMSessionFetcherCore_dependency_info.dat -fobjc-arc -fobjc-link-runtime -o /Users/borisserzhanovich/Library/Developer/Xcode/DerivedData/WorkoutTracker-gugjzwqwyjqwbtaovaznehevomif/Build/Products/Debug-iphonesimulator/GTMSessionFetcherCore.o

ProcessInfoPlistFile /Users/borisserzhanovich/Library/Developer/Xcode/DerivedData/WorkoutTracker-gugjzwqwyjqwbtaovaznehevomif/Build/Products/Debug-iphonesimulator/Firebase_FirebaseCoreExtension.bundle/Info.plist /Users/borisserzhanovich/Library/Developer/Xcode/DerivedData/WorkoutTracker-gugjzwqwyjqwbtaovaznehevomif/Build/Intermediates.noindex/Firebase.build/Debug-iphonesimulator/Firebase_FirebaseCoreExtension.build/empty-Firebase_FirebaseCoreExtension.plist (in target 'Firebase_FirebaseCoreExtension' from project 'Firebase')
    cd /Users/borisserzhanovich/Library/Developer/Xcode/DerivedData/WorkoutTracker-gugjzwqwyjqwbtaovaznehevomif/SourcePackages/checkouts/firebase-ios-sdk
    builtin-infoPlistUtility /Users/borisserzhanovich/Library/Developer/Xcode/DerivedData/WorkoutTracker-gugjzwqwyjqwbtaovaznehevomif/Build/Intermediates.noindex/Firebase.build/Debug-iphonesimulator/Firebase_FirebaseCoreExtension.build/empty-Firebase_FirebaseCoreExtension.plist -producttype com.apple.product-type.bundle -expandbuildsettings -format binary -platform iphonesimulator -o /Users/borisserzhanovich/Library/Developer/Xcode/DerivedData/WorkoutTracker-gugjzwqwyjqwbtaovaznehevomif/Build/Products/Debug-iphonesimulator/Firebase_FirebaseCoreExtension.bundle/Info.plist

ProcessInfoPlistFile /Users/borisserzhanovich/Library/Developer/Xcode/DerivedData/WorkoutTracker-gugjzwqwyjqwbtaovaznehevomif/Build/Products/Debug-iphonesimulator/Firebase_FirebaseCore.bundle/Info.plist /Users/borisserzhanovich/Library/Developer/Xcode/DerivedData/WorkoutTracker-gugjzwqwyjqwbtaovaznehevomif/Build/Intermediates.noindex/Firebase.build/Debug-iphonesimulator/Firebase_FirebaseCore.build/empty-Firebase_FirebaseCore.plist (in target 'Firebase_FirebaseCore' from project 'Firebase')
    cd /Users/borisserzhanovich/Library/Developer/Xcode/DerivedData/WorkoutTracker-gugjzwqwyjqwbtaovaznehevomif/SourcePackages/checkouts/firebase-ios-sdk
    builtin-infoPlistUtility /Users/borisserzhanovich/Library/Developer/Xcode/DerivedData/WorkoutTracker-gugjzwqwyjqwbtaovaznehevomif/Build/Intermediates.noindex/Firebase.build/Debug-iphonesimulator/Firebase_FirebaseCore.build/empty-Firebase_FirebaseCore.plist -producttype com.apple.product-type.bundle -expandbuildsettings -format binary -platform iphonesimulator -o /Users/borisserzhanovich/Library/Developer/Xcode/DerivedData/WorkoutTracker-gugjzwqwyjqwbtaovaznehevomif/Build/Products/Debug-iphonesimulator/Firebase_FirebaseCore.bundle/Info.plist

ProcessInfoPlistFile /Users/borisserzhanovich/Library/Developer/Xcode/DerivedData/WorkoutTracker-gugjzwqwyjqwbtaovaznehevomif/Build/Products/Debug-iphonesimulator/Firebase_FirebaseAuth.bundle/Info.plist /Users/borisserzhanovich/Library/Developer/Xcode/DerivedData/WorkoutTracker-gugjzwqwyjqwbtaovaznehevomif/Build/Intermediates.noindex/Firebase.build/Debug-iphonesimulator/Firebase_FirebaseAuth.build/empty-Firebase_FirebaseAuth.plist (in target 'Firebase_FirebaseAuth' from project 'Firebase')
    cd /Users/borisserzhanovich/Library/Developer/Xcode/DerivedData/WorkoutTracker-gugjzwqwyjqwbtaovaznehevomif/SourcePackages/checkouts/firebase-ios-sdk
    builtin-infoPlistUtility /Users/borisserzhanovich/Library/Developer/Xcode/DerivedData/WorkoutTracker-gugjzwqwyjqwbtaovaznehevomif/Build/Intermediates.noindex/Firebase.build/Debug-iphonesimulator/Firebase_FirebaseAuth.build/empty-Firebase_FirebaseAuth.plist -producttype com.apple.product-type.bundle -expandbuildsettings -format binary -platform iphonesimulator -o /Users/borisserzhanovich/Library/Developer/Xcode/DerivedData/WorkoutTracker-gugjzwqwyjqwbtaovaznehevomif/Build/Products/Debug-iphonesimulator/Firebase_FirebaseAuth.bundle/Info.plist

ProcessInfoPlistFile /Users/borisserzhanovich/Library/Developer/Xcode/DerivedData/WorkoutTracker-gugjzwqwyjqwbtaovaznehevomif/Build/Products/Debug-iphonesimulator/Firebase_FirebaseABTesting.bundle/Info.plist /Users/borisserzhanovich/Library/Developer/Xcode/DerivedData/WorkoutTracker-gugjzwqwyjqwbtaovaznehevomif/Build/Intermediates.noindex/Firebase.build/Debug-iphonesimulator/Firebase_FirebaseABTesting.build/empty-Firebase_FirebaseABTesting.plist (in target 'Firebase_FirebaseABTesting' from project 'Firebase')
    cd /Users/borisserzhanovich/Library/Developer/Xcode/DerivedData/WorkoutTracker-gugjzwqwyjqwbtaovaznehevomif/SourcePackages/checkouts/firebase-ios-sdk
    builtin-infoPlistUtility /Users/borisserzhanovich/Library/Developer/Xcode/DerivedData/WorkoutTracker-gugjzwqwyjqwbtaovaznehevomif/Build/Intermediates.noindex/Firebase.build/Debug-iphonesimulator/Firebase_FirebaseABTesting.build/empty-Firebase_FirebaseABTesting.plist -producttype com.apple.product-type.bundle -expandbuildsettings -format binary -platform iphonesimulator -o /Users/borisserzhanovich/Library/Developer/Xcode/DerivedData/WorkoutTracker-gugjzwqwyjqwbtaovaznehevomif/Build/Products/Debug-iphonesimulator/Firebase_FirebaseABTesting.bundle/Info.plist

ProcessInfoPlistFile /Users/borisserzhanovich/Library/Developer/Xcode/DerivedData/WorkoutTracker-gugjzwqwyjqwbtaovaznehevomif/Build/Products/Debug-iphonesimulator/AppAuth_AppAuthCore.bundle/Info.plist /Users/borisserzhanovich/Library/Developer/Xcode/DerivedData/WorkoutTracker-gugjzwqwyjqwbtaovaznehevomif/Build/Intermediates.noindex/AppAuth.build/Debug-iphonesimulator/AppAuth_AppAuthCore.build/empty-AppAuth_AppAuthCore.plist (in target 'AppAuth_AppAuthCore' from project 'AppAuth')
    cd /Users/borisserzhanovich/Library/Developer/Xcode/DerivedData/WorkoutTracker-gugjzwqwyjqwbtaovaznehevomif/SourcePackages/checkouts/AppAuth-iOS
    builtin-infoPlistUtility /Users/borisserzhanovich/Library/Developer/Xcode/DerivedData/WorkoutTracker-gugjzwqwyjqwbtaovaznehevomif/Build/Intermediates.noindex/AppAuth.build/Debug-iphonesimulator/AppAuth_AppAuthCore.build/empty-AppAuth_AppAuthCore.plist -producttype com.apple.product-type.bundle -expandbuildsettings -format binary -platform iphonesimulator -o /Users/borisserzhanovich/Library/Developer/Xcode/DerivedData/WorkoutTracker-gugjzwqwyjqwbtaovaznehevomif/Build/Products/Debug-iphonesimulator/AppAuth_AppAuthCore.bundle/Info.plist

ProcessInfoPlistFile /Users/borisserzhanovich/Library/Developer/Xcode/DerivedData/WorkoutTracker-gugjzwqwyjqwbtaovaznehevomif/Build/Products/Debug-iphonesimulator/AppAuth_AppAuth.bundle/Info.plist /Users/borisserzhanovich/Library/Developer/Xcode/DerivedData/WorkoutTracker-gugjzwqwyjqwbtaovaznehevomif/Build/Intermediates.noindex/AppAuth.build/Debug-iphonesimulator/AppAuth_AppAuth.build/empty-AppAuth_AppAuth.plist (in target 'AppAuth_AppAuth' from project 'AppAuth')
    cd /Users/borisserzhanovich/Library/Developer/Xcode/DerivedData/WorkoutTracker-gugjzwqwyjqwbtaovaznehevomif/SourcePackages/checkouts/AppAuth-iOS
    builtin-infoPlistUtility /Users/borisserzhanovich/Library/Developer/Xcode/DerivedData/WorkoutTracker-gugjzwqwyjqwbtaovaznehevomif/Build/Intermediates.noindex/AppAuth.build/Debug-iphonesimulator/AppAuth_AppAuth.build/empty-AppAuth_AppAuth.plist -producttype com.apple.product-type.bundle -expandbuildsettings -format binary -platform iphonesimulator -o /Users/borisserzhanovich/Library/Developer/Xcode/DerivedData/WorkoutTracker-gugjzwqwyjqwbtaovaznehevomif/Build/Products/Debug-iphonesimulator/AppAuth_AppAuth.bundle/Info.plist

Ld /Users/borisserzhanovich/Library/Developer/Xcode/DerivedData/WorkoutTracker-gugjzwqwyjqwbtaovaznehevomif/Build/Intermediates.noindex/WorkoutTracker.build/Debug-watchsimulator/WorkoutTrackerWatch\ Watch\ App.build/Objects-normal/arm64/Binary/__preview.dylib normal arm64 (in target 'WorkoutTrackerWatch Watch App' from project 'WorkoutTracker')
    cd /Users/borisserzhanovich/projects/Workout/WorkoutTracker\ copy
    /Applications/Xcode.app/Contents/Developer/Toolchains/XcodeDefault.xctoolchain/usr/bin/clang -Xlinker -reproducible -target arm64-apple-watchos11.6-simulator -dynamiclib -isysroot /Applications/Xcode.app/Contents/Developer/Platforms/WatchSimulator.platform/Developer/SDKs/WatchSimulator26.2.sdk -O0 -L/Users/borisserzhanovich/Library/Developer/Xcode/DerivedData/WorkoutTracker-gugjzwqwyjqwbtaovaznehevomif/Build/Products/Debug-watchsimulator -F/Users/borisserzhanovich/Library/Developer/Xcode/DerivedData/WorkoutTracker-gugjzwqwyjqwbtaovaznehevomif/Build/Products/Debug-watchsimulator -install_name @rpath/WorkoutTrackerWatch\ Watch\ App.debug.dylib -dead_strip -rdynamic -Xlinker -no_deduplicate -Xlinker -objc_abi_version -Xlinker 2 -Xlinker -dependency_info -Xlinker /Users/borisserzhanovich/Library/Developer/Xcode/DerivedData/WorkoutTracker-gugjzwqwyjqwbtaovaznehevomif/Build/Intermediates.noindex/WorkoutTracker.build/Debug-watchsimulator/WorkoutTrackerWatch\ Watch\ App.build/Objects-normal/arm64/WorkoutTrackerWatch\ Watch\ App_dependency_info.dat -Xlinker -sectcreate -Xlinker __TEXT -Xlinker __entitlements -Xlinker /Users/borisserzhanovich/Library/Developer/Xcode/DerivedData/WorkoutTracker-gugjzwqwyjqwbtaovaznehevomif/Build/Intermediates.noindex/WorkoutTracker.build/Debug-watchsimulator/WorkoutTrackerWatch\ Watch\ App.build/WorkoutTrackerWatch\ Watch\ App.app-Simulated.xcent -Xlinker -sectcreate -Xlinker __TEXT -Xlinker __ents_der -Xlinker /Users/borisserzhanovich/Library/Developer/Xcode/DerivedData/WorkoutTracker-gugjzwqwyjqwbtaovaznehevomif/Build/Intermediates.noindex/WorkoutTracker.build/Debug-watchsimulator/WorkoutTrackerWatch\ Watch\ App.build/WorkoutTrackerWatch\ Watch\ App.app-Simulated.xcent.der -Xlinker -no_adhoc_codesign -o /Users/borisserzhanovich/Library/Developer/Xcode/DerivedData/WorkoutTracker-gugjzwqwyjqwbtaovaznehevomif/Build/Intermediates.noindex/WorkoutTracker.build/Debug-watchsimulator/WorkoutTrackerWatch\ Watch\ App.build/Objects-normal/arm64/Binary/__preview.dylib

RegisterExecutionPolicyException /Users/borisserzhanovich/Library/Developer/Xcode/DerivedData/WorkoutTracker-gugjzwqwyjqwbtaovaznehevomif/Build/Products/Debug-iphonesimulator/third-party-IsAppEncrypted.o (in target 'third-party-IsAppEncrypted' from project 'GoogleUtilities')
    cd /Users/borisserzhanovich/Library/Developer/Xcode/DerivedData/WorkoutTracker-gugjzwqwyjqwbtaovaznehevomif/SourcePackages/checkouts/GoogleUtilities
    builtin-RegisterExecutionPolicyException /Users/borisserzhanovich/Library/Developer/Xcode/DerivedData/WorkoutTracker-gugjzwqwyjqwbtaovaznehevomif/Build/Products/Debug-iphonesimulator/third-party-IsAppEncrypted.o

RegisterExecutionPolicyException /Users/borisserzhanovich/Library/Developer/Xcode/DerivedData/WorkoutTracker-gugjzwqwyjqwbtaovaznehevomif/Build/Products/Debug-iphonesimulator/opensslWrapper.o (in target 'opensslWrapper' from project 'gRPC')
    cd /Users/borisserzhanovich/Library/Developer/Xcode/DerivedData/WorkoutTracker-gugjzwqwyjqwbtaovaznehevomif/SourcePackages/checkouts/grpc-binary
    builtin-RegisterExecutionPolicyException /Users/borisserzhanovich/Library/Developer/Xcode/DerivedData/WorkoutTracker-gugjzwqwyjqwbtaovaznehevomif/Build/Products/Debug-iphonesimulator/opensslWrapper.o

RegisterExecutionPolicyException /Users/borisserzhanovich/Library/Developer/Xcode/DerivedData/WorkoutTracker-gugjzwqwyjqwbtaovaznehevomif/Build/Products/Debug-iphonesimulator/nanopb.o (in target 'nanopb' from project 'nanopb')
    cd /Users/borisserzhanovich/Library/Developer/Xcode/DerivedData/WorkoutTracker-gugjzwqwyjqwbtaovaznehevomif/SourcePackages/checkouts/nanopb
    builtin-RegisterExecutionPolicyException /Users/borisserzhanovich/Library/Developer/Xcode/DerivedData/WorkoutTracker-gugjzwqwyjqwbtaovaznehevomif/Build/Products/Debug-iphonesimulator/nanopb.o

RegisterExecutionPolicyException /Users/borisserzhanovich/Library/Developer/Xcode/DerivedData/WorkoutTracker-gugjzwqwyjqwbtaovaznehevomif/Build/Products/Debug-iphonesimulator/leveldb.o (in target 'leveldb' from project 'leveldb')
    cd /Users/borisserzhanovich/Library/Developer/Xcode/DerivedData/WorkoutTracker-gugjzwqwyjqwbtaovaznehevomif/SourcePackages/checkouts/leveldb
    builtin-RegisterExecutionPolicyException /Users/borisserzhanovich/Library/Developer/Xcode/DerivedData/WorkoutTracker-gugjzwqwyjqwbtaovaznehevomif/Build/Products/Debug-iphonesimulator/leveldb.o

CompileAssetCatalogVariant thinned /Users/borisserzhanovich/Library/Developer/Xcode/DerivedData/WorkoutTracker-gugjzwqwyjqwbtaovaznehevomif/Build/Products/Debug-watchsimulator/WorkoutTrackerWatch\ Watch\ App.app /Users/borisserzhanovich/projects/Workout/WorkoutTracker\ copy/WatchApp/Assets.xcassets (in target 'WorkoutTrackerWatch Watch App' from project 'WorkoutTracker')
    cd /Users/borisserzhanovich/projects/Workout/WorkoutTracker\ copy
    /Applications/Xcode.app/Contents/Developer/usr/bin/actool /Users/borisserzhanovich/projects/Workout/WorkoutTracker\ copy/WatchApp/Assets.xcassets --compile /Users/borisserzhanovich/Library/Developer/Xcode/DerivedData/WorkoutTracker-gugjzwqwyjqwbtaovaznehevomif/Build/Intermediates.noindex/WorkoutTracker.build/Debug-watchsimulator/WorkoutTrackerWatch\ Watch\ App.build/assetcatalog_output/thinned --output-format human-readable-text --notices --warnings --export-dependency-info /Users/borisserzhanovich/Library/Developer/Xcode/DerivedData/WorkoutTracker-gugjzwqwyjqwbtaovaznehevomif/Build/Intermediates.noindex/WorkoutTracker.build/Debug-watchsimulator/WorkoutTrackerWatch\ Watch\ App.build/assetcatalog_dependencies_thinned --output-partial-info-plist /Users/borisserzhanovich/Library/Developer/Xcode/DerivedData/WorkoutTracker-gugjzwqwyjqwbtaovaznehevomif/Build/Intermediates.noindex/WorkoutTracker.build/Debug-watchsimulator/WorkoutTrackerWatch\ Watch\ App.build/assetcatalog_generated_info.plist_thinned --app-icon AppIcon --accent-color AccentColor --compress-pngs --enable-on-demand-resources YES --filter-for-thinning-device-configuration iPhone18,1 --filter-for-device-os-version 26.3.1 --development-region en --target-device watch --minimum-deployment-target 11.6 --platform watchsimulator
/* com.apple.actool.document.warnings */
/Users/borisserzhanovich/projects/Workout/WorkoutTracker copy/WatchApp/Assets.xcassets:./AppIcon.appiconset/[][universal][1024x1024][][][][][][][][2d][AppIcon1024x1024.png]: warning: The app icon set "AppIcon" has an unassigned child.
/Users/borisserzhanovich/projects/Workout/WorkoutTracker copy/WatchApp/Assets.xcassets:./AppIcon.appiconset/[][universal][1024x1024][][][][][][][][2d][AppIcon1024x1024.png]: warning: The app icon set "AppIcon" has an unassigned child.
/* com.apple.actool.compilation-results */
/Users/borisserzhanovich/Library/Developer/Xcode/DerivedData/WorkoutTracker-gugjzwqwyjqwbtaovaznehevomif/Build/Intermediates.noindex/WorkoutTracker.build/Debug-watchsimulator/WorkoutTrackerWatch Watch App.build/assetcatalog_generated_info.plist_thinned


RegisterExecutionPolicyException /Users/borisserzhanovich/Library/Developer/Xcode/DerivedData/WorkoutTracker-gugjzwqwyjqwbtaovaznehevomif/Build/Products/Debug-iphonesimulator/grpcWrapper.o (in target 'grpcWrapper' from project 'gRPC')
    cd /Users/borisserzhanovich/Library/Developer/Xcode/DerivedData/WorkoutTracker-gugjzwqwyjqwbtaovaznehevomif/SourcePackages/checkouts/grpc-binary
    builtin-RegisterExecutionPolicyException /Users/borisserzhanovich/Library/Developer/Xcode/DerivedData/WorkoutTracker-gugjzwqwyjqwbtaovaznehevomif/Build/Products/Debug-iphonesimulator/grpcWrapper.o

Ld /Users/borisserzhanovich/Library/Developer/Xcode/DerivedData/WorkoutTracker-gugjzwqwyjqwbtaovaznehevomif/Build/Intermediates.noindex/WorkoutTracker.build/Debug-watchsimulator/WorkoutTrackerWatch\ Watch\ App.build/Objects-normal/arm64/Binary/WorkoutTrackerWatch\ Watch\ App.debug.dylib normal arm64 (in target 'WorkoutTrackerWatch Watch App' from project 'WorkoutTracker')
    cd /Users/borisserzhanovich/projects/Workout/WorkoutTracker\ copy
    /Applications/Xcode.app/Contents/Developer/Toolchains/XcodeDefault.xctoolchain/usr/bin/clang -Xlinker -reproducible -target arm64-apple-watchos11.6-simulator -dynamiclib -isysroot /Applications/Xcode.app/Contents/Developer/Platforms/WatchSimulator.platform/Developer/SDKs/WatchSimulator26.2.sdk -O0 -L/Users/borisserzhanovich/Library/Developer/Xcode/DerivedData/WorkoutTracker-gugjzwqwyjqwbtaovaznehevomif/Build/Intermediates.noindex/EagerLinkingTBDs/Debug-watchsimulator -L/Users/borisserzhanovich/Library/Developer/Xcode/DerivedData/WorkoutTracker-gugjzwqwyjqwbtaovaznehevomif/Build/Products/Debug-watchsimulator -F/Users/borisserzhanovich/Library/Developer/Xcode/DerivedData/WorkoutTracker-gugjzwqwyjqwbtaovaznehevomif/Build/Intermediates.noindex/EagerLinkingTBDs/Debug-watchsimulator -F/Users/borisserzhanovich/Library/Developer/Xcode/DerivedData/WorkoutTracker-gugjzwqwyjqwbtaovaznehevomif/Build/Products/Debug-watchsimulator -filelist /Users/borisserzhanovich/Library/Developer/Xcode/DerivedData/WorkoutTracker-gugjzwqwyjqwbtaovaznehevomif/Build/Intermediates.noindex/WorkoutTracker.build/Debug-watchsimulator/WorkoutTrackerWatch\ Watch\ App.build/Objects-normal/arm64/WorkoutTrackerWatch\ Watch\ App.LinkFileList -install_name @rpath/WorkoutTrackerWatch\ Watch\ App.debug.dylib -Xlinker -rpath -Xlinker /usr/lib/swift -Xlinker -rpath -Xlinker @executable_path/Frameworks -dead_strip -Xlinker -object_path_lto -Xlinker /Users/borisserzhanovich/Library/Developer/Xcode/DerivedData/WorkoutTracker-gugjzwqwyjqwbtaovaznehevomif/Build/Intermediates.noindex/WorkoutTracker.build/Debug-watchsimulator/WorkoutTrackerWatch\ Watch\ App.build/Objects-normal/arm64/WorkoutTrackerWatch\ Watch\ App_lto.o -rdynamic -Xlinker -no_deduplicate -Xlinker -objc_abi_version -Xlinker 2 -Xlinker -dependency_info -Xlinker /Users/borisserzhanovich/Library/Developer/Xcode/DerivedData/WorkoutTracker-gugjzwqwyjqwbtaovaznehevomif/Build/Intermediates.noindex/WorkoutTracker.build/Debug-watchsimulator/WorkoutTrackerWatch\ Watch\ App.build/Objects-normal/arm64/WorkoutTrackerWatch\ Watch\ App_dependency_info.dat -fobjc-link-runtime -L/Applications/Xcode.app/Contents/Developer/Toolchains/XcodeDefault.xctoolchain/usr/lib/swift/watchsimulator -L/usr/lib/swift -Xlinker -add_ast_path -Xlinker /Users/borisserzhanovich/Library/Developer/Xcode/DerivedData/WorkoutTracker-gugjzwqwyjqwbtaovaznehevomif/Build/Intermediates.noindex/WorkoutTracker.build/Debug-watchsimulator/WorkoutTrackerWatch\ Watch\ App.build/Objects-normal/arm64/WorkoutTrackerWatch_Watch_App.swiftmodule @/Users/borisserzhanovich/Library/Developer/Xcode/DerivedData/WorkoutTracker-gugjzwqwyjqwbtaovaznehevomif/Build/Intermediates.noindex/WorkoutTracker.build/Debug-watchsimulator/WorkoutTrackerWatch\ Watch\ App.build/Objects-normal/arm64/WorkoutTrackerWatch_Watch_App-linker-args.resp -Xlinker -alias -Xlinker _main -Xlinker ___debug_main_executable_dylib_entry_point -Xlinker -no_adhoc_codesign -o /Users/borisserzhanovich/Library/Developer/Xcode/DerivedData/WorkoutTracker-gugjzwqwyjqwbtaovaznehevomif/Build/Intermediates.noindex/WorkoutTracker.build/Debug-watchsimulator/WorkoutTrackerWatch\ Watch\ App.build/Objects-normal/arm64/Binary/WorkoutTrackerWatch\ Watch\ App.debug.dylib

Ld /Users/borisserzhanovich/Library/Developer/Xcode/DerivedData/WorkoutTracker-gugjzwqwyjqwbtaovaznehevomif/Build/Products/Debug-iphonesimulator/StatsWidgetExtension.appex/StatsWidgetExtension.debug.dylib normal (in target 'StatsWidgetExtension' from project 'WorkoutTracker')
    cd /Users/borisserzhanovich/projects/Workout/WorkoutTracker\ copy
    /Applications/Xcode.app/Contents/Developer/Toolchains/XcodeDefault.xctoolchain/usr/bin/clang -Xlinker -reproducible -target arm64-apple-ios17.6-simulator -dynamiclib -isysroot /Applications/Xcode.app/Contents/Developer/Platforms/iPhoneSimulator.platform/Developer/SDKs/iPhoneSimulator26.2.sdk -O0 -L/Users/borisserzhanovich/Library/Developer/Xcode/DerivedData/WorkoutTracker-gugjzwqwyjqwbtaovaznehevomif/Build/Intermediates.noindex/EagerLinkingTBDs/Debug-iphonesimulator -L/Users/borisserzhanovich/Library/Developer/Xcode/DerivedData/WorkoutTracker-gugjzwqwyjqwbtaovaznehevomif/Build/Products/Debug-iphonesimulator -F/Users/borisserzhanovich/Library/Developer/Xcode/DerivedData/WorkoutTracker-gugjzwqwyjqwbtaovaznehevomif/Build/Intermediates.noindex/EagerLinkingTBDs/Debug-iphonesimulator -F/Users/borisserzhanovich/Library/Developer/Xcode/DerivedData/WorkoutTracker-gugjzwqwyjqwbtaovaznehevomif/Build/Products/Debug-iphonesimulator -filelist /Users/borisserzhanovich/Library/Developer/Xcode/DerivedData/WorkoutTracker-gugjzwqwyjqwbtaovaznehevomif/Build/Intermediates.noindex/WorkoutTracker.build/Debug-iphonesimulator/StatsWidgetExtension.build/Objects-normal/arm64/StatsWidgetExtension.LinkFileList -install_name @rpath/StatsWidgetExtension.debug.dylib -Xlinker -rpath -Xlinker /usr/lib/swift -Xlinker -rpath -Xlinker @executable_path/Frameworks -Xlinker -rpath -Xlinker @executable_path/../../Frameworks -dead_strip -Xlinker -object_path_lto -Xlinker /Users/borisserzhanovich/Library/Developer/Xcode/DerivedData/WorkoutTracker-gugjzwqwyjqwbtaovaznehevomif/Build/Intermediates.noindex/WorkoutTracker.build/Debug-iphonesimulator/StatsWidgetExtension.build/Objects-normal/arm64/StatsWidgetExtension_lto.o -rdynamic -Xlinker -no_deduplicate -Xlinker -objc_abi_version -Xlinker 2 -Xlinker -dependency_info -Xlinker /Users/borisserzhanovich/Library/Developer/Xcode/DerivedData/WorkoutTracker-gugjzwqwyjqwbtaovaznehevomif/Build/Intermediates.noindex/WorkoutTracker.build/Debug-iphonesimulator/StatsWidgetExtension.build/Objects-normal/arm64/StatsWidgetExtension_dependency_info.dat -fapplication-extension -fobjc-link-runtime -L/Applications/Xcode.app/Contents/Developer/Toolchains/XcodeDefault.xctoolchain/usr/lib/swift/iphonesimulator -L/usr/lib/swift -Xlinker -add_ast_path -Xlinker /Users/borisserzhanovich/Library/Developer/Xcode/DerivedData/WorkoutTracker-gugjzwqwyjqwbtaovaznehevomif/Build/Intermediates.noindex/WorkoutTracker.build/Debug-iphonesimulator/StatsWidgetExtension.build/Objects-normal/arm64/StatsWidgetExtension.swiftmodule @/Users/borisserzhanovich/Library/Developer/Xcode/DerivedData/WorkoutTracker-gugjzwqwyjqwbtaovaznehevomif/Build/Intermediates.noindex/WorkoutTracker.build/Debug-iphonesimulator/StatsWidgetExtension.build/Objects-normal/arm64/StatsWidgetExtension-linker-args.resp -Xlinker -alias -Xlinker _NSExtensionMain -Xlinker ___debug_main_executable_dylib_entry_point -framework SwiftUI -framework WidgetKit -Xlinker -no_adhoc_codesign -o /Users/borisserzhanovich/Library/Developer/Xcode/DerivedData/WorkoutTracker-gugjzwqwyjqwbtaovaznehevomif/Build/Products/Debug-iphonesimulator/StatsWidgetExtension.appex/StatsWidgetExtension.debug.dylib

Ld /Users/borisserzhanovich/Library/Developer/Xcode/DerivedData/WorkoutTracker-gugjzwqwyjqwbtaovaznehevomif/Build/Products/Debug-iphonesimulator/WorkoutTimerWidgetExtension.appex/WorkoutTimerWidgetExtension.debug.dylib normal (in target 'WorkoutTimerWidgetExtension' from project 'WorkoutTracker')
    cd /Users/borisserzhanovich/projects/Workout/WorkoutTracker\ copy
    /Applications/Xcode.app/Contents/Developer/Toolchains/XcodeDefault.xctoolchain/usr/bin/clang -Xlinker -reproducible -target arm64-apple-ios17.6-simulator -dynamiclib -isysroot /Applications/Xcode.app/Contents/Developer/Platforms/iPhoneSimulator.platform/Developer/SDKs/iPhoneSimulator26.2.sdk -O0 -L/Users/borisserzhanovich/Library/Developer/Xcode/DerivedData/WorkoutTracker-gugjzwqwyjqwbtaovaznehevomif/Build/Intermediates.noindex/EagerLinkingTBDs/Debug-iphonesimulator -L/Users/borisserzhanovich/Library/Developer/Xcode/DerivedData/WorkoutTracker-gugjzwqwyjqwbtaovaznehevomif/Build/Products/Debug-iphonesimulator -F/Users/borisserzhanovich/Library/Developer/Xcode/DerivedData/WorkoutTracker-gugjzwqwyjqwbtaovaznehevomif/Build/Intermediates.noindex/EagerLinkingTBDs/Debug-iphonesimulator -F/Users/borisserzhanovich/Library/Developer/Xcode/DerivedData/WorkoutTracker-gugjzwqwyjqwbtaovaznehevomif/Build/Products/Debug-iphonesimulator -filelist /Users/borisserzhanovich/Library/Developer/Xcode/DerivedData/WorkoutTracker-gugjzwqwyjqwbtaovaznehevomif/Build/Intermediates.noindex/WorkoutTracker.build/Debug-iphonesimulator/WorkoutTimerWidgetExtension.build/Objects-normal/arm64/WorkoutTimerWidgetExtension.LinkFileList -install_name @rpath/WorkoutTimerWidgetExtension.debug.dylib -Xlinker -rpath -Xlinker /usr/lib/swift -Xlinker -rpath -Xlinker @executable_path/Frameworks -Xlinker -rpath -Xlinker @executable_path/../../Frameworks -dead_strip -Xlinker -object_path_lto -Xlinker /Users/borisserzhanovich/Library/Developer/Xcode/DerivedData/WorkoutTracker-gugjzwqwyjqwbtaovaznehevomif/Build/Intermediates.noindex/WorkoutTracker.build/Debug-iphonesimulator/WorkoutTimerWidgetExtension.build/Objects-normal/arm64/WorkoutTimerWidgetExtension_lto.o -rdynamic -Xlinker -no_deduplicate -Xlinker -objc_abi_version -Xlinker 2 -Xlinker -dependency_info -Xlinker /Users/borisserzhanovich/Library/Developer/Xcode/DerivedData/WorkoutTracker-gugjzwqwyjqwbtaovaznehevomif/Build/Intermediates.noindex/WorkoutTracker.build/Debug-iphonesimulator/WorkoutTimerWidgetExtension.build/Objects-normal/arm64/WorkoutTimerWidgetExtension_dependency_info.dat -fapplication-extension -fobjc-link-runtime -L/Applications/Xcode.app/Contents/Developer/Toolchains/XcodeDefault.xctoolchain/usr/lib/swift/iphonesimulator -L/usr/lib/swift -Xlinker -add_ast_path -Xlinker /Users/borisserzhanovich/Library/Developer/Xcode/DerivedData/WorkoutTracker-gugjzwqwyjqwbtaovaznehevomif/Build/Intermediates.noindex/WorkoutTracker.build/Debug-iphonesimulator/WorkoutTimerWidgetExtension.build/Objects-normal/arm64/WorkoutTimerWidgetExtension.swiftmodule @/Users/borisserzhanovich/Library/Developer/Xcode/DerivedData/WorkoutTracker-gugjzwqwyjqwbtaovaznehevomif/Build/Intermediates.noindex/WorkoutTracker.build/Debug-iphonesimulator/WorkoutTimerWidgetExtension.build/Objects-normal/arm64/WorkoutTimerWidgetExtension-linker-args.resp -Xlinker -alias -Xlinker _NSExtensionMain -Xlinker ___debug_main_executable_dylib_entry_point -framework SwiftUI -framework WidgetKit -Xlinker -no_adhoc_codesign -o /Users/borisserzhanovich/Library/Developer/Xcode/DerivedData/WorkoutTracker-gugjzwqwyjqwbtaovaznehevomif/Build/Products/Debug-iphonesimulator/WorkoutTimerWidgetExtension.appex/WorkoutTimerWidgetExtension.debug.dylib

CompileAssetCatalogVariant thinned /Users/borisserzhanovich/Library/Developer/Xcode/DerivedData/WorkoutTracker-gugjzwqwyjqwbtaovaznehevomif/Build/Products/Debug-iphonesimulator/WorkoutTimerWidgetExtension.appex /Users/borisserzhanovich/projects/Workout/WorkoutTracker\ copy/WorkoutTimerWidget/Assets.xcassets (in target 'WorkoutTimerWidgetExtension' from project 'WorkoutTracker')
    cd /Users/borisserzhanovich/projects/Workout/WorkoutTracker\ copy
    /Applications/Xcode.app/Contents/Developer/usr/bin/actool /Users/borisserzhanovich/projects/Workout/WorkoutTracker\ copy/WorkoutTimerWidget/Assets.xcassets --compile /Users/borisserzhanovich/Library/Developer/Xcode/DerivedData/WorkoutTracker-gugjzwqwyjqwbtaovaznehevomif/Build/Intermediates.noindex/WorkoutTracker.build/Debug-iphonesimulator/WorkoutTimerWidgetExtension.build/assetcatalog_output/thinned --output-format human-readable-text --notices --warnings --export-dependency-info /Users/borisserzhanovich/Library/Developer/Xcode/DerivedData/WorkoutTracker-gugjzwqwyjqwbtaovaznehevomif/Build/Intermediates.noindex/WorkoutTracker.build/Debug-iphonesimulator/WorkoutTimerWidgetExtension.build/assetcatalog_dependencies_thinned --output-partial-info-plist /Users/borisserzhanovich/Library/Developer/Xcode/DerivedData/WorkoutTracker-gugjzwqwyjqwbtaovaznehevomif/Build/Intermediates.noindex/WorkoutTracker.build/Debug-iphonesimulator/WorkoutTimerWidgetExtension.build/assetcatalog_generated_info.plist_thinned --accent-color AccentColor --widget-background-color WidgetBackground --compress-pngs --enable-on-demand-resources NO --standalone-icon-behavior all --filter-for-thinning-device-configuration iPhone18,1 --filter-for-device-os-version 26.3.1 --development-region en --target-device iphone --target-device ipad --minimum-deployment-target 17.6 --platform iphonesimulator
/* com.apple.actool.compilation-results */
/Users/borisserzhanovich/Library/Developer/Xcode/DerivedData/WorkoutTracker-gugjzwqwyjqwbtaovaznehevomif/Build/Intermediates.noindex/WorkoutTracker.build/Debug-iphonesimulator/WorkoutTimerWidgetExtension.build/assetcatalog_generated_info.plist_thinned


CompileAssetCatalogVariant thinned /Users/borisserzhanovich/Library/Developer/Xcode/DerivedData/WorkoutTracker-gugjzwqwyjqwbtaovaznehevomif/Build/Products/Debug-iphonesimulator/StatsWidgetExtension.appex /Users/borisserzhanovich/projects/Workout/WorkoutTracker\ copy/StatsWidget/Assets.xcassets (in target 'StatsWidgetExtension' from project 'WorkoutTracker')
    cd /Users/borisserzhanovich/projects/Workout/WorkoutTracker\ copy
    /Applications/Xcode.app/Contents/Developer/usr/bin/actool /Users/borisserzhanovich/projects/Workout/WorkoutTracker\ copy/StatsWidget/Assets.xcassets --compile /Users/borisserzhanovich/Library/Developer/Xcode/DerivedData/WorkoutTracker-gugjzwqwyjqwbtaovaznehevomif/Build/Intermediates.noindex/WorkoutTracker.build/Debug-iphonesimulator/StatsWidgetExtension.build/assetcatalog_output/thinned --output-format human-readable-text --notices --warnings --export-dependency-info /Users/borisserzhanovich/Library/Developer/Xcode/DerivedData/WorkoutTracker-gugjzwqwyjqwbtaovaznehevomif/Build/Intermediates.noindex/WorkoutTracker.build/Debug-iphonesimulator/StatsWidgetExtension.build/assetcatalog_dependencies_thinned --output-partial-info-plist /Users/borisserzhanovich/Library/Developer/Xcode/DerivedData/WorkoutTracker-gugjzwqwyjqwbtaovaznehevomif/Build/Intermediates.noindex/WorkoutTracker.build/Debug-iphonesimulator/StatsWidgetExtension.build/assetcatalog_generated_info.plist_thinned --accent-color AccentColor --widget-background-color WidgetBackground --compress-pngs --enable-on-demand-resources NO --standalone-icon-behavior all --filter-for-thinning-device-configuration iPhone18,1 --filter-for-device-os-version 26.3.1 --development-region en --target-device iphone --target-device ipad --minimum-deployment-target 17.6 --platform iphonesimulator
/* com.apple.actool.compilation-results */
/Users/borisserzhanovich/Library/Developer/Xcode/DerivedData/WorkoutTracker-gugjzwqwyjqwbtaovaznehevomif/Build/Intermediates.noindex/WorkoutTracker.build/Debug-iphonesimulator/StatsWidgetExtension.build/assetcatalog_generated_info.plist_thinned


ExtractAppIntentsMetadata (in target 'FirebaseSharedSwift' from project 'Firebase')
    cd /Users/borisserzhanovich/Library/Developer/Xcode/DerivedData/WorkoutTracker-gugjzwqwyjqwbtaovaznehevomif/SourcePackages/checkouts/firebase-ios-sdk
    /Applications/Xcode.app/Contents/Developer/Toolchains/XcodeDefault.xctoolchain/usr/bin/appintentsmetadataprocessor --toolchain-dir /Applications/Xcode.app/Contents/Developer/Toolchains/XcodeDefault.xctoolchain --module-name FirebaseSharedSwift --sdk-root /Applications/Xcode.app/Contents/Developer/Platforms/iPhoneSimulator.platform/Developer/SDKs/iPhoneSimulator26.2.sdk --xcode-version 17C529 --platform-family iOS --deployment-target 15.0 --bundle-identifier firebase-ios-sdk.FirebaseSharedSwift --output /Users/borisserzhanovich/Library/Developer/Xcode/DerivedData/WorkoutTracker-gugjzwqwyjqwbtaovaznehevomif/Build/Products/Debug-iphonesimulator/FirebaseSharedSwift.appintents --target-triple arm64-apple-ios15.0-simulator --binary-file /Users/borisserzhanovich/Library/Developer/Xcode/DerivedData/WorkoutTracker-gugjzwqwyjqwbtaovaznehevomif/Build/Products/Debug-iphonesimulator/FirebaseSharedSwift.o --dependency-file /Users/borisserzhanovich/Library/Developer/Xcode/DerivedData/WorkoutTracker-gugjzwqwyjqwbtaovaznehevomif/Build/Intermediates.noindex/Firebase.build/Debug-iphonesimulator/FirebaseSharedSwift.build/Objects-normal/arm64/FirebaseSharedSwift_dependency_info.dat --stringsdata-file /Users/borisserzhanovich/Library/Developer/Xcode/DerivedData/WorkoutTracker-gugjzwqwyjqwbtaovaznehevomif/Build/Intermediates.noindex/Firebase.build/Debug-iphonesimulator/FirebaseSharedSwift.build/Objects-normal/arm64/ExtractedAppShortcutsMetadata.stringsdata --source-file-list /Users/borisserzhanovich/Library/Developer/Xcode/DerivedData/WorkoutTracker-gugjzwqwyjqwbtaovaznehevomif/Build/Intermediates.noindex/Firebase.build/Debug-iphonesimulator/FirebaseSharedSwift.build/Objects-normal/arm64/FirebaseSharedSwift.SwiftFileList --metadata-file-list /Users/borisserzhanovich/Library/Developer/Xcode/DerivedData/WorkoutTracker-gugjzwqwyjqwbtaovaznehevomif/Build/Intermediates.noindex/Firebase.build/Debug-iphonesimulator/FirebaseSharedSwift.build/FirebaseSharedSwift.DependencyMetadataFileList --static-metadata-file-list /Users/borisserzhanovich/Library/Developer/Xcode/DerivedData/WorkoutTracker-gugjzwqwyjqwbtaovaznehevomif/Build/Intermediates.noindex/Firebase.build/Debug-iphonesimulator/FirebaseSharedSwift.build/FirebaseSharedSwift.DependencyStaticMetadataFileList --swift-const-vals-list /Users/borisserzhanovich/Library/Developer/Xcode/DerivedData/WorkoutTracker-gugjzwqwyjqwbtaovaznehevomif/Build/Intermediates.noindex/Firebase.build/Debug-iphonesimulator/FirebaseSharedSwift.build/Objects-normal/arm64/FirebaseSharedSwift.SwiftConstValuesFileList --force --compile-time-extraction --deployment-aware-processing --validate-assistant-intents --no-app-shortcuts-localization
2026-06-13 22:32:14.793 appintentsmetadataprocessor[58281:10976151] Starting appintentsmetadataprocessor export
2026-06-13 22:32:15.048 appintentsmetadataprocessor[58281:10976151] Extracted no relevant App Intents symbols, skipping writing output

ExtractAppIntentsMetadata (in target 'FirebaseRemoteConfigInterop' from project 'Firebase')
    cd /Users/borisserzhanovich/Library/Developer/Xcode/DerivedData/WorkoutTracker-gugjzwqwyjqwbtaovaznehevomif/SourcePackages/checkouts/firebase-ios-sdk
    /Applications/Xcode.app/Contents/Developer/Toolchains/XcodeDefault.xctoolchain/usr/bin/appintentsmetadataprocessor --toolchain-dir /Applications/Xcode.app/Contents/Developer/Toolchains/XcodeDefault.xctoolchain --module-name FirebaseRemoteConfigInterop --sdk-root /Applications/Xcode.app/Contents/Developer/Platforms/iPhoneSimulator.platform/Developer/SDKs/iPhoneSimulator26.2.sdk --xcode-version 17C529 --platform-family iOS --deployment-target 15.0 --bundle-identifier firebase-ios-sdk.FirebaseRemoteConfigInterop --output /Users/borisserzhanovich/Library/Developer/Xcode/DerivedData/WorkoutTracker-gugjzwqwyjqwbtaovaznehevomif/Build/Products/Debug-iphonesimulator/FirebaseRemoteConfigInterop.appintents --target-triple arm64-apple-ios15.0-simulator --binary-file /Users/borisserzhanovich/Library/Developer/Xcode/DerivedData/WorkoutTracker-gugjzwqwyjqwbtaovaznehevomif/Build/Products/Debug-iphonesimulator/FirebaseRemoteConfigInterop.o --dependency-file /Users/borisserzhanovich/Library/Developer/Xcode/DerivedData/WorkoutTracker-gugjzwqwyjqwbtaovaznehevomif/Build/Intermediates.noindex/Firebase.build/Debug-iphonesimulator/FirebaseRemoteConfigInterop.build/Objects-normal/arm64/FirebaseRemoteConfigInterop_dependency_info.dat --stringsdata-file /Users/borisserzhanovich/Library/Developer/Xcode/DerivedData/WorkoutTracker-gugjzwqwyjqwbtaovaznehevomif/Build/Intermediates.noindex/Firebase.build/Debug-iphonesimulator/FirebaseRemoteConfigInterop.build/Objects-normal/arm64/ExtractedAppShortcutsMetadata.stringsdata --source-file-list /Users/borisserzhanovich/Library/Developer/Xcode/DerivedData/WorkoutTracker-gugjzwqwyjqwbtaovaznehevomif/Build/Intermediates.noindex/Firebase.build/Debug-iphonesimulator/FirebaseRemoteConfigInterop.build/Objects-normal/arm64/FirebaseRemoteConfigInterop.SwiftFileList --metadata-file-list /Users/borisserzhanovich/Library/Developer/Xcode/DerivedData/WorkoutTracker-gugjzwqwyjqwbtaovaznehevomif/Build/Intermediates.noindex/Firebase.build/Debug-iphonesimulator/FirebaseRemoteConfigInterop.build/FirebaseRemoteConfigInterop.DependencyMetadataFileList --static-metadata-file-list /Users/borisserzhanovich/Library/Developer/Xcode/DerivedData/WorkoutTracker-gugjzwqwyjqwbtaovaznehevomif/Build/Intermediates.noindex/Firebase.build/Debug-iphonesimulator/FirebaseRemoteConfigInterop.build/FirebaseRemoteConfigInterop.DependencyStaticMetadataFileList --swift-const-vals-list /Users/borisserzhanovich/Library/Developer/Xcode/DerivedData/WorkoutTracker-gugjzwqwyjqwbtaovaznehevomif/Build/Intermediates.noindex/Firebase.build/Debug-iphonesimulator/FirebaseRemoteConfigInterop.build/Objects-normal/arm64/FirebaseRemoteConfigInterop.SwiftConstValuesFileList --force --compile-time-extraction --deployment-aware-processing --validate-assistant-intents --no-app-shortcuts-localization
2026-06-13 22:32:14.793 appintentsmetadataprocessor[58283:10976153] Starting appintentsmetadataprocessor export
2026-06-13 22:32:15.238 appintentsmetadataprocessor[58283:10976153] Extracted no relevant App Intents symbols, skipping writing output

Ld /Users/borisserzhanovich/Library/Developer/Xcode/DerivedData/WorkoutTracker-gugjzwqwyjqwbtaovaznehevomif/Build/Intermediates.noindex/WorkoutTracker.build/Debug-watchsimulator/WorkoutTrackerWatch\ Watch\ App.build/Objects-normal/x86_64/Binary/WorkoutTrackerWatch\ Watch\ App.debug.dylib normal x86_64 (in target 'WorkoutTrackerWatch Watch App' from project 'WorkoutTracker')
    cd /Users/borisserzhanovich/projects/Workout/WorkoutTracker\ copy
    /Applications/Xcode.app/Contents/Developer/Toolchains/XcodeDefault.xctoolchain/usr/bin/clang -Xlinker -reproducible -target x86_64-apple-watchos11.6-simulator -dynamiclib -isysroot /Applications/Xcode.app/Contents/Developer/Platforms/WatchSimulator.platform/Developer/SDKs/WatchSimulator26.2.sdk -O0 -L/Users/borisserzhanovich/Library/Developer/Xcode/DerivedData/WorkoutTracker-gugjzwqwyjqwbtaovaznehevomif/Build/Intermediates.noindex/EagerLinkingTBDs/Debug-watchsimulator -L/Users/borisserzhanovich/Library/Developer/Xcode/DerivedData/WorkoutTracker-gugjzwqwyjqwbtaovaznehevomif/Build/Products/Debug-watchsimulator -F/Users/borisserzhanovich/Library/Developer/Xcode/DerivedData/WorkoutTracker-gugjzwqwyjqwbtaovaznehevomif/Build/Intermediates.noindex/EagerLinkingTBDs/Debug-watchsimulator -F/Users/borisserzhanovich/Library/Developer/Xcode/DerivedData/WorkoutTracker-gugjzwqwyjqwbtaovaznehevomif/Build/Products/Debug-watchsimulator -filelist /Users/borisserzhanovich/Library/Developer/Xcode/DerivedData/WorkoutTracker-gugjzwqwyjqwbtaovaznehevomif/Build/Intermediates.noindex/WorkoutTracker.build/Debug-watchsimulator/WorkoutTrackerWatch\ Watch\ App.build/Objects-normal/x86_64/WorkoutTrackerWatch\ Watch\ App.LinkFileList -install_name @rpath/WorkoutTrackerWatch\ Watch\ App.debug.dylib -Xlinker -rpath -Xlinker /usr/lib/swift -Xlinker -rpath -Xlinker @executable_path/Frameworks -dead_strip -Xlinker -object_path_lto -Xlinker /Users/borisserzhanovich/Library/Developer/Xcode/DerivedData/WorkoutTracker-gugjzwqwyjqwbtaovaznehevomif/Build/Intermediates.noindex/WorkoutTracker.build/Debug-watchsimulator/WorkoutTrackerWatch\ Watch\ App.build/Objects-normal/x86_64/WorkoutTrackerWatch\ Watch\ App_lto.o -rdynamic -Xlinker -no_deduplicate -Xlinker -objc_abi_version -Xlinker 2 -Xlinker -dependency_info -Xlinker /Users/borisserzhanovich/Library/Developer/Xcode/DerivedData/WorkoutTracker-gugjzwqwyjqwbtaovaznehevomif/Build/Intermediates.noindex/WorkoutTracker.build/Debug-watchsimulator/WorkoutTrackerWatch\ Watch\ App.build/Objects-normal/x86_64/WorkoutTrackerWatch\ Watch\ App_dependency_info.dat -fobjc-link-runtime -L/Applications/Xcode.app/Contents/Developer/Toolchains/XcodeDefault.xctoolchain/usr/lib/swift/watchsimulator -L/usr/lib/swift -Xlinker -add_ast_path -Xlinker /Users/borisserzhanovich/Library/Developer/Xcode/DerivedData/WorkoutTracker-gugjzwqwyjqwbtaovaznehevomif/Build/Intermediates.noindex/WorkoutTracker.build/Debug-watchsimulator/WorkoutTrackerWatch\ Watch\ App.build/Objects-normal/x86_64/WorkoutTrackerWatch_Watch_App.swiftmodule @/Users/borisserzhanovich/Library/Developer/Xcode/DerivedData/WorkoutTracker-gugjzwqwyjqwbtaovaznehevomif/Build/Intermediates.noindex/WorkoutTracker.build/Debug-watchsimulator/WorkoutTrackerWatch\ Watch\ App.build/Objects-normal/x86_64/WorkoutTrackerWatch_Watch_App-linker-args.resp -Xlinker -alias -Xlinker _main -Xlinker ___debug_main_executable_dylib_entry_point -Xlinker -no_adhoc_codesign -o /Users/borisserzhanovich/Library/Developer/Xcode/DerivedData/WorkoutTracker-gugjzwqwyjqwbtaovaznehevomif/Build/Intermediates.noindex/WorkoutTracker.build/Debug-watchsimulator/WorkoutTrackerWatch\ Watch\ App.build/Objects-normal/x86_64/Binary/WorkoutTrackerWatch\ Watch\ App.debug.dylib

Ld /Users/borisserzhanovich/Library/Developer/Xcode/DerivedData/WorkoutTracker-gugjzwqwyjqwbtaovaznehevomif/Build/Intermediates.noindex/WorkoutTracker.build/Debug-watchsimulator/WorkoutTrackerWatch\ Watch\ App.build/Objects-normal/x86_64/Binary/__preview.dylib normal x86_64 (in target 'WorkoutTrackerWatch Watch App' from project 'WorkoutTracker')
    cd /Users/borisserzhanovich/projects/Workout/WorkoutTracker\ copy
    /Applications/Xcode.app/Contents/Developer/Toolchains/XcodeDefault.xctoolchain/usr/bin/clang -Xlinker -reproducible -target x86_64-apple-watchos11.6-simulator -dynamiclib -isysroot /Applications/Xcode.app/Contents/Developer/Platforms/WatchSimulator.platform/Developer/SDKs/WatchSimulator26.2.sdk -O0 -L/Users/borisserzhanovich/Library/Developer/Xcode/DerivedData/WorkoutTracker-gugjzwqwyjqwbtaovaznehevomif/Build/Products/Debug-watchsimulator -F/Users/borisserzhanovich/Library/Developer/Xcode/DerivedData/WorkoutTracker-gugjzwqwyjqwbtaovaznehevomif/Build/Products/Debug-watchsimulator -install_name @rpath/WorkoutTrackerWatch\ Watch\ App.debug.dylib -dead_strip -rdynamic -Xlinker -no_deduplicate -Xlinker -objc_abi_version -Xlinker 2 -Xlinker -dependency_info -Xlinker /Users/borisserzhanovich/Library/Developer/Xcode/DerivedData/WorkoutTracker-gugjzwqwyjqwbtaovaznehevomif/Build/Intermediates.noindex/WorkoutTracker.build/Debug-watchsimulator/WorkoutTrackerWatch\ Watch\ App.build/Objects-normal/x86_64/WorkoutTrackerWatch\ Watch\ App_dependency_info.dat -Xlinker -sectcreate -Xlinker __TEXT -Xlinker __entitlements -Xlinker /Users/borisserzhanovich/Library/Developer/Xcode/DerivedData/WorkoutTracker-gugjzwqwyjqwbtaovaznehevomif/Build/Intermediates.noindex/WorkoutTracker.build/Debug-watchsimulator/WorkoutTrackerWatch\ Watch\ App.build/WorkoutTrackerWatch\ Watch\ App.app-Simulated.xcent -Xlinker -sectcreate -Xlinker __TEXT -Xlinker __ents_der -Xlinker /Users/borisserzhanovich/Library/Developer/Xcode/DerivedData/WorkoutTracker-gugjzwqwyjqwbtaovaznehevomif/Build/Intermediates.noindex/WorkoutTracker.build/Debug-watchsimulator/WorkoutTrackerWatch\ Watch\ App.build/WorkoutTrackerWatch\ Watch\ App.app-Simulated.xcent.der -Xlinker -no_adhoc_codesign -o /Users/borisserzhanovich/Library/Developer/Xcode/DerivedData/WorkoutTracker-gugjzwqwyjqwbtaovaznehevomif/Build/Intermediates.noindex/WorkoutTracker.build/Debug-watchsimulator/WorkoutTrackerWatch\ Watch\ App.build/Objects-normal/x86_64/Binary/__preview.dylib

Ld /Users/borisserzhanovich/Library/Developer/Xcode/DerivedData/WorkoutTracker-gugjzwqwyjqwbtaovaznehevomif/Build/Products/Debug-iphonesimulator/FirebaseCoreExtension.o normal (in target 'FirebaseCoreExtension' from project 'Firebase')
    cd /Users/borisserzhanovich/Library/Developer/Xcode/DerivedData/WorkoutTracker-gugjzwqwyjqwbtaovaznehevomif/SourcePackages/checkouts/firebase-ios-sdk
    /Applications/Xcode.app/Contents/Developer/Toolchains/XcodeDefault.xctoolchain/usr/bin/clang -Xlinker -reproducible -target arm64-apple-ios15.0-simulator -r -isysroot /Applications/Xcode.app/Contents/Developer/Platforms/iPhoneSimulator.platform/Developer/SDKs/iPhoneSimulator26.2.sdk -O0 -w -L/Users/borisserzhanovich/Library/Developer/Xcode/DerivedData/WorkoutTracker-gugjzwqwyjqwbtaovaznehevomif/Build/Intermediates.noindex/EagerLinkingTBDs/Debug-iphonesimulator -L/Users/borisserzhanovich/Library/Developer/Xcode/DerivedData/WorkoutTracker-gugjzwqwyjqwbtaovaznehevomif/Build/Products/Debug-iphonesimulator -L/Applications/Xcode.app/Contents/Developer/Platforms/iPhoneSimulator.platform/Developer/usr/lib -F/Users/borisserzhanovich/Library/Developer/Xcode/DerivedData/WorkoutTracker-gugjzwqwyjqwbtaovaznehevomif/Build/Intermediates.noindex/EagerLinkingTBDs/Debug-iphonesimulator -F/Users/borisserzhanovich/Library/Developer/Xcode/DerivedData/WorkoutTracker-gugjzwqwyjqwbtaovaznehevomif/Build/Products/Debug-iphonesimulator -iframework /Applications/Xcode.app/Contents/Developer/Platforms/iPhoneSimulator.platform/Developer/Library/Frameworks -iframework /Applications/Xcode.app/Contents/Developer/Platforms/iPhoneSimulator.platform/Developer/SDKs/iPhoneSimulator26.2.sdk/Developer/Library/Frameworks -filelist /Users/borisserzhanovich/Library/Developer/Xcode/DerivedData/WorkoutTracker-gugjzwqwyjqwbtaovaznehevomif/Build/Intermediates.noindex/Firebase.build/Debug-iphonesimulator/FirebaseCoreExtension.build/Objects-normal/arm64/FirebaseCoreExtension.LinkFileList -nostdlib -Xlinker -object_path_lto -Xlinker /Users/borisserzhanovich/Library/Developer/Xcode/DerivedData/WorkoutTracker-gugjzwqwyjqwbtaovaznehevomif/Build/Intermediates.noindex/Firebase.build/Debug-iphonesimulator/FirebaseCoreExtension.build/Objects-normal/arm64/FirebaseCoreExtension_lto.o -rdynamic -Xlinker -no_deduplicate -Xlinker -objc_abi_version -Xlinker 2 -Xlinker -dependency_info -Xlinker /Users/borisserzhanovich/Library/Developer/Xcode/DerivedData/WorkoutTracker-gugjzwqwyjqwbtaovaznehevomif/Build/Intermediates.noindex/Firebase.build/Debug-iphonesimulator/FirebaseCoreExtension.build/Objects-normal/arm64/FirebaseCoreExtension_dependency_info.dat -fobjc-arc -fobjc-link-runtime -o /Users/borisserzhanovich/Library/Developer/Xcode/DerivedData/WorkoutTracker-gugjzwqwyjqwbtaovaznehevomif/Build/Products/Debug-iphonesimulator/FirebaseCoreExtension.o

Ld /Users/borisserzhanovich/Library/Developer/Xcode/DerivedData/WorkoutTracker-gugjzwqwyjqwbtaovaznehevomif/Build/Products/Debug-iphonesimulator/AppAuthCore.o normal (in target 'AppAuthCore' from project 'AppAuth')
    cd /Users/borisserzhanovich/Library/Developer/Xcode/DerivedData/WorkoutTracker-gugjzwqwyjqwbtaovaznehevomif/SourcePackages/checkouts/AppAuth-iOS
    /Applications/Xcode.app/Contents/Developer/Toolchains/XcodeDefault.xctoolchain/usr/bin/clang -Xlinker -reproducible -target arm64-apple-ios12.0-simulator -r -isysroot /Applications/Xcode.app/Contents/Developer/Platforms/iPhoneSimulator.platform/Developer/SDKs/iPhoneSimulator26.2.sdk -O0 -w -L/Users/borisserzhanovich/Library/Developer/Xcode/DerivedData/WorkoutTracker-gugjzwqwyjqwbtaovaznehevomif/Build/Intermediates.noindex/EagerLinkingTBDs/Debug-iphonesimulator -L/Users/borisserzhanovich/Library/Developer/Xcode/DerivedData/WorkoutTracker-gugjzwqwyjqwbtaovaznehevomif/Build/Products/Debug-iphonesimulator -L/Applications/Xcode.app/Contents/Developer/Platforms/iPhoneSimulator.platform/Developer/usr/lib -F/Users/borisserzhanovich/Library/Developer/Xcode/DerivedData/WorkoutTracker-gugjzwqwyjqwbtaovaznehevomif/Build/Intermediates.noindex/EagerLinkingTBDs/Debug-iphonesimulator -F/Users/borisserzhanovich/Library/Developer/Xcode/DerivedData/WorkoutTracker-gugjzwqwyjqwbtaovaznehevomif/Build/Products/Debug-iphonesimulator -iframework /Applications/Xcode.app/Contents/Developer/Platforms/iPhoneSimulator.platform/Developer/Library/Frameworks -iframework /Applications/Xcode.app/Contents/Developer/Platforms/iPhoneSimulator.platform/Developer/SDKs/iPhoneSimulator26.2.sdk/Developer/Library/Frameworks -filelist /Users/borisserzhanovich/Library/Developer/Xcode/DerivedData/WorkoutTracker-gugjzwqwyjqwbtaovaznehevomif/Build/Intermediates.noindex/AppAuth.build/Debug-iphonesimulator/AppAuthCore.build/Objects-normal/arm64/AppAuthCore.LinkFileList -nostdlib -Xlinker -object_path_lto -Xlinker /Users/borisserzhanovich/Library/Developer/Xcode/DerivedData/WorkoutTracker-gugjzwqwyjqwbtaovaznehevomif/Build/Intermediates.noindex/AppAuth.build/Debug-iphonesimulator/AppAuthCore.build/Objects-normal/arm64/AppAuthCore_lto.o -rdynamic -Xlinker -no_deduplicate -Xlinker -objc_abi_version -Xlinker 2 -Xlinker -dependency_info -Xlinker /Users/borisserzhanovich/Library/Developer/Xcode/DerivedData/WorkoutTracker-gugjzwqwyjqwbtaovaznehevomif/Build/Intermediates.noindex/AppAuth.build/Debug-iphonesimulator/AppAuthCore.build/Objects-normal/arm64/AppAuthCore_dependency_info.dat -fobjc-arc -fobjc-link-runtime -o /Users/borisserzhanovich/Library/Developer/Xcode/DerivedData/WorkoutTracker-gugjzwqwyjqwbtaovaznehevomif/Build/Products/Debug-iphonesimulator/AppAuthCore.o

RegisterExecutionPolicyException /Users/borisserzhanovich/Library/Developer/Xcode/DerivedData/WorkoutTracker-gugjzwqwyjqwbtaovaznehevomif/Build/Products/Debug-iphonesimulator/abslWrapper.o (in target 'abslWrapper' from project 'abseil')
    cd /Users/borisserzhanovich/Library/Developer/Xcode/DerivedData/WorkoutTracker-gugjzwqwyjqwbtaovaznehevomif/SourcePackages/checkouts/abseil-cpp-binary
    builtin-RegisterExecutionPolicyException /Users/borisserzhanovich/Library/Developer/Xcode/DerivedData/WorkoutTracker-gugjzwqwyjqwbtaovaznehevomif/Build/Products/Debug-iphonesimulator/abslWrapper.o

Ld /Users/borisserzhanovich/Library/Developer/Xcode/DerivedData/WorkoutTracker-gugjzwqwyjqwbtaovaznehevomif/Build/Products/Debug-iphonesimulator/GoogleUtilities-Environment.o normal (in target 'GoogleUtilities-Environment' from project 'GoogleUtilities')
    cd /Users/borisserzhanovich/Library/Developer/Xcode/DerivedData/WorkoutTracker-gugjzwqwyjqwbtaovaznehevomif/SourcePackages/checkouts/GoogleUtilities
    /Applications/Xcode.app/Contents/Developer/Toolchains/XcodeDefault.xctoolchain/usr/bin/clang -Xlinker -reproducible -target arm64-apple-ios12.0-simulator -r -isysroot /Applications/Xcode.app/Contents/Developer/Platforms/iPhoneSimulator.platform/Developer/SDKs/iPhoneSimulator26.2.sdk -O0 -w -L/Users/borisserzhanovich/Library/Developer/Xcode/DerivedData/WorkoutTracker-gugjzwqwyjqwbtaovaznehevomif/Build/Intermediates.noindex/EagerLinkingTBDs/Debug-iphonesimulator -L/Users/borisserzhanovich/Library/Developer/Xcode/DerivedData/WorkoutTracker-gugjzwqwyjqwbtaovaznehevomif/Build/Products/Debug-iphonesimulator -L/Applications/Xcode.app/Contents/Developer/Platforms/iPhoneSimulator.platform/Developer/usr/lib -F/Users/borisserzhanovich/Library/Developer/Xcode/DerivedData/WorkoutTracker-gugjzwqwyjqwbtaovaznehevomif/Build/Intermediates.noindex/EagerLinkingTBDs/Debug-iphonesimulator -F/Users/borisserzhanovich/Library/Developer/Xcode/DerivedData/WorkoutTracker-gugjzwqwyjqwbtaovaznehevomif/Build/Products/Debug-iphonesimulator/PackageFrameworks -F/Users/borisserzhanovich/Library/Developer/Xcode/DerivedData/WorkoutTracker-gugjzwqwyjqwbtaovaznehevomif/Build/Products/Debug-iphonesimulator -iframework /Applications/Xcode.app/Contents/Developer/Platforms/iPhoneSimulator.platform/Developer/Library/Frameworks -iframework /Applications/Xcode.app/Contents/Developer/Platforms/iPhoneSimulator.platform/Developer/SDKs/iPhoneSimulator26.2.sdk/Developer/Library/Frameworks -filelist /Users/borisserzhanovich/Library/Developer/Xcode/DerivedData/WorkoutTracker-gugjzwqwyjqwbtaovaznehevomif/Build/Intermediates.noindex/GoogleUtilities.build/Debug-iphonesimulator/GoogleUtilities-Environment.build/Objects-normal/arm64/GoogleUtilities-Environment.LinkFileList -nostdlib -Xlinker -object_path_lto -Xlinker /Users/borisserzhanovich/Library/Developer/Xcode/DerivedData/WorkoutTracker-gugjzwqwyjqwbtaovaznehevomif/Build/Intermediates.noindex/GoogleUtilities.build/Debug-iphonesimulator/GoogleUtilities-Environment.build/Objects-normal/arm64/GoogleUtilities-Environment_lto.o -rdynamic -Xlinker -no_deduplicate -Xlinker -objc_abi_version -Xlinker 2 -Xlinker -dependency_info -Xlinker /Users/borisserzhanovich/Library/Developer/Xcode/DerivedData/WorkoutTracker-gugjzwqwyjqwbtaovaznehevomif/Build/Intermediates.noindex/GoogleUtilities.build/Debug-iphonesimulator/GoogleUtilities-Environment.build/Objects-normal/arm64/GoogleUtilities-Environment_dependency_info.dat -fobjc-arc -fobjc-link-runtime -o /Users/borisserzhanovich/Library/Developer/Xcode/DerivedData/WorkoutTracker-gugjzwqwyjqwbtaovaznehevomif/Build/Products/Debug-iphonesimulator/GoogleUtilities-Environment.o

ProcessProductPackaging /Users/borisserzhanovich/projects/Workout/WorkoutTracker\ copy/WorkoutTracker/WorkoutTracker.entitlements /Users/borisserzhanovich/Library/Developer/Xcode/DerivedData/WorkoutTracker-gugjzwqwyjqwbtaovaznehevomif/Build/Intermediates.noindex/WorkoutTracker.build/Debug-iphonesimulator/WorkoutTracker.build/WorkoutTracker.app.xcent (in target 'WorkoutTracker' from project 'WorkoutTracker')
    cd /Users/borisserzhanovich/projects/Workout/WorkoutTracker\ copy
    
    Entitlements:
    
    {
}
    
    builtin-productPackagingUtility /Users/borisserzhanovich/projects/Workout/WorkoutTracker\ copy/WorkoutTracker/WorkoutTracker.entitlements -entitlements -format xml -o /Users/borisserzhanovich/Library/Developer/Xcode/DerivedData/WorkoutTracker-gugjzwqwyjqwbtaovaznehevomif/Build/Intermediates.noindex/WorkoutTracker.build/Debug-iphonesimulator/WorkoutTracker.build/WorkoutTracker.app.xcent

ProcessProductPackaging /Users/borisserzhanovich/projects/Workout/WorkoutTracker\ copy/WorkoutTracker/WorkoutTracker.entitlements /Users/borisserzhanovich/Library/Developer/Xcode/DerivedData/WorkoutTracker-gugjzwqwyjqwbtaovaznehevomif/Build/Intermediates.noindex/WorkoutTracker.build/Debug-iphonesimulator/WorkoutTracker.build/WorkoutTracker.app-Simulated.xcent (in target 'WorkoutTracker' from project 'WorkoutTracker')
    cd /Users/borisserzhanovich/projects/Workout/WorkoutTracker\ copy
    
    Entitlements:
    
    {
    "application-identifier" = "LSCCP92LMG.com.borisdev.WorkoutTracker";
    "aps-environment" = development;
    "com.apple.developer.applesignin" =     (
        Default
    );
    "com.apple.developer.healthkit" = 1;
    "com.apple.developer.icloud-container-identifiers" =     (
        "iCloud.com.borisdev.WorkoutTracker"
    );
    "com.apple.developer.icloud-services" =     (
        CloudKit
    );
    "com.apple.security.application-groups" =     (
        "group.com.borisdev.WorkoutTracker"
    );
}
    
    builtin-productPackagingUtility /Users/borisserzhanovich/projects/Workout/WorkoutTracker\ copy/WorkoutTracker/WorkoutTracker.entitlements -entitlements -format xml -o /Users/borisserzhanovich/Library/Developer/Xcode/DerivedData/WorkoutTracker-gugjzwqwyjqwbtaovaznehevomif/Build/Intermediates.noindex/WorkoutTracker.build/Debug-iphonesimulator/WorkoutTracker.build/WorkoutTracker.app-Simulated.xcent

RegisterExecutionPolicyException /Users/borisserzhanovich/Library/Developer/Xcode/DerivedData/WorkoutTracker-gugjzwqwyjqwbtaovaznehevomif/Build/Products/Debug-iphonesimulator/RecaptchaInterop.o (in target 'RecaptchaInterop' from project 'InteropForGoogle')
    cd /Users/borisserzhanovich/Library/Developer/Xcode/DerivedData/WorkoutTracker-gugjzwqwyjqwbtaovaznehevomif/SourcePackages/checkouts/interop-ios-for-google-sdks
    builtin-RegisterExecutionPolicyException /Users/borisserzhanovich/Library/Developer/Xcode/DerivedData/WorkoutTracker-gugjzwqwyjqwbtaovaznehevomif/Build/Products/Debug-iphonesimulator/RecaptchaInterop.o

RegisterExecutionPolicyException /Users/borisserzhanovich/Library/Developer/Xcode/DerivedData/WorkoutTracker-gugjzwqwyjqwbtaovaznehevomif/Build/Products/Debug-iphonesimulator/GoogleUtilities-NSData.o (in target 'GoogleUtilities-NSData' from project 'GoogleUtilities')
    cd /Users/borisserzhanovich/Library/Developer/Xcode/DerivedData/WorkoutTracker-gugjzwqwyjqwbtaovaznehevomif/SourcePackages/checkouts/GoogleUtilities
    builtin-RegisterExecutionPolicyException /Users/borisserzhanovich/Library/Developer/Xcode/DerivedData/WorkoutTracker-gugjzwqwyjqwbtaovaznehevomif/Build/Products/Debug-iphonesimulator/GoogleUtilities-NSData.o

ProcessInfoPlistFile /Users/borisserzhanovich/Library/Developer/Xcode/DerivedData/WorkoutTracker-gugjzwqwyjqwbtaovaznehevomif/Build/Products/Debug-iphonesimulator/StatsWidgetExtension.appex/Info.plist /Users/borisserzhanovich/projects/Workout/WorkoutTracker\ copy/StatsWidget/Info.plist (in target 'StatsWidgetExtension' from project 'WorkoutTracker')
    cd /Users/borisserzhanovich/projects/Workout/WorkoutTracker\ copy
    builtin-infoPlistUtility /Users/borisserzhanovich/projects/Workout/WorkoutTracker\ copy/StatsWidget/Info.plist -producttype com.apple.product-type.app-extension -expandbuildsettings -format binary -platform iphonesimulator -additionalcontentfile /Users/borisserzhanovich/Library/Developer/Xcode/DerivedData/WorkoutTracker-gugjzwqwyjqwbtaovaznehevomif/Build/Intermediates.noindex/WorkoutTracker.build/Debug-iphonesimulator/StatsWidgetExtension.build/assetcatalog_generated_info.plist -o /Users/borisserzhanovich/Library/Developer/Xcode/DerivedData/WorkoutTracker-gugjzwqwyjqwbtaovaznehevomif/Build/Products/Debug-iphonesimulator/StatsWidgetExtension.appex/Info.plist

ProcessInfoPlistFile /Users/borisserzhanovich/Library/Developer/Xcode/DerivedData/WorkoutTracker-gugjzwqwyjqwbtaovaznehevomif/Build/Products/Debug-watchsimulator/WorkoutTrackerWatch\ Watch\ App.app/Info.plist /Users/borisserzhanovich/projects/Workout/WorkoutTracker\ copy/WorkoutTrackerWatch-Watch-App-Info.plist (in target 'WorkoutTrackerWatch Watch App' from project 'WorkoutTracker')
    cd /Users/borisserzhanovich/projects/Workout/WorkoutTracker\ copy
    builtin-infoPlistUtility /Users/borisserzhanovich/projects/Workout/WorkoutTracker\ copy/WorkoutTrackerWatch-Watch-App-Info.plist -producttype com.apple.product-type.application -genpkginfo /Users/borisserzhanovich/Library/Developer/Xcode/DerivedData/WorkoutTracker-gugjzwqwyjqwbtaovaznehevomif/Build/Products/Debug-watchsimulator/WorkoutTrackerWatch\ Watch\ App.app/PkgInfo -expandbuildsettings -format binary -platform watchsimulator -additionalcontentfile /Users/borisserzhanovich/Library/Developer/Xcode/DerivedData/WorkoutTracker-gugjzwqwyjqwbtaovaznehevomif/Build/Intermediates.noindex/WorkoutTracker.build/Debug-watchsimulator/WorkoutTrackerWatch\ Watch\ App.build/assetcatalog_generated_info.plist -o /Users/borisserzhanovich/Library/Developer/Xcode/DerivedData/WorkoutTracker-gugjzwqwyjqwbtaovaznehevomif/Build/Products/Debug-watchsimulator/WorkoutTrackerWatch\ Watch\ App.app/Info.plist
removing entry for "LSApplicationCategoryType" - not supported on watchOS

RegisterExecutionPolicyException /Users/borisserzhanovich/Library/Developer/Xcode/DerivedData/WorkoutTracker-gugjzwqwyjqwbtaovaznehevomif/Build/Products/Debug-iphonesimulator/FirebaseFirestoreInternalWrapper.o (in target 'FirebaseFirestoreInternalWrapper' from project 'Firebase')
    cd /Users/borisserzhanovich/Library/Developer/Xcode/DerivedData/WorkoutTracker-gugjzwqwyjqwbtaovaznehevomif/SourcePackages/checkouts/firebase-ios-sdk
    builtin-RegisterExecutionPolicyException /Users/borisserzhanovich/Library/Developer/Xcode/DerivedData/WorkoutTracker-gugjzwqwyjqwbtaovaznehevomif/Build/Products/Debug-iphonesimulator/FirebaseFirestoreInternalWrapper.o

Ld /Users/borisserzhanovich/Library/Developer/Xcode/DerivedData/WorkoutTracker-gugjzwqwyjqwbtaovaznehevomif/Build/Products/Debug-iphonesimulator/grpcppWrapper.o normal (in target 'grpcppWrapper' from project 'gRPC')
    cd /Users/borisserzhanovich/Library/Developer/Xcode/DerivedData/WorkoutTracker-gugjzwqwyjqwbtaovaznehevomif/SourcePackages/checkouts/grpc-binary
    /Applications/Xcode.app/Contents/Developer/Toolchains/XcodeDefault.xctoolchain/usr/bin/clang -Xlinker -reproducible -target arm64-apple-ios12.0-simulator -r -isysroot /Applications/Xcode.app/Contents/Developer/Platforms/iPhoneSimulator.platform/Developer/SDKs/iPhoneSimulator26.2.sdk -O0 -w -L/Users/borisserzhanovich/Library/Developer/Xcode/DerivedData/WorkoutTracker-gugjzwqwyjqwbtaovaznehevomif/Build/Intermediates.noindex/EagerLinkingTBDs/Debug-iphonesimulator -L/Users/borisserzhanovich/Library/Developer/Xcode/DerivedData/WorkoutTracker-gugjzwqwyjqwbtaovaznehevomif/Build/Products/Debug-iphonesimulator -L/Applications/Xcode.app/Contents/Developer/Platforms/iPhoneSimulator.platform/Developer/usr/lib -F/Users/borisserzhanovich/Library/Developer/Xcode/DerivedData/WorkoutTracker-gugjzwqwyjqwbtaovaznehevomif/Build/Intermediates.noindex/EagerLinkingTBDs/Debug-iphonesimulator -F/Users/borisserzhanovich/Library/Developer/Xcode/DerivedData/WorkoutTracker-gugjzwqwyjqwbtaovaznehevomif/Build/Products/Debug-iphonesimulator/PackageFrameworks -F/Users/borisserzhanovich/Library/Developer/Xcode/DerivedData/WorkoutTracker-gugjzwqwyjqwbtaovaznehevomif/Build/Products/Debug-iphonesimulator/PackageFrameworks -F/Users/borisserzhanovich/Library/Developer/Xcode/DerivedData/WorkoutTracker-gugjzwqwyjqwbtaovaznehevomif/Build/Products/Debug-iphonesimulator/PackageFrameworks -F/Users/borisserzhanovich/Library/Developer/Xcode/DerivedData/WorkoutTracker-gugjzwqwyjqwbtaovaznehevomif/Build/Products/Debug-iphonesimulator -iframework /Applications/Xcode.app/Contents/Developer/Platforms/iPhoneSimulator.platform/Developer/Library/Frameworks -iframework /Applications/Xcode.app/Contents/Developer/Platforms/iPhoneSimulator.platform/Developer/SDKs/iPhoneSimulator26.2.sdk/Developer/Library/Frameworks -filelist /Users/borisserzhanovich/Library/Developer/Xcode/DerivedData/WorkoutTracker-gugjzwqwyjqwbtaovaznehevomif/Build/Intermediates.noindex/gRPC.build/Debug-iphonesimulator/grpcppWrapper.build/Objects-normal/arm64/grpcppWrapper.LinkFileList -nostdlib -Xlinker -object_path_lto -Xlinker /Users/borisserzhanovich/Library/Developer/Xcode/DerivedData/WorkoutTracker-gugjzwqwyjqwbtaovaznehevomif/Build/Intermediates.noindex/gRPC.build/Debug-iphonesimulator/grpcppWrapper.build/Objects-normal/arm64/grpcppWrapper_lto.o -rdynamic -Xlinker -no_deduplicate -Xlinker -objc_abi_version -Xlinker 2 -Xlinker -dependency_info -Xlinker /Users/borisserzhanovich/Library/Developer/Xcode/DerivedData/WorkoutTracker-gugjzwqwyjqwbtaovaznehevomif/Build/Intermediates.noindex/gRPC.build/Debug-iphonesimulator/grpcppWrapper.build/Objects-normal/arm64/grpcppWrapper_dependency_info.dat -fobjc-arc -fobjc-link-runtime -o /Users/borisserzhanovich/Library/Developer/Xcode/DerivedData/WorkoutTracker-gugjzwqwyjqwbtaovaznehevomif/Build/Products/Debug-iphonesimulator/grpcppWrapper.o

CreateUniversalBinary /Users/borisserzhanovich/Library/Developer/Xcode/DerivedData/WorkoutTracker-gugjzwqwyjqwbtaovaznehevomif/Build/Products/Debug-watchsimulator/WorkoutTrackerWatch\ Watch\ App.app/__preview.dylib normal arm64\ x86_64 (in target 'WorkoutTrackerWatch Watch App' from project 'WorkoutTracker')
    cd /Users/borisserzhanovich/projects/Workout/WorkoutTracker\ copy
    /Applications/Xcode.app/Contents/Developer/Toolchains/XcodeDefault.xctoolchain/usr/bin/lipo -create /Users/borisserzhanovich/Library/Developer/Xcode/DerivedData/WorkoutTracker-gugjzwqwyjqwbtaovaznehevomif/Build/Intermediates.noindex/WorkoutTracker.build/Debug-watchsimulator/WorkoutTrackerWatch\ Watch\ App.build/Objects-normal/arm64/Binary/__preview.dylib /Users/borisserzhanovich/Library/Developer/Xcode/DerivedData/WorkoutTracker-gugjzwqwyjqwbtaovaznehevomif/Build/Intermediates.noindex/WorkoutTracker.build/Debug-watchsimulator/WorkoutTrackerWatch\ Watch\ App.build/Objects-normal/x86_64/Binary/__preview.dylib -output /Users/borisserzhanovich/Library/Developer/Xcode/DerivedData/WorkoutTracker-gugjzwqwyjqwbtaovaznehevomif/Build/Products/Debug-watchsimulator/WorkoutTrackerWatch\ Watch\ App.app/__preview.dylib

ProcessProductPackagingDER /Users/borisserzhanovich/Library/Developer/Xcode/DerivedData/WorkoutTracker-gugjzwqwyjqwbtaovaznehevomif/Build/Intermediates.noindex/WorkoutTracker.build/Debug-iphonesimulator/WorkoutTracker.build/WorkoutTracker.app.xcent /Users/borisserzhanovich/Library/Developer/Xcode/DerivedData/WorkoutTracker-gugjzwqwyjqwbtaovaznehevomif/Build/Intermediates.noindex/WorkoutTracker.build/Debug-iphonesimulator/WorkoutTracker.build/WorkoutTracker.app.xcent.der (in target 'WorkoutTracker' from project 'WorkoutTracker')
    cd /Users/borisserzhanovich/projects/Workout/WorkoutTracker\ copy
    /usr/bin/derq query -f xml -i /Users/borisserzhanovich/Library/Developer/Xcode/DerivedData/WorkoutTracker-gugjzwqwyjqwbtaovaznehevomif/Build/Intermediates.noindex/WorkoutTracker.build/Debug-iphonesimulator/WorkoutTracker.build/WorkoutTracker.app.xcent -o /Users/borisserzhanovich/Library/Developer/Xcode/DerivedData/WorkoutTracker-gugjzwqwyjqwbtaovaznehevomif/Build/Intermediates.noindex/WorkoutTracker.build/Debug-iphonesimulator/WorkoutTracker.build/WorkoutTracker.app.xcent.der --raw

ProcessProductPackagingDER /Users/borisserzhanovich/Library/Developer/Xcode/DerivedData/WorkoutTracker-gugjzwqwyjqwbtaovaznehevomif/Build/Intermediates.noindex/WorkoutTracker.build/Debug-iphonesimulator/WorkoutTracker.build/WorkoutTracker.app-Simulated.xcent /Users/borisserzhanovich/Library/Developer/Xcode/DerivedData/WorkoutTracker-gugjzwqwyjqwbtaovaznehevomif/Build/Intermediates.noindex/WorkoutTracker.build/Debug-iphonesimulator/WorkoutTracker.build/WorkoutTracker.app-Simulated.xcent.der (in target 'WorkoutTracker' from project 'WorkoutTracker')
    cd /Users/borisserzhanovich/projects/Workout/WorkoutTracker\ copy
    /usr/bin/derq query -f xml -i /Users/borisserzhanovich/Library/Developer/Xcode/DerivedData/WorkoutTracker-gugjzwqwyjqwbtaovaznehevomif/Build/Intermediates.noindex/WorkoutTracker.build/Debug-iphonesimulator/WorkoutTracker.build/WorkoutTracker.app-Simulated.xcent -o /Users/borisserzhanovich/Library/Developer/Xcode/DerivedData/WorkoutTracker-gugjzwqwyjqwbtaovaznehevomif/Build/Intermediates.noindex/WorkoutTracker.build/Debug-iphonesimulator/WorkoutTracker.build/WorkoutTracker.app-Simulated.xcent.der --raw

ProcessInfoPlistFile /Users/borisserzhanovich/Library/Developer/Xcode/DerivedData/WorkoutTracker-gugjzwqwyjqwbtaovaznehevomif/Build/Products/Debug-iphonesimulator/WorkoutTimerWidgetExtension.appex/Info.plist /Users/borisserzhanovich/projects/Workout/WorkoutTracker\ copy/WorkoutTimerWidget/Info.plist (in target 'WorkoutTimerWidgetExtension' from project 'WorkoutTracker')
    cd /Users/borisserzhanovich/projects/Workout/WorkoutTracker\ copy
    builtin-infoPlistUtility /Users/borisserzhanovich/projects/Workout/WorkoutTracker\ copy/WorkoutTimerWidget/Info.plist -producttype com.apple.product-type.app-extension -expandbuildsettings -format binary -platform iphonesimulator -additionalcontentfile /Users/borisserzhanovich/Library/Developer/Xcode/DerivedData/WorkoutTracker-gugjzwqwyjqwbtaovaznehevomif/Build/Intermediates.noindex/WorkoutTracker.build/Debug-iphonesimulator/WorkoutTimerWidgetExtension.build/assetcatalog_generated_info.plist -o /Users/borisserzhanovich/Library/Developer/Xcode/DerivedData/WorkoutTracker-gugjzwqwyjqwbtaovaznehevomif/Build/Products/Debug-iphonesimulator/WorkoutTimerWidgetExtension.appex/Info.plist

RegisterExecutionPolicyException /Users/borisserzhanovich/Library/Developer/Xcode/DerivedData/WorkoutTracker-gugjzwqwyjqwbtaovaznehevomif/Build/Products/Debug-iphonesimulator/GTMSessionFetcherCore.o (in target 'GTMSessionFetcherCore' from project 'GTMSessionFetcher')
    cd /Users/borisserzhanovich/Library/Developer/Xcode/DerivedData/WorkoutTracker-gugjzwqwyjqwbtaovaznehevomif/SourcePackages/checkouts/gtm-session-fetcher
    builtin-RegisterExecutionPolicyException /Users/borisserzhanovich/Library/Developer/Xcode/DerivedData/WorkoutTracker-gugjzwqwyjqwbtaovaznehevomif/Build/Products/Debug-iphonesimulator/GTMSessionFetcherCore.o

Ld /Users/borisserzhanovich/Library/Developer/Xcode/DerivedData/WorkoutTracker-gugjzwqwyjqwbtaovaznehevomif/Build/Products/Debug-iphonesimulator/FirebaseCoreInternal.o normal (in target 'FirebaseCoreInternal' from project 'Firebase')
    cd /Users/borisserzhanovich/Library/Developer/Xcode/DerivedData/WorkoutTracker-gugjzwqwyjqwbtaovaznehevomif/SourcePackages/checkouts/firebase-ios-sdk
    /Applications/Xcode.app/Contents/Developer/Toolchains/XcodeDefault.xctoolchain/usr/bin/clang -Xlinker -reproducible -target arm64-apple-ios15.0-simulator -r -isysroot /Applications/Xcode.app/Contents/Developer/Platforms/iPhoneSimulator.platform/Developer/SDKs/iPhoneSimulator26.2.sdk -O0 -w -L/Users/borisserzhanovich/Library/Developer/Xcode/DerivedData/WorkoutTracker-gugjzwqwyjqwbtaovaznehevomif/Build/Intermediates.noindex/EagerLinkingTBDs/Debug-iphonesimulator -L/Users/borisserzhanovich/Library/Developer/Xcode/DerivedData/WorkoutTracker-gugjzwqwyjqwbtaovaznehevomif/Build/Products/Debug-iphonesimulator -L/Applications/Xcode.app/Contents/Developer/Platforms/iPhoneSimulator.platform/Developer/usr/lib -F/Users/borisserzhanovich/Library/Developer/Xcode/DerivedData/WorkoutTracker-gugjzwqwyjqwbtaovaznehevomif/Build/Intermediates.noindex/EagerLinkingTBDs/Debug-iphonesimulator -F/Users/borisserzhanovich/Library/Developer/Xcode/DerivedData/WorkoutTracker-gugjzwqwyjqwbtaovaznehevomif/Build/Products/Debug-iphonesimulator/PackageFrameworks -F/Users/borisserzhanovich/Library/Developer/Xcode/DerivedData/WorkoutTracker-gugjzwqwyjqwbtaovaznehevomif/Build/Products/Debug-iphonesimulator -iframework /Applications/Xcode.app/Contents/Developer/Platforms/iPhoneSimulator.platform/Developer/Library/Frameworks -iframework /Applications/Xcode.app/Contents/Developer/Platforms/iPhoneSimulator.platform/Developer/SDKs/iPhoneSimulator26.2.sdk/Developer/Library/Frameworks -filelist /Users/borisserzhanovich/Library/Developer/Xcode/DerivedData/WorkoutTracker-gugjzwqwyjqwbtaovaznehevomif/Build/Intermediates.noindex/Firebase.build/Debug-iphonesimulator/FirebaseCoreInternal.build/Objects-normal/arm64/FirebaseCoreInternal.LinkFileList -nostdlib -Xlinker -object_path_lto -Xlinker /Users/borisserzhanovich/Library/Developer/Xcode/DerivedData/WorkoutTracker-gugjzwqwyjqwbtaovaznehevomif/Build/Intermediates.noindex/Firebase.build/Debug-iphonesimulator/FirebaseCoreInternal.build/Objects-normal/arm64/FirebaseCoreInternal_lto.o -rdynamic -Xlinker -no_deduplicate -Xlinker -objc_abi_version -Xlinker 2 -Xlinker -dependency_info -Xlinker /Users/borisserzhanovich/Library/Developer/Xcode/DerivedData/WorkoutTracker-gugjzwqwyjqwbtaovaznehevomif/Build/Intermediates.noindex/Firebase.build/Debug-iphonesimulator/FirebaseCoreInternal.build/Objects-normal/arm64/FirebaseCoreInternal_dependency_info.dat -fobjc-link-runtime -L/Applications/Xcode.app/Contents/Developer/Toolchains/XcodeDefault.xctoolchain/usr/lib/swift/iphonesimulator -L/usr/lib/swift -Xlinker -add_ast_path -Xlinker /Users/borisserzhanovich/Library/Developer/Xcode/DerivedData/WorkoutTracker-gugjzwqwyjqwbtaovaznehevomif/Build/Intermediates.noindex/Firebase.build/Debug-iphonesimulator/FirebaseCoreInternal.build/Objects-normal/arm64/FirebaseCoreInternal.swiftmodule @/Users/borisserzhanovich/Library/Developer/Xcode/DerivedData/WorkoutTracker-gugjzwqwyjqwbtaovaznehevomif/Build/Intermediates.noindex/Firebase.build/Debug-iphonesimulator/FirebaseCoreInternal.build/Objects-normal/arm64/FirebaseCoreInternal-linker-args.resp -o /Users/borisserzhanovich/Library/Developer/Xcode/DerivedData/WorkoutTracker-gugjzwqwyjqwbtaovaznehevomif/Build/Products/Debug-iphonesimulator/FirebaseCoreInternal.o

Ld /Users/borisserzhanovich/Library/Developer/Xcode/DerivedData/WorkoutTracker-gugjzwqwyjqwbtaovaznehevomif/Build/Products/Debug-iphonesimulator/FirebaseAuthInternal.o normal (in target 'FirebaseAuthInternal' from project 'Firebase')
    cd /Users/borisserzhanovich/Library/Developer/Xcode/DerivedData/WorkoutTracker-gugjzwqwyjqwbtaovaznehevomif/SourcePackages/checkouts/firebase-ios-sdk
    /Applications/Xcode.app/Contents/Developer/Toolchains/XcodeDefault.xctoolchain/usr/bin/clang -Xlinker -reproducible -target arm64-apple-ios15.0-simulator -r -isysroot /Applications/Xcode.app/Contents/Developer/Platforms/iPhoneSimulator.platform/Developer/SDKs/iPhoneSimulator26.2.sdk -O0 -w -L/Users/borisserzhanovich/Library/Developer/Xcode/DerivedData/WorkoutTracker-gugjzwqwyjqwbtaovaznehevomif/Build/Intermediates.noindex/EagerLinkingTBDs/Debug-iphonesimulator -L/Users/borisserzhanovich/Library/Developer/Xcode/DerivedData/WorkoutTracker-gugjzwqwyjqwbtaovaznehevomif/Build/Products/Debug-iphonesimulator -L/Applications/Xcode.app/Contents/Developer/Platforms/iPhoneSimulator.platform/Developer/usr/lib -F/Users/borisserzhanovich/Library/Developer/Xcode/DerivedData/WorkoutTracker-gugjzwqwyjqwbtaovaznehevomif/Build/Intermediates.noindex/EagerLinkingTBDs/Debug-iphonesimulator -F/Users/borisserzhanovich/Library/Developer/Xcode/DerivedData/WorkoutTracker-gugjzwqwyjqwbtaovaznehevomif/Build/Products/Debug-iphonesimulator/PackageFrameworks -F/Users/borisserzhanovich/Library/Developer/Xcode/DerivedData/WorkoutTracker-gugjzwqwyjqwbtaovaznehevomif/Build/Products/Debug-iphonesimulator -iframework /Applications/Xcode.app/Contents/Developer/Platforms/iPhoneSimulator.platform/Developer/Library/Frameworks -iframework /Applications/Xcode.app/Contents/Developer/Platforms/iPhoneSimulator.platform/Developer/SDKs/iPhoneSimulator26.2.sdk/Developer/Library/Frameworks -filelist /Users/borisserzhanovich/Library/Developer/Xcode/DerivedData/WorkoutTracker-gugjzwqwyjqwbtaovaznehevomif/Build/Intermediates.noindex/Firebase.build/Debug-iphonesimulator/FirebaseAuthInternal.build/Objects-normal/arm64/FirebaseAuthInternal.LinkFileList -nostdlib -Xlinker -object_path_lto -Xlinker /Users/borisserzhanovich/Library/Developer/Xcode/DerivedData/WorkoutTracker-gugjzwqwyjqwbtaovaznehevomif/Build/Intermediates.noindex/Firebase.build/Debug-iphonesimulator/FirebaseAuthInternal.build/Objects-normal/arm64/FirebaseAuthInternal_lto.o -rdynamic -Xlinker -no_deduplicate -Xlinker -objc_abi_version -Xlinker 2 -Xlinker -dependency_info -Xlinker /Users/borisserzhanovich/Library/Developer/Xcode/DerivedData/WorkoutTracker-gugjzwqwyjqwbtaovaznehevomif/Build/Intermediates.noindex/Firebase.build/Debug-iphonesimulator/FirebaseAuthInternal.build/Objects-normal/arm64/FirebaseAuthInternal_dependency_info.dat -fobjc-arc -fobjc-link-runtime -o /Users/borisserzhanovich/Library/Developer/Xcode/DerivedData/WorkoutTracker-gugjzwqwyjqwbtaovaznehevomif/Build/Products/Debug-iphonesimulator/FirebaseAuthInternal.o

RegisterExecutionPolicyException /Users/borisserzhanovich/Library/Developer/Xcode/DerivedData/WorkoutTracker-gugjzwqwyjqwbtaovaznehevomif/Build/Products/Debug-iphonesimulator/FirebaseAppCheckInterop.o (in target 'FirebaseAppCheckInterop' from project 'Firebase')
    cd /Users/borisserzhanovich/Library/Developer/Xcode/DerivedData/WorkoutTracker-gugjzwqwyjqwbtaovaznehevomif/SourcePackages/checkouts/firebase-ios-sdk
    builtin-RegisterExecutionPolicyException /Users/borisserzhanovich/Library/Developer/Xcode/DerivedData/WorkoutTracker-gugjzwqwyjqwbtaovaznehevomif/Build/Products/Debug-iphonesimulator/FirebaseAppCheckInterop.o

RegisterExecutionPolicyException /Users/borisserzhanovich/Library/Developer/Xcode/DerivedData/WorkoutTracker-gugjzwqwyjqwbtaovaznehevomif/Build/Products/Debug-iphonesimulator/Firebase.o (in target 'Firebase' from project 'Firebase')
    cd /Users/borisserzhanovich/Library/Developer/Xcode/DerivedData/WorkoutTracker-gugjzwqwyjqwbtaovaznehevomif/SourcePackages/checkouts/firebase-ios-sdk
    builtin-RegisterExecutionPolicyException /Users/borisserzhanovich/Library/Developer/Xcode/DerivedData/WorkoutTracker-gugjzwqwyjqwbtaovaznehevomif/Build/Products/Debug-iphonesimulator/Firebase.o

RegisterExecutionPolicyException /Users/borisserzhanovich/Library/Developer/Xcode/DerivedData/WorkoutTracker-gugjzwqwyjqwbtaovaznehevomif/Build/Products/Debug-iphonesimulator/FBLPromises.o (in target 'FBLPromises' from project 'Promises')
    cd /Users/borisserzhanovich/Library/Developer/Xcode/DerivedData/WorkoutTracker-gugjzwqwyjqwbtaovaznehevomif/SourcePackages/checkouts/promises
    builtin-RegisterExecutionPolicyException /Users/borisserzhanovich/Library/Developer/Xcode/DerivedData/WorkoutTracker-gugjzwqwyjqwbtaovaznehevomif/Build/Products/Debug-iphonesimulator/FBLPromises.o

CompileXCStrings /Users/borisserzhanovich/Library/Developer/Xcode/DerivedData/WorkoutTracker-gugjzwqwyjqwbtaovaznehevomif/Build/Intermediates.noindex/WorkoutTracker.build/Debug-iphonesimulator/WorkoutTracker.build/ /Users/borisserzhanovich/projects/Workout/WorkoutTracker\ copy/WorkoutTracker/Localizable.xcstrings (in target 'WorkoutTracker' from project 'WorkoutTracker')
    cd /Users/borisserzhanovich/projects/Workout/WorkoutTracker\ copy
    /Applications/Xcode.app/Contents/Developer/usr/bin/xcstringstool compile --output-directory /Users/borisserzhanovich/Library/Developer/Xcode/DerivedData/WorkoutTracker-gugjzwqwyjqwbtaovaznehevomif/Build/Intermediates.noindex/WorkoutTracker.build/Debug-iphonesimulator/WorkoutTracker.build /Users/borisserzhanovich/projects/Workout/WorkoutTracker\ copy/WorkoutTracker/Localizable.xcstrings

SwiftDriver WorkoutTracker normal arm64 com.apple.xcode.tools.swift.compiler (in target 'WorkoutTracker' from project 'WorkoutTracker')
    cd /Users/borisserzhanovich/projects/Workout/WorkoutTracker\ copy
    builtin-SwiftDriver -- /Applications/Xcode.app/Contents/Developer/Toolchains/XcodeDefault.xctoolchain/usr/bin/swiftc -module-name WorkoutTracker -Onone -enforce-exclusivity\=checked @/Users/borisserzhanovich/Library/Developer/Xcode/DerivedData/WorkoutTracker-gugjzwqwyjqwbtaovaznehevomif/Build/Intermediates.noindex/WorkoutTracker.build/Debug-iphonesimulator/WorkoutTracker.build/Objects-normal/arm64/WorkoutTracker.SwiftFileList -DDEBUG -Xcc -fmodule-map-file\=/Users/borisserzhanovich/Library/Developer/Xcode/DerivedData/WorkoutTracker-gugjzwqwyjqwbtaovaznehevomif/Build/Intermediates.noindex/GeneratedModuleMaps-iphonesimulator/abslWrapper.modulemap -Xcc -fmodule-map-file\=/Users/borisserzhanovich/Library/Developer/Xcode/DerivedData/WorkoutTracker-gugjzwqwyjqwbtaovaznehevomif/Build/Intermediates.noindex/GeneratedModuleMaps-iphonesimulator/opensslWrapper.modulemap -Xcc -fmodule-map-file\=/Users/borisserzhanovich/Library/Developer/Xcode/DerivedData/WorkoutTracker-gugjzwqwyjqwbtaovaznehevomif/Build/Intermediates.noindex/GeneratedModuleMaps-iphonesimulator/grpcWrapper.modulemap -Xcc -fmodule-map-file\=/Users/borisserzhanovich/Library/Developer/Xcode/DerivedData/WorkoutTracker-gugjzwqwyjqwbtaovaznehevomif/Build/Intermediates.noindex/GeneratedModuleMaps-iphonesimulator/grpcppWrapper.modulemap -Xcc -fmodule-map-file\=/Users/borisserzhanovich/Library/Developer/Xcode/DerivedData/WorkoutTracker-gugjzwqwyjqwbtaovaznehevomif/Build/Intermediates.noindex/GeneratedModuleMaps-iphonesimulator/leveldb.modulemap -Xcc -fmodule-map-file\=/Users/borisserzhanovich/Library/Developer/Xcode/DerivedData/WorkoutTracker-gugjzwqwyjqwbtaovaznehevomif/Build/Intermediates.noindex/GeneratedModuleMaps-iphonesimulator/FirebaseFirestoreInternalWrapper.modulemap -Xcc -fmodule-map-file\=/Users/borisserzhanovich/Library/Developer/Xcode/DerivedData/WorkoutTracker-gugjzwqwyjqwbtaovaznehevomif/Build/Intermediates.noindex/GeneratedModuleMaps-iphonesimulator/FirebaseFirestoreTarget.modulemap -Xcc -fmodule-map-file\=/Users/borisserzhanovich/Library/Developer/Xcode/DerivedData/WorkoutTracker-gugjzwqwyjqwbtaovaznehevomif/Build/Intermediates.noindex/GeneratedModuleMaps-iphonesimulator/RecaptchaInterop.modulemap -Xcc -fmodule-map-file\=/Users/borisserzhanovich/Library/Developer/Xcode/DerivedData/WorkoutTracker-gugjzwqwyjqwbtaovaznehevomif/Build/Intermediates.noindex/GeneratedModuleMaps-iphonesimulator/FirebaseAuthInternal.modulemap -Xcc -fmodule-map-file\=/Users/borisserzhanovich/Library/Developer/Xcode/DerivedData/WorkoutTracker-gugjzwqwyjqwbtaovaznehevomif/Build/Intermediates.noindex/GeneratedModuleMaps-iphonesimulator/FirebaseMessagingInterop.modulemap -Xcc -fmodule-map-file\=/Users/borisserzhanovich/Library/Developer/Xcode/DerivedData/WorkoutTracker-gugjzwqwyjqwbtaovaznehevomif/Build/Intermediates.noindex/GeneratedModuleMaps-iphonesimulator/FirebaseAuthInterop.modulemap -Xcc -fmodule-map-file\=/Users/borisserzhanovich/Library/Developer/Xcode/DerivedData/WorkoutTracker-gugjzwqwyjqwbtaovaznehevomif/Build/Intermediates.noindex/GeneratedModuleMaps-iphonesimulator/FirebaseAppCheckInterop.modulemap -Xcc -fmodule-map-file\=/Users/borisserzhanovich/Library/Developer/Xcode/DerivedData/WorkoutTracker-gugjzwqwyjqwbtaovaznehevomif/Build/Intermediates.noindex/GeneratedModuleMaps-iphonesimulator/FirebaseAppCheck.modulemap -Xcc -fmodule-map-file\=/Users/borisserzhanovich/Library/Developer/Xcode/DerivedData/WorkoutTracker-gugjzwqwyjqwbtaovaznehevomif/Build/Intermediates.noindex/GeneratedModuleMaps-iphonesimulator/AppAuth.modulemap -Xcc -fmodule-map-file\=/Users/borisserzhanovich/Library/Developer/Xcode/DerivedData/WorkoutTracker-gugjzwqwyjqwbtaovaznehevomif/Build/Intermediates.noindex/GeneratedModuleMaps-iphonesimulator/AppAuthCore.modulemap -Xcc -fmodule-map-file\=/Users/borisserzhanovich/Library/Developer/Xcode/DerivedData/WorkoutTracker-gugjzwqwyjqwbtaovaznehevomif/Build/Intermediates.noindex/GeneratedModuleMaps-iphonesimulator/AppCheckCore.modulemap -Xcc -fmodule-map-file\=/Users/borisserzhanovich/Library/Developer/Xcode/DerivedData/WorkoutTracker-gugjzwqwyjqwbtaovaznehevomif/Build/Intermediates.noindex/GeneratedModuleMaps-iphonesimulator/GTMSessionFetcherCore.modulemap -Xcc -fmodule-map-file\=/Users/borisserzhanovich/Library/Developer/Xcode/DerivedData/WorkoutTracker-gugjzwqwyjqwbtaovaznehevomif/Build/Intermediates.noindex/GeneratedModuleMaps-iphonesimulator/GoogleSignIn.modulemap -Xcc -fmodule-map-file\=/Users/borisserzhanovich/Library/Developer/Xcode/DerivedData/WorkoutTracker-gugjzwqwyjqwbtaovaznehevomif/Build/Intermediates.noindex/GeneratedModuleMaps-iphonesimulator/GoogleAdsOnDeviceConversionTarget.modulemap -Xcc -fmodule-map-file\=/Users/borisserzhanovich/Library/Developer/Xcode/DerivedData/WorkoutTracker-gugjzwqwyjqwbtaovaznehevomif/Build/Intermediates.noindex/GeneratedModuleMaps-iphonesimulator/GoogleAppMeasurementTarget.modulemap -Xcc -fmodule-map-file\=/Users/borisserzhanovich/Library/Developer/Xcode/DerivedData/WorkoutTracker-gugjzwqwyjqwbtaovaznehevomif/Build/Intermediates.noindex/GeneratedModuleMaps-iphonesimulator/GoogleUtilities-AppDelegateSwizzler.modulemap -Xcc -fmodule-map-file\=/Users/borisserzhanovich/Library/Developer/Xcode/DerivedData/WorkoutTracker-gugjzwqwyjqwbtaovaznehevomif/Build/Intermediates.noindex/GeneratedModuleMaps-iphonesimulator/GoogleUtilities-Reachability.modulemap -Xcc -fmodule-map-file\=/Users/borisserzhanovich/Library/Developer/Xcode/DerivedData/WorkoutTracker-gugjzwqwyjqwbtaovaznehevomif/Build/Intermediates.noindex/GeneratedModuleMaps-iphonesimulator/GoogleUtilities-Network.modulemap -Xcc -fmodule-map-file\=/Users/borisserzhanovich/Library/Developer/Xcode/DerivedData/WorkoutTracker-gugjzwqwyjqwbtaovaznehevomif/Build/Intermediates.noindex/GeneratedModuleMaps-iphonesimulator/FirebaseAnalyticsWrapper.modulemap -Xcc -fmodule-map-file\=/Users/borisserzhanovich/Library/Developer/Xcode/DerivedData/WorkoutTracker-gugjzwqwyjqwbtaovaznehevomif/Build/Intermediates.noindex/GeneratedModuleMaps-iphonesimulator/FirebaseAnalyticsTarget.modulemap -Xcc -fmodule-map-file\=/Users/borisserzhanovich/Library/Developer/Xcode/DerivedData/WorkoutTracker-gugjzwqwyjqwbtaovaznehevomif/Build/Intermediates.noindex/GeneratedModuleMaps-iphonesimulator/FirebaseCrashlytics.modulemap -Xcc -fmodule-map-file\=/Users/borisserzhanovich/Library/Developer/Xcode/DerivedData/WorkoutTracker-gugjzwqwyjqwbtaovaznehevomif/Build/Intermediates.noindex/GeneratedModuleMaps-iphonesimulator/GoogleUtilities-NSData.modulemap -Xcc -fmodule-map-file\=/Users/borisserzhanovich/Library/Developer/Xcode/DerivedData/WorkoutTracker-gugjzwqwyjqwbtaovaznehevomif/Build/Intermediates.noindex/GeneratedModuleMaps-iphonesimulator/GoogleUtilities-UserDefaults.modulemap -Xcc -fmodule-map-file\=/Users/borisserzhanovich/Library/Developer/Xcode/DerivedData/WorkoutTracker-gugjzwqwyjqwbtaovaznehevomif/Build/Intermediates.noindex/GeneratedModuleMaps-iphonesimulator/nanopb.modulemap -Xcc -fmodule-map-file\=/Users/borisserzhanovich/Library/Developer/Xcode/DerivedData/WorkoutTracker-gugjzwqwyjqwbtaovaznehevomif/Build/Intermediates.noindex/GeneratedModuleMaps-iphonesimulator/GoogleDataTransport.modulemap -Xcc -fmodule-map-file\=/Users/borisserzhanovich/Library/Developer/Xcode/DerivedData/WorkoutTracker-gugjzwqwyjqwbtaovaznehevomif/Build/Intermediates.noindex/GeneratedModuleMaps-iphonesimulator/GoogleUtilities-Logger.modulemap -Xcc -fmodule-map-file\=/Users/borisserzhanovich/Library/Developer/Xcode/DerivedData/WorkoutTracker-gugjzwqwyjqwbtaovaznehevomif/Build/Intermediates.noindex/GeneratedModuleMaps-iphonesimulator/GoogleUtilities-Environment.modulemap -Xcc -fmodule-map-file\=/Users/borisserzhanovich/Library/Developer/Xcode/DerivedData/WorkoutTracker-gugjzwqwyjqwbtaovaznehevomif/Build/Intermediates.noindex/GeneratedModuleMaps-iphonesimulator/third-party-IsAppEncrypted.modulemap -Xcc -fmodule-map-file\=/Users/borisserzhanovich/Library/Developer/Xcode/DerivedData/WorkoutTracker-gugjzwqwyjqwbtaovaznehevomif/Build/Intermediates.noindex/GeneratedModuleMaps-iphonesimulator/GoogleUtilities-MethodSwizzler.modulemap -Xcc -fmodule-map-file\=/Users/borisserzhanovich/Library/Developer/Xcode/DerivedData/WorkoutTracker-gugjzwqwyjqwbtaovaznehevomif/Build/Intermediates.noindex/GeneratedModuleMaps-iphonesimulator/FirebasePerformance.modulemap -Xcc -fmodule-map-file\=/Users/borisserzhanovich/Library/Developer/Xcode/DerivedData/WorkoutTracker-gugjzwqwyjqwbtaovaznehevomif/Build/Intermediates.noindex/GeneratedModuleMaps-iphonesimulator/FirebaseSessionsObjC.modulemap -Xcc -fmodule-map-file\=/Users/borisserzhanovich/Library/Developer/Xcode/DerivedData/WorkoutTracker-gugjzwqwyjqwbtaovaznehevomif/Build/Intermediates.noindex/GeneratedModuleMaps-iphonesimulator/FirebaseCoreExtension.modulemap -Xcc -fmodule-map-file\=/Users/borisserzhanovich/Library/Developer/Xcode/DerivedData/WorkoutTracker-gugjzwqwyjqwbtaovaznehevomif/Build/Intermediates.noindex/GeneratedModuleMaps-iphonesimulator/FirebaseRemoteConfigInternal.modulemap -Xcc -fmodule-map-file\=/Users/borisserzhanovich/Library/Developer/Xcode/DerivedData/WorkoutTracker-gugjzwqwyjqwbtaovaznehevomif/Build/Intermediates.noindex/GeneratedModuleMaps-iphonesimulator/FirebaseABTesting.modulemap -Xcc -fmodule-map-file\=/Users/borisserzhanovich/Library/Developer/Xcode/DerivedData/WorkoutTracker-gugjzwqwyjqwbtaovaznehevomif/Build/Intermediates.noindex/GeneratedModuleMaps-iphonesimulator/FirebaseInstallations.modulemap -Xcc -fmodule-map-file\=/Users/borisserzhanovich/Library/Developer/Xcode/DerivedData/WorkoutTracker-gugjzwqwyjqwbtaovaznehevomif/Build/Intermediates.noindex/GeneratedModuleMaps-iphonesimulator/FirebaseCore.modulemap -Xcc -fmodule-map-file\=/Users/borisserzhanovich/Library/Developer/Xcode/DerivedData/WorkoutTracker-gugjzwqwyjqwbtaovaznehevomif/Build/Intermediates.noindex/GeneratedModuleMaps-iphonesimulator/FirebasePerformanceTarget.modulemap -default-isolation\=MainActor -enable-bare-slash-regex -enable-upcoming-feature DisableOutwardActorInference -enable-upcoming-feature InferSendableFromCaptures -enable-upcoming-feature GlobalActorIsolatedTypesUsability -enable-upcoming-feature MemberImportVisibility -enable-upcoming-feature InferIsolatedConformances -enable-upcoming-feature NonisolatedNonsendingByDefault -enable-experimental-feature DebugDescriptionMacro -sdk /Applications/Xcode.app/Contents/Developer/Platforms/iPhoneSimulator.platform/Developer/SDKs/iPhoneSimulator26.2.sdk -target arm64-apple-ios17.6-simulator -g -module-cache-path /Users/borisserzhanovich/Library/Developer/Xcode/DerivedData/ModuleCache.noindex -Xfrontend -serialize-debugging-options -enable-testing -index-store-path /Users/borisserzhanovich/Library/Developer/Xcode/DerivedData/WorkoutTracker-gugjzwqwyjqwbtaovaznehevomif/Index.noindex/DataStore -Xcc -D_LIBCPP_HARDENING_MODE\=_LIBCPP_HARDENING_MODE_DEBUG -swift-version 5 -I /Users/borisserzhanovich/Library/Developer/Xcode/DerivedData/WorkoutTracker-gugjzwqwyjqwbtaovaznehevomif/Build/Products/Debug-iphonesimulator -F /Users/borisserzhanovich/Library/Developer/Xcode/DerivedData/WorkoutTracker-gugjzwqwyjqwbtaovaznehevomif/Build/Products/Debug-iphonesimulator/PackageFrameworks -F /Users/borisserzhanovich/Library/Developer/Xcode/DerivedData/WorkoutTracker-gugjzwqwyjqwbtaovaznehevomif/Build/Products/Debug-iphonesimulator/PackageFrameworks -F /Users/borisserzhanovich/Library/Developer/Xcode/DerivedData/WorkoutTracker-gugjzwqwyjqwbtaovaznehevomif/Build/Products/Debug-iphonesimulator/PackageFrameworks -F /Users/borisserzhanovich/Library/Developer/Xcode/DerivedData/WorkoutTracker-gugjzwqwyjqwbtaovaznehevomif/Build/Products/Debug-iphonesimulator/PackageFrameworks -F /Users/borisserzhanovich/Library/Developer/Xcode/DerivedData/WorkoutTracker-gugjzwqwyjqwbtaovaznehevomif/Build/Products/Debug-iphonesimulator/PackageFrameworks -F /Users/borisserzhanovich/Library/Developer/Xcode/DerivedData/WorkoutTracker-gugjzwqwyjqwbtaovaznehevomif/Build/Products/Debug-iphonesimulator/PackageFrameworks -F /Users/borisserzhanovich/Library/Developer/Xcode/DerivedData/WorkoutTracker-gugjzwqwyjqwbtaovaznehevomif/Build/Products/Debug-iphonesimulator/PackageFrameworks -F /Users/borisserzhanovich/Library/Developer/Xcode/DerivedData/WorkoutTracker-gugjzwqwyjqwbtaovaznehevomif/Build/Products/Debug-iphonesimulator/PackageFrameworks -F /Users/borisserzhanovich/Library/Developer/Xcode/DerivedData/WorkoutTracker-gugjzwqwyjqwbtaovaznehevomif/Build/Products/Debug-iphonesimulator/PackageFrameworks -F /Users/borisserzhanovich/Library/Developer/Xcode/DerivedData/WorkoutTracker-gugjzwqwyjqwbtaovaznehevomif/Build/Products/Debug-iphonesimulator/PackageFrameworks -F /Users/borisserzhanovich/Library/Developer/Xcode/DerivedData/WorkoutTracker-gugjzwqwyjqwbtaovaznehevomif/Build/Products/Debug-iphonesimulator/PackageFrameworks -F /Users/borisserzhanovich/Library/Developer/Xcode/DerivedData/WorkoutTracker-gugjzwqwyjqwbtaovaznehevomif/Build/Products/Debug-iphonesimulator/PackageFrameworks -F /Users/borisserzhanovich/Library/Developer/Xcode/DerivedData/WorkoutTracker-gugjzwqwyjqwbtaovaznehevomif/Build/Products/Debug-iphonesimulator/PackageFrameworks -F /Users/borisserzhanovich/Library/Developer/Xcode/DerivedData/WorkoutTracker-gugjzwqwyjqwbtaovaznehevomif/Build/Products/Debug-iphonesimulator/PackageFrameworks -F /Users/borisserzhanovich/Library/Developer/Xcode/DerivedData/WorkoutTracker-gugjzwqwyjqwbtaovaznehevomif/Build/Products/Debug-iphonesimulator/PackageFrameworks -F /Users/borisserzhanovich/Library/Developer/Xcode/DerivedData/WorkoutTracker-gugjzwqwyjqwbtaovaznehevomif/Build/Products/Debug-iphonesimulator/PackageFrameworks -F /Users/borisserzhanovich/Library/Developer/Xcode/DerivedData/WorkoutTracker-gugjzwqwyjqwbtaovaznehevomif/Build/Products/Debug-iphonesimulator/PackageFrameworks -F /Users/borisserzhanovich/Library/Developer/Xcode/DerivedData/WorkoutTracker-gugjzwqwyjqwbtaovaznehevomif/Build/Products/Debug-iphonesimulator/PackageFrameworks -F /Users/borisserzhanovich/Library/Developer/Xcode/DerivedData/WorkoutTracker-gugjzwqwyjqwbtaovaznehevomif/Build/Products/Debug-iphonesimulator/PackageFrameworks -F /Users/borisserzhanovich/Library/Developer/Xcode/DerivedData/WorkoutTracker-gugjzwqwyjqwbtaovaznehevomif/Build/Products/Debug-iphonesimulator/PackageFrameworks -F /Users/borisserzhanovich/Library/Developer/Xcode/DerivedData/WorkoutTracker-gugjzwqwyjqwbtaovaznehevomif/Build/Products/Debug-iphonesimulator/PackageFrameworks -F /Users/borisserzhanovich/Library/Developer/Xcode/DerivedData/WorkoutTracker-gugjzwqwyjqwbtaovaznehevomif/Build/Products/Debug-iphonesimulator/PackageFrameworks -F /Users/borisserzhanovich/Library/Developer/Xcode/DerivedData/WorkoutTracker-gugjzwqwyjqwbtaovaznehevomif/Build/Products/Debug-iphonesimulator/PackageFrameworks -F /Users/borisserzhanovich/Library/Developer/Xcode/DerivedData/WorkoutTracker-gugjzwqwyjqwbtaovaznehevomif/Build/Products/Debug-iphonesimulator/PackageFrameworks -F /Users/borisserzhanovich/Library/Developer/Xcode/DerivedData/WorkoutTracker-gugjzwqwyjqwbtaovaznehevomif/Build/Products/Debug-iphonesimulator/PackageFrameworks -F /Users/borisserzhanovich/Library/Developer/Xcode/DerivedData/WorkoutTracker-gugjzwqwyjqwbtaovaznehevomif/Build/Products/Debug-iphonesimulator/PackageFrameworks -F /Users/borisserzhanovich/Library/Developer/Xcode/DerivedData/WorkoutTracker-gugjzwqwyjqwbtaovaznehevomif/Build/Products/Debug-iphonesimulator/PackageFrameworks -F /Users/borisserzhanovich/Library/Developer/Xcode/DerivedData/WorkoutTracker-gugjzwqwyjqwbtaovaznehevomif/Build/Products/Debug-iphonesimulator/PackageFrameworks -F /Users/borisserzhanovich/Library/Developer/Xcode/DerivedData/WorkoutTracker-gugjzwqwyjqwbtaovaznehevomif/Build/Products/Debug-iphonesimulator/PackageFrameworks -F /Users/borisserzhanovich/Library/Developer/Xcode/DerivedData/WorkoutTracker-gugjzwqwyjqwbtaovaznehevomif/Build/Products/Debug-iphonesimulator/PackageFrameworks -F /Users/borisserzhanovich/Library/Developer/Xcode/DerivedData/WorkoutTracker-gugjzwqwyjqwbtaovaznehevomif/Build/Products/Debug-iphonesimulator/PackageFrameworks -F /Users/borisserzhanovich/Library/Developer/Xcode/DerivedData/WorkoutTracker-gugjzwqwyjqwbtaovaznehevomif/Build/Products/Debug-iphonesimulator/PackageFrameworks -F /Users/borisserzhanovich/Library/Developer/Xcode/DerivedData/WorkoutTracker-gugjzwqwyjqwbtaovaznehevomif/Build/Products/Debug-iphonesimulator/PackageFrameworks -F /Users/borisserzhanovich/Library/Developer/Xcode/DerivedData/WorkoutTracker-gugjzwqwyjqwbtaovaznehevomif/Build/Products/Debug-iphonesimulator/PackageFrameworks -F /Users/borisserzhanovich/Library/Developer/Xcode/DerivedData/WorkoutTracker-gugjzwqwyjqwbtaovaznehevomif/Build/Products/Debug-iphonesimulator/PackageFrameworks -F /Users/borisserzhanovich/Library/Developer/Xcode/DerivedData/WorkoutTracker-gugjzwqwyjqwbtaovaznehevomif/Build/Products/Debug-iphonesimulator/PackageFrameworks -F /Users/borisserzhanovich/Library/Developer/Xcode/DerivedData/WorkoutTracker-gugjzwqwyjqwbtaovaznehevomif/Build/Products/Debug-iphonesimulator/PackageFrameworks -F /Users/borisserzhanovich/Library/Developer/Xcode/DerivedData/WorkoutTracker-gugjzwqwyjqwbtaovaznehevomif/Build/Products/Debug-iphonesimulator/PackageFrameworks -F /Users/borisserzhanovich/Library/Developer/Xcode/DerivedData/WorkoutTracker-gugjzwqwyjqwbtaovaznehevomif/Build/Products/Debug-iphonesimulator/PackageFrameworks -F /Users/borisserzhanovich/Library/Developer/Xcode/DerivedData/WorkoutTracker-gugjzwqwyjqwbtaovaznehevomif/Build/Products/Debug-iphonesimulator/PackageFrameworks -F /Users/borisserzhanovich/Library/Developer/Xcode/DerivedData/WorkoutTracker-gugjzwqwyjqwbtaovaznehevomif/Build/Products/Debug-iphonesimulator/PackageFrameworks -F /Users/borisserzhanovich/Library/Developer/Xcode/DerivedData/WorkoutTracker-gugjzwqwyjqwbtaovaznehevomif/Build/Products/Debug-iphonesimulator/PackageFrameworks -F /Users/borisserzhanovich/Library/Developer/Xcode/DerivedData/WorkoutTracker-gugjzwqwyjqwbtaovaznehevomif/Build/Products/Debug-iphonesimulator/PackageFrameworks -F /Users/borisserzhanovich/Library/Developer/Xcode/DerivedData/WorkoutTracker-gugjzwqwyjqwbtaovaznehevomif/Build/Products/Debug-iphonesimulator/PackageFrameworks -F /Users/borisserzhanovich/Library/Developer/Xcode/DerivedData/WorkoutTracker-gugjzwqwyjqwbtaovaznehevomif/Build/Products/Debug-iphonesimulator/PackageFrameworks -F /Users/borisserzhanovich/Library/Developer/Xcode/DerivedData/WorkoutTracker-gugjzwqwyjqwbtaovaznehevomif/Build/Products/Debug-iphonesimulator/PackageFrameworks -F /Users/borisserzhanovich/Library/Developer/Xcode/DerivedData/WorkoutTracker-gugjzwqwyjqwbtaovaznehevomif/Build/Products/Debug-iphonesimulator/PackageFrameworks -F /Users/borisserzhanovich/Library/Developer/Xcode/DerivedData/WorkoutTracker-gugjzwqwyjqwbtaovaznehevomif/Build/Products/Debug-iphonesimulator/PackageFrameworks -F /Users/borisserzhanovich/Library/Developer/Xcode/DerivedData/WorkoutTracker-gugjzwqwyjqwbtaovaznehevomif/Build/Products/Debug-iphonesimulator/PackageFrameworks -F /Users/borisserzhanovich/Library/Developer/Xcode/DerivedData/WorkoutTracker-gugjzwqwyjqwbtaovaznehevomif/Build/Products/Debug-iphonesimulator/PackageFrameworks -F /Users/borisserzhanovich/Library/Developer/Xcode/DerivedData/WorkoutTracker-gugjzwqwyjqwbtaovaznehevomif/Build/Products/Debug-iphonesimulator/PackageFrameworks -F /Users/borisserzhanovich/Library/Developer/Xcode/DerivedData/WorkoutTracker-gugjzwqwyjqwbtaovaznehevomif/Build/Products/Debug-iphonesimulator/PackageFrameworks -F /Users/borisserzhanovich/Library/Developer/Xcode/DerivedData/WorkoutTracker-gugjzwqwyjqwbtaovaznehevomif/Build/Products/Debug-iphonesimulator/PackageFrameworks -F /Users/borisserzhanovich/Library/Developer/Xcode/DerivedData/WorkoutTracker-gugjzwqwyjqwbtaovaznehevomif/Build/Products/Debug-iphonesimulator/PackageFrameworks -F /Users/borisserzhanovich/Library/Developer/Xcode/DerivedData/WorkoutTracker-gugjzwqwyjqwbtaovaznehevomif/Build/Products/Debug-iphonesimulator/PackageFrameworks -F /Users/borisserzhanovich/Library/Developer/Xcode/DerivedData/WorkoutTracker-gugjzwqwyjqwbtaovaznehevomif/Build/Products/Debug-iphonesimulator/PackageFrameworks -F /Users/borisserzhanovich/Library/Developer/Xcode/DerivedData/WorkoutTracker-gugjzwqwyjqwbtaovaznehevomif/Build/Products/Debug-iphonesimulator -emit-localized-strings -emit-localized-strings-path /Users/borisserzhanovich/Library/Developer/Xcode/DerivedData/WorkoutTracker-gugjzwqwyjqwbtaovaznehevomif/Build/Intermediates.noindex/WorkoutTracker.build/Debug-iphonesimulator/WorkoutTracker.build/Objects-normal/arm64 -c -j10 -enable-batch-mode -incremental -Xcc -ivfsstatcache -Xcc /Users/borisserzhanovich/Library/Developer/Xcode/DerivedData/SDKStatCaches.noindex/iphonesimulator26.2-23C57-7d00a8b37fbd7999ea79df8ebc024bf0.sdkstatcache -output-file-map /Users/borisserzhanovich/Library/Developer/Xcode/DerivedData/WorkoutTracker-gugjzwqwyjqwbtaovaznehevomif/Build/Intermediates.noindex/WorkoutTracker.build/Debug-iphonesimulator/WorkoutTracker.build/Objects-normal/arm64/WorkoutTracker-OutputFileMap.json -use-frontend-parseable-output -save-temps -no-color-diagnostics -explicit-module-build -module-cache-path /Users/borisserzhanovich/Library/Developer/Xcode/DerivedData/WorkoutTracker-gugjzwqwyjqwbtaovaznehevomif/Build/Intermediates.noindex/SwiftExplicitPrecompiledModules -clang-scanner-module-cache-path /Users/borisserzhanovich/Library/Developer/Xcode/DerivedData/ModuleCache.noindex -sdk-module-cache-path /Users/borisserzhanovich/Library/Developer/Xcode/DerivedData/ModuleCache.noindex -serialize-diagnostics -emit-dependencies -emit-module -emit-module-path /Users/borisserzhanovich/Library/Developer/Xcode/DerivedData/WorkoutTracker-gugjzwqwyjqwbtaovaznehevomif/Build/Intermediates.noindex/WorkoutTracker.build/Debug-iphonesimulator/WorkoutTracker.build/Objects-normal/arm64/WorkoutTracker.swiftmodule -validate-clang-modules-once -clang-build-session-file /Users/borisserzhanovich/Library/Developer/Xcode/DerivedData/ModuleCache.noindex/Session.modulevalidation -Xcc -I/Users/borisserzhanovich/Library/Developer/Xcode/DerivedData/WorkoutTracker-gugjzwqwyjqwbtaovaznehevomif/Build/Intermediates.noindex/WorkoutTracker.build/Debug-iphonesimulator/WorkoutTracker.build/swift-overrides.hmap -emit-const-values -Xfrontend -const-gather-protocols-file -Xfrontend /Users/borisserzhanovich/Library/Developer/Xcode/DerivedData/WorkoutTracker-gugjzwqwyjqwbtaovaznehevomif/Build/Intermediates.noindex/WorkoutTracker.build/Debug-iphonesimulator/WorkoutTracker.build/Objects-normal/arm64/WorkoutTracker_const_extract_protocols.json -Xcc -iquote -Xcc /Users/borisserzhanovich/Library/Developer/Xcode/DerivedData/WorkoutTracker-gugjzwqwyjqwbtaovaznehevomif/Build/Intermediates.noindex/WorkoutTracker.build/Debug-iphonesimulator/WorkoutTracker.build/WorkoutTracker-generated-files.hmap -Xcc -I/Users/borisserzhanovich/Library/Developer/Xcode/DerivedData/WorkoutTracker-gugjzwqwyjqwbtaovaznehevomif/Build/Intermediates.noindex/WorkoutTracker.build/Debug-iphonesimulator/WorkoutTracker.build/WorkoutTracker-own-target-headers.hmap -Xcc -I/Users/borisserzhanovich/Library/Developer/Xcode/DerivedData/WorkoutTracker-gugjzwqwyjqwbtaovaznehevomif/Build/Intermediates.noindex/WorkoutTracker.build/Debug-iphonesimulator/WorkoutTracker.build/WorkoutTracker-all-non-framework-target-headers.hmap -Xcc -ivfsoverlay -Xcc /Users/borisserzhanovich/Library/Developer/Xcode/DerivedData/WorkoutTracker-gugjzwqwyjqwbtaovaznehevomif/Build/Intermediates.noindex/WorkoutTracker.build/Debug-iphonesimulator/WorkoutTracker-d36e0c2491cbbecbfaeaed3ebc3d9b3e-VFS-iphonesimulator/all-product-headers.yaml -Xcc -iquote -Xcc /Users/borisserzhanovich/Library/Developer/Xcode/DerivedData/WorkoutTracker-gugjzwqwyjqwbtaovaznehevomif/Build/Intermediates.noindex/WorkoutTracker.build/Debug-iphonesimulator/WorkoutTracker.build/WorkoutTracker-project-headers.hmap -Xcc -I/Users/borisserzhanovich/Library/Developer/Xcode/DerivedData/WorkoutTracker-gugjzwqwyjqwbtaovaznehevomif/SourcePackages/checkouts/abseil-cpp-binary/absl-Wrapper/include -Xcc -I/Users/borisserzhanovich/Library/Developer/Xcode/DerivedData/WorkoutTracker-gugjzwqwyjqwbtaovaznehevomif/SourcePackages/checkouts/grpc-binary/openssl-grpc-Wrapper/include -Xcc -I/Users/borisserzhanovich/Library/Developer/Xcode/DerivedData/WorkoutTracker-gugjzwqwyjqwbtaovaznehevomif/SourcePackages/checkouts/grpc-binary/grpc-Wrapper/include -Xcc -I/Users/borisserzhanovich/Library/Developer/Xcode/DerivedData/WorkoutTracker-gugjzwqwyjqwbtaovaznehevomif/SourcePackages/checkouts/grpc-binary/grpcpp-Wrapper/include -Xcc -I/Users/borisserzhanovich/Library/Developer/Xcode/DerivedData/WorkoutTracker-gugjzwqwyjqwbtaovaznehevomif/SourcePackages/checkouts/leveldb/include -Xcc -I/Users/borisserzhanovich/Library/Developer/Xcode/DerivedData/WorkoutTracker-gugjzwqwyjqwbtaovaznehevomif/SourcePackages/checkouts/firebase-ios-sdk/FirebaseFirestoreInternal -Xcc -I/Users/borisserzhanovich/Library/Developer/Xcode/DerivedData/WorkoutTracker-gugjzwqwyjqwbtaovaznehevomif/SourcePackages/checkouts/firebase-ios-sdk/SwiftPM-PlatformExclude/FirebaseFirestoreWrap/include -Xcc -I/Users/borisserzhanovich/Library/Developer/Xcode/DerivedData/WorkoutTracker-gugjzwqwyjqwbtaovaznehevomif/SourcePackages/checkouts/interop-ios-for-google-sdks/RecaptchaEnterprise/RecaptchaInterop/Public -Xcc -I/Users/borisserzhanovich/Library/Developer/Xcode/DerivedData/WorkoutTracker-gugjzwqwyjqwbtaovaznehevomif/SourcePackages/checkouts/firebase-ios-sdk/FirebaseAuth/Sources/Public -Xcc -I/Users/borisserzhanovich/Library/Developer/Xcode/DerivedData/WorkoutTracker-gugjzwqwyjqwbtaovaznehevomif/SourcePackages/checkouts/firebase-ios-sdk/FirebaseMessaging/Interop -Xcc -I/Users/borisserzhanovich/Library/Developer/Xcode/DerivedData/WorkoutTracker-gugjzwqwyjqwbtaovaznehevomif/SourcePackages/checkouts/firebase-ios-sdk/FirebaseAuth/Interop/Public -Xcc -I/Users/borisserzhanovich/Library/Developer/Xcode/DerivedData/WorkoutTracker-gugjzwqwyjqwbtaovaznehevomif/SourcePackages/checkouts/firebase-ios-sdk/FirebaseAppCheck/Interop/Public -Xcc -I/Users/borisserzhanovich/Library/Developer/Xcode/DerivedData/WorkoutTracker-gugjzwqwyjqwbtaovaznehevomif/SourcePackages/checkouts/firebase-ios-sdk/FirebaseAppCheck/Sources/Public -Xcc -I/Users/borisserzhanovich/Library/Developer/Xcode/DerivedData/WorkoutTracker-gugjzwqwyjqwbtaovaznehevomif/SourcePackages/checkouts/AppAuth-iOS/Sources/AppAuth -Xcc -I/Users/borisserzhanovich/Library/Developer/Xcode/DerivedData/WorkoutTracker-gugjzwqwyjqwbtaovaznehevomif/SourcePackages/checkouts/AppAuth-iOS/Sources/AppAuthCore -Xcc -I/Users/borisserzhanovich/Library/Developer/Xcode/DerivedData/WorkoutTracker-gugjzwqwyjqwbtaovaznehevomif/SourcePackages/checkouts/app-check/AppCheckCore/Sources/Public -Xcc -I/Users/borisserzhanovich/Library/Developer/Xcode/DerivedData/WorkoutTracker-gugjzwqwyjqwbtaovaznehevomif/SourcePackages/checkouts/gtm-session-fetcher/Sources/Core/Public -Xcc -I/Users/borisserzhanovich/Library/Developer/Xcode/DerivedData/WorkoutTracker-gugjzwqwyjqwbtaovaznehevomif/SourcePackages/checkouts/GoogleSignIn-iOS/GoogleSignIn/Sources/Public -Xcc -I/Users/borisserzhanovich/Library/Developer/Xcode/DerivedData/WorkoutTracker-gugjzwqwyjqwbtaovaznehevomif/SourcePackages/checkouts/google-ads-on-device-conversion-ios-sdk/GoogleAdsOnDeviceConversionWrapper/include -Xcc -I/Users/borisserzhanovich/Library/Developer/Xcode/DerivedData/WorkoutTracker-gugjzwqwyjqwbtaovaznehevomif/SourcePackages/checkouts/GoogleAppMeasurement/GoogleAppMeasurementWrapper/include -Xcc -I/Users/borisserzhanovich/Library/Developer/Xcode/DerivedData/WorkoutTracker-gugjzwqwyjqwbtaovaznehevomif/SourcePackages/checkouts/GoogleUtilities/GoogleUtilities/AppDelegateSwizzler/Public -Xcc -I/Users/borisserzhanovich/Library/Developer/Xcode/DerivedData/WorkoutTracker-gugjzwqwyjqwbtaovaznehevomif/SourcePackages/checkouts/GoogleUtilities/GoogleUtilities/Reachability/Public -Xcc -I/Users/borisserzhanovich/Library/Developer/Xcode/DerivedData/WorkoutTracker-gugjzwqwyjqwbtaovaznehevomif/SourcePackages/checkouts/GoogleUtilities/GoogleUtilities/Network/Public -Xcc -I/Users/borisserzhanovich/Library/Developer/Xcode/DerivedData/WorkoutTracker-gugjzwqwyjqwbtaovaznehevomif/SourcePackages/checkouts/firebase-ios-sdk/FirebaseAnalyticsWrapper/include -Xcc -I/Users/borisserzhanovich/Library/Developer/Xcode/DerivedData/WorkoutTracker-gugjzwqwyjqwbtaovaznehevomif/SourcePackages/checkouts/firebase-ios-sdk/SwiftPM-PlatformExclude/FirebaseAnalyticsWrap/include -Xcc -I/Users/borisserzhanovich/Library/Developer/Xcode/DerivedData/WorkoutTracker-gugjzwqwyjqwbtaovaznehevomif/SourcePackages/checkouts/firebase-ios-sdk/Crashlytics/Crashlytics/Public -Xcc -I/Users/borisserzhanovich/Library/Developer/Xcode/DerivedData/WorkoutTracker-gugjzwqwyjqwbtaovaznehevomif/SourcePackages/checkouts/GoogleUtilities/GoogleUtilities/NSData+zlib/Public -Xcc -I/Users/borisserzhanovich/Library/Developer/Xcode/DerivedData/WorkoutTracker-gugjzwqwyjqwbtaovaznehevomif/SourcePackages/checkouts/GoogleUtilities/GoogleUtilities/UserDefaults/Public -Xcc -I/Users/borisserzhanovich/Library/Developer/Xcode/DerivedData/WorkoutTracker-gugjzwqwyjqwbtaovaznehevomif/SourcePackages/checkouts/nanopb/spm_headers -Xcc -I/Users/borisserzhanovich/Library/Developer/Xcode/DerivedData/WorkoutTracker-gugjzwqwyjqwbtaovaznehevomif/SourcePackages/checkouts/promises/Sources/FBLPromises/include -Xcc -I/Users/borisserzhanovich/Library/Developer/Xcode/DerivedData/WorkoutTracker-gugjzwqwyjqwbtaovaznehevomif/SourcePackages/checkouts/GoogleDataTransport/GoogleDataTransport/GDTCORLibrary/Public -Xcc -I/Users/borisserzhanovich/Library/Developer/Xcode/DerivedData/WorkoutTracker-gugjzwqwyjqwbtaovaznehevomif/SourcePackages/checkouts/GoogleUtilities/GoogleUtilities/Logger/Public -Xcc -I/Users/borisserzhanovich/Library/Developer/Xcode/DerivedData/WorkoutTracker-gugjzwqwyjqwbtaovaznehevomif/SourcePackages/checkouts/GoogleUtilities/GoogleUtilities/Environment/Public -Xcc -I/Users/borisserzhanovich/Library/Developer/Xcode/DerivedData/WorkoutTracker-gugjzwqwyjqwbtaovaznehevomif/SourcePackages/checkouts/GoogleUtilities/third_party/IsAppEncrypted/Public -Xcc -I/Users/borisserzhanovich/Library/Developer/Xcode/DerivedData/WorkoutTracker-gugjzwqwyjqwbtaovaznehevomif/SourcePackages/checkouts/GoogleUtilities/GoogleUtilities/MethodSwizzler/Public -Xcc -I/Users/borisserzhanovich/Library/Developer/Xcode/DerivedData/WorkoutTracker-gugjzwqwyjqwbtaovaznehevomif/SourcePackages/checkouts/firebase-ios-sdk/FirebasePerformance/Sources/Public -Xcc -I/Users/borisserzhanovich/Library/Developer/Xcode/DerivedData/WorkoutTracker-gugjzwqwyjqwbtaovaznehevomif/SourcePackages/checkouts/firebase-ios-sdk/FirebaseSessions/SourcesObjC -Xcc -I/Users/borisserzhanovich/Library/Developer/Xcode/DerivedData/WorkoutTracker-gugjzwqwyjqwbtaovaznehevomif/SourcePackages/checkouts/firebase-ios-sdk/FirebaseCore/Extension -Xcc -I/Users/borisserzhanovich/Library/Developer/Xcode/DerivedData/WorkoutTracker-gugjzwqwyjqwbtaovaznehevomif/SourcePackages/checkouts/firebase-ios-sdk/FirebaseRemoteConfig/Sources/Public -Xcc -I/Users/borisserzhanovich/Library/Developer/Xcode/DerivedData/WorkoutTracker-gugjzwqwyjqwbtaovaznehevomif/SourcePackages/checkouts/firebase-ios-sdk/FirebaseABTesting/Sources/Public -Xcc -I/Users/borisserzhanovich/Library/Developer/Xcode/DerivedData/WorkoutTracker-gugjzwqwyjqwbtaovaznehevomif/SourcePackages/checkouts/firebase-ios-sdk/FirebaseInstallations/Source/Library/Public -Xcc -I/Users/borisserzhanovich/Library/Developer/Xcode/DerivedData/WorkoutTracker-gugjzwqwyjqwbtaovaznehevomif/SourcePackages/checkouts/firebase-ios-sdk/FirebaseCore/Sources/Public -Xcc -I/Users/borisserzhanovich/Library/Developer/Xcode/DerivedData/WorkoutTracker-gugjzwqwyjqwbtaovaznehevomif/SourcePackages/checkouts/firebase-ios-sdk/CoreOnly/Sources -Xcc -I/Users/borisserzhanovich/Library/Developer/Xcode/DerivedData/WorkoutTracker-gugjzwqwyjqwbtaovaznehevomif/SourcePackages/checkouts/firebase-ios-sdk/SwiftPM-PlatformExclude/FirebasePerformanceWrap/include -Xcc -I/Users/borisserzhanovich/Library/Developer/Xcode/DerivedData/WorkoutTracker-gugjzwqwyjqwbtaovaznehevomif/Build/Products/Debug-iphonesimulator/include -Xcc -I/Users/borisserzhanovich/Library/Developer/Xcode/DerivedData/WorkoutTracker-gugjzwqwyjqwbtaovaznehevomif/Build/Intermediates.noindex/WorkoutTracker.build/Debug-iphonesimulator/WorkoutTracker.build/DerivedSources-normal/arm64 -Xcc -I/Users/borisserzhanovich/Library/Developer/Xcode/DerivedData/WorkoutTracker-gugjzwqwyjqwbtaovaznehevomif/Build/Intermediates.noindex/WorkoutTracker.build/Debug-iphonesimulator/WorkoutTracker.build/DerivedSources/arm64 -Xcc -I/Users/borisserzhanovich/Library/Developer/Xcode/DerivedData/WorkoutTracker-gugjzwqwyjqwbtaovaznehevomif/Build/Intermediates.noindex/WorkoutTracker.build/Debug-iphonesimulator/WorkoutTracker.build/DerivedSources -Xcc -DDEBUG\=1 -emit-objc-header -emit-objc-header-path /Users/borisserzhanovich/Library/Developer/Xcode/DerivedData/WorkoutTracker-gugjzwqwyjqwbtaovaznehevomif/Build/Intermediates.noindex/WorkoutTracker.build/Debug-iphonesimulator/WorkoutTracker.build/Objects-normal/arm64/WorkoutTracker-Swift.h -working-directory /Users/borisserzhanovich/projects/Workout/WorkoutTracker\ copy -experimental-emit-module-separately -disable-cmo

RegisterExecutionPolicyException /Users/borisserzhanovich/Library/Developer/Xcode/DerivedData/WorkoutTracker-gugjzwqwyjqwbtaovaznehevomif/Build/Products/Debug-iphonesimulator/grpcppWrapper.o (in target 'grpcppWrapper' from project 'gRPC')
    cd /Users/borisserzhanovich/Library/Developer/Xcode/DerivedData/WorkoutTracker-gugjzwqwyjqwbtaovaznehevomif/SourcePackages/checkouts/grpc-binary
    builtin-RegisterExecutionPolicyException /Users/borisserzhanovich/Library/Developer/Xcode/DerivedData/WorkoutTracker-gugjzwqwyjqwbtaovaznehevomif/Build/Products/Debug-iphonesimulator/grpcppWrapper.o

CompileAssetCatalogVariant thinned /Users/borisserzhanovich/Library/Developer/Xcode/DerivedData/WorkoutTracker-gugjzwqwyjqwbtaovaznehevomif/Build/Products/Debug-iphonesimulator/WorkoutTracker.app /Users/borisserzhanovich/projects/Workout/WorkoutTracker\ copy/WorkoutTracker/Assets.xcassets (in target 'WorkoutTracker' from project 'WorkoutTracker')
    cd /Users/borisserzhanovich/projects/Workout/WorkoutTracker\ copy
    /Applications/Xcode.app/Contents/Developer/usr/bin/actool /Users/borisserzhanovich/projects/Workout/WorkoutTracker\ copy/WorkoutTracker/Assets.xcassets --compile /Users/borisserzhanovich/Library/Developer/Xcode/DerivedData/WorkoutTracker-gugjzwqwyjqwbtaovaznehevomif/Build/Intermediates.noindex/WorkoutTracker.build/Debug-iphonesimulator/WorkoutTracker.build/assetcatalog_output/thinned --output-format human-readable-text --notices --warnings --export-dependency-info /Users/borisserzhanovich/Library/Developer/Xcode/DerivedData/WorkoutTracker-gugjzwqwyjqwbtaovaznehevomif/Build/Intermediates.noindex/WorkoutTracker.build/Debug-iphonesimulator/WorkoutTracker.build/assetcatalog_dependencies_thinned --output-partial-info-plist /Users/borisserzhanovich/Library/Developer/Xcode/DerivedData/WorkoutTracker-gugjzwqwyjqwbtaovaznehevomif/Build/Intermediates.noindex/WorkoutTracker.build/Debug-iphonesimulator/WorkoutTracker.build/assetcatalog_generated_info.plist_thinned --app-icon AppIcon --accent-color AccentColor --compress-pngs --enable-on-demand-resources YES --filter-for-thinning-device-configuration iPhone18,1 --filter-for-device-os-version 26.3.1 --development-region en --target-device iphone --target-device ipad --minimum-deployment-target 17.6 --platform iphonesimulator
/* com.apple.actool.compilation-results */
/Users/borisserzhanovich/Library/Developer/Xcode/DerivedData/WorkoutTracker-gugjzwqwyjqwbtaovaznehevomif/Build/Intermediates.noindex/WorkoutTracker.build/Debug-iphonesimulator/WorkoutTracker.build/assetcatalog_generated_info.plist_thinned
/Users/borisserzhanovich/Library/Developer/Xcode/DerivedData/WorkoutTracker-gugjzwqwyjqwbtaovaznehevomif/Build/Intermediates.noindex/WorkoutTracker.build/Debug-iphonesimulator/WorkoutTracker.build/assetcatalog_output/thinned/AppIcon60x60@2x.png
/Users/borisserzhanovich/Library/Developer/Xcode/DerivedData/WorkoutTracker-gugjzwqwyjqwbtaovaznehevomif/Build/Intermediates.noindex/WorkoutTracker.build/Debug-iphonesimulator/WorkoutTracker.build/assetcatalog_output/thinned/AppIcon76x76@2x~ipad.png
/Users/borisserzhanovich/Library/Developer/Xcode/DerivedData/WorkoutTracker-gugjzwqwyjqwbtaovaznehevomif/Build/Intermediates.noindex/WorkoutTracker.build/Debug-iphonesimulator/WorkoutTracker.build/assetcatalog_output/thinned/Assets.car


ExtractAppIntentsMetadata (in target 'FirebaseCoreInternal' from project 'Firebase')
    cd /Users/borisserzhanovich/Library/Developer/Xcode/DerivedData/WorkoutTracker-gugjzwqwyjqwbtaovaznehevomif/SourcePackages/checkouts/firebase-ios-sdk
    /Applications/Xcode.app/Contents/Developer/Toolchains/XcodeDefault.xctoolchain/usr/bin/appintentsmetadataprocessor --toolchain-dir /Applications/Xcode.app/Contents/Developer/Toolchains/XcodeDefault.xctoolchain --module-name FirebaseCoreInternal --sdk-root /Applications/Xcode.app/Contents/Developer/Platforms/iPhoneSimulator.platform/Developer/SDKs/iPhoneSimulator26.2.sdk --xcode-version 17C529 --platform-family iOS --deployment-target 15.0 --bundle-identifier firebase-ios-sdk.FirebaseCoreInternal --output /Users/borisserzhanovich/Library/Developer/Xcode/DerivedData/WorkoutTracker-gugjzwqwyjqwbtaovaznehevomif/Build/Products/Debug-iphonesimulator/FirebaseCoreInternal.appintents --target-triple arm64-apple-ios15.0-simulator --binary-file /Users/borisserzhanovich/Library/Developer/Xcode/DerivedData/WorkoutTracker-gugjzwqwyjqwbtaovaznehevomif/Build/Products/Debug-iphonesimulator/FirebaseCoreInternal.o --dependency-file /Users/borisserzhanovich/Library/Developer/Xcode/DerivedData/WorkoutTracker-gugjzwqwyjqwbtaovaznehevomif/Build/Intermediates.noindex/Firebase.build/Debug-iphonesimulator/FirebaseCoreInternal.build/Objects-normal/arm64/FirebaseCoreInternal_dependency_info.dat --stringsdata-file /Users/borisserzhanovich/Library/Developer/Xcode/DerivedData/WorkoutTracker-gugjzwqwyjqwbtaovaznehevomif/Build/Intermediates.noindex/Firebase.build/Debug-iphonesimulator/FirebaseCoreInternal.build/Objects-normal/arm64/ExtractedAppShortcutsMetadata.stringsdata --source-file-list /Users/borisserzhanovich/Library/Developer/Xcode/DerivedData/WorkoutTracker-gugjzwqwyjqwbtaovaznehevomif/Build/Intermediates.noindex/Firebase.build/Debug-iphonesimulator/FirebaseCoreInternal.build/Objects-normal/arm64/FirebaseCoreInternal.SwiftFileList --metadata-file-list /Users/borisserzhanovich/Library/Developer/Xcode/DerivedData/WorkoutTracker-gugjzwqwyjqwbtaovaznehevomif/Build/Intermediates.noindex/Firebase.build/Debug-iphonesimulator/FirebaseCoreInternal.build/FirebaseCoreInternal.DependencyMetadataFileList --static-metadata-file-list /Users/borisserzhanovich/Library/Developer/Xcode/DerivedData/WorkoutTracker-gugjzwqwyjqwbtaovaznehevomif/Build/Intermediates.noindex/Firebase.build/Debug-iphonesimulator/FirebaseCoreInternal.build/FirebaseCoreInternal.DependencyStaticMetadataFileList --swift-const-vals-list /Users/borisserzhanovich/Library/Developer/Xcode/DerivedData/WorkoutTracker-gugjzwqwyjqwbtaovaznehevomif/Build/Intermediates.noindex/Firebase.build/Debug-iphonesimulator/FirebaseCoreInternal.build/Objects-normal/arm64/FirebaseCoreInternal.SwiftConstValuesFileList --force --compile-time-extraction --deployment-aware-processing --validate-assistant-intents --no-app-shortcuts-localization
2026-06-13 22:32:14.944 appintentsmetadataprocessor[58311:10976323] Starting appintentsmetadataprocessor export
2026-06-13 22:32:15.250 appintentsmetadataprocessor[58311:10976323] Extracted no relevant App Intents symbols, skipping writing output

RegisterExecutionPolicyException /Users/borisserzhanovich/Library/Developer/Xcode/DerivedData/WorkoutTracker-gugjzwqwyjqwbtaovaznehevomif/Build/Products/Debug-iphonesimulator/GoogleUtilities-Environment.o (in target 'GoogleUtilities-Environment' from project 'GoogleUtilities')
    cd /Users/borisserzhanovich/Library/Developer/Xcode/DerivedData/WorkoutTracker-gugjzwqwyjqwbtaovaznehevomif/SourcePackages/checkouts/GoogleUtilities
    builtin-RegisterExecutionPolicyException /Users/borisserzhanovich/Library/Developer/Xcode/DerivedData/WorkoutTracker-gugjzwqwyjqwbtaovaznehevomif/Build/Products/Debug-iphonesimulator/GoogleUtilities-Environment.o

RegisterExecutionPolicyException /Users/borisserzhanovich/Library/Developer/Xcode/DerivedData/WorkoutTracker-gugjzwqwyjqwbtaovaznehevomif/Build/Products/Debug-iphonesimulator/FirebaseAuthInterop.o (in target 'FirebaseAuthInterop' from project 'Firebase')
    cd /Users/borisserzhanovich/Library/Developer/Xcode/DerivedData/WorkoutTracker-gugjzwqwyjqwbtaovaznehevomif/SourcePackages/checkouts/firebase-ios-sdk
    builtin-RegisterExecutionPolicyException /Users/borisserzhanovich/Library/Developer/Xcode/DerivedData/WorkoutTracker-gugjzwqwyjqwbtaovaznehevomif/Build/Products/Debug-iphonesimulator/FirebaseAuthInterop.o

Ld /Users/borisserzhanovich/Library/Developer/Xcode/DerivedData/WorkoutTracker-gugjzwqwyjqwbtaovaznehevomif/Build/Products/Debug-iphonesimulator/GoogleUtilities-Logger.o normal (in target 'GoogleUtilities-Logger' from project 'GoogleUtilities')
    cd /Users/borisserzhanovich/Library/Developer/Xcode/DerivedData/WorkoutTracker-gugjzwqwyjqwbtaovaznehevomif/SourcePackages/checkouts/GoogleUtilities
    /Applications/Xcode.app/Contents/Developer/Toolchains/XcodeDefault.xctoolchain/usr/bin/clang -Xlinker -reproducible -target arm64-apple-ios12.0-simulator -r -isysroot /Applications/Xcode.app/Contents/Developer/Platforms/iPhoneSimulator.platform/Developer/SDKs/iPhoneSimulator26.2.sdk -O0 -w -L/Users/borisserzhanovich/Library/Developer/Xcode/DerivedData/WorkoutTracker-gugjzwqwyjqwbtaovaznehevomif/Build/Intermediates.noindex/EagerLinkingTBDs/Debug-iphonesimulator -L/Users/borisserzhanovich/Library/Developer/Xcode/DerivedData/WorkoutTracker-gugjzwqwyjqwbtaovaznehevomif/Build/Products/Debug-iphonesimulator -L/Applications/Xcode.app/Contents/Developer/Platforms/iPhoneSimulator.platform/Developer/usr/lib -F/Users/borisserzhanovich/Library/Developer/Xcode/DerivedData/WorkoutTracker-gugjzwqwyjqwbtaovaznehevomif/Build/Intermediates.noindex/EagerLinkingTBDs/Debug-iphonesimulator -F/Users/borisserzhanovich/Library/Developer/Xcode/DerivedData/WorkoutTracker-gugjzwqwyjqwbtaovaznehevomif/Build/Products/Debug-iphonesimulator/PackageFrameworks -F/Users/borisserzhanovich/Library/Developer/Xcode/DerivedData/WorkoutTracker-gugjzwqwyjqwbtaovaznehevomif/Build/Products/Debug-iphonesimulator/PackageFrameworks -F/Users/borisserzhanovich/Library/Developer/Xcode/DerivedData/WorkoutTracker-gugjzwqwyjqwbtaovaznehevomif/Build/Products/Debug-iphonesimulator -iframework /Applications/Xcode.app/Contents/Developer/Platforms/iPhoneSimulator.platform/Developer/Library/Frameworks -iframework /Applications/Xcode.app/Contents/Developer/Platforms/iPhoneSimulator.platform/Developer/SDKs/iPhoneSimulator26.2.sdk/Developer/Library/Frameworks -filelist /Users/borisserzhanovich/Library/Developer/Xcode/DerivedData/WorkoutTracker-gugjzwqwyjqwbtaovaznehevomif/Build/Intermediates.noindex/GoogleUtilities.build/Debug-iphonesimulator/GoogleUtilities-Logger.build/Objects-normal/arm64/GoogleUtilities-Logger.LinkFileList -nostdlib -Xlinker -object_path_lto -Xlinker /Users/borisserzhanovich/Library/Developer/Xcode/DerivedData/WorkoutTracker-gugjzwqwyjqwbtaovaznehevomif/Build/Intermediates.noindex/GoogleUtilities.build/Debug-iphonesimulator/GoogleUtilities-Logger.build/Objects-normal/arm64/GoogleUtilities-Logger_lto.o -rdynamic -Xlinker -no_deduplicate -Xlinker -objc_abi_version -Xlinker 2 -Xlinker -dependency_info -Xlinker /Users/borisserzhanovich/Library/Developer/Xcode/DerivedData/WorkoutTracker-gugjzwqwyjqwbtaovaznehevomif/Build/Intermediates.noindex/GoogleUtilities.build/Debug-iphonesimulator/GoogleUtilities-Logger.build/Objects-normal/arm64/GoogleUtilities-Logger_dependency_info.dat -fobjc-arc -fobjc-link-runtime -o /Users/borisserzhanovich/Library/Developer/Xcode/DerivedData/WorkoutTracker-gugjzwqwyjqwbtaovaznehevomif/Build/Products/Debug-iphonesimulator/GoogleUtilities-Logger.o

Ld /Users/borisserzhanovich/Library/Developer/Xcode/DerivedData/WorkoutTracker-gugjzwqwyjqwbtaovaznehevomif/Build/Products/Debug-iphonesimulator/Promises.o normal (in target 'Promises' from project 'Promises')
    cd /Users/borisserzhanovich/Library/Developer/Xcode/DerivedData/WorkoutTracker-gugjzwqwyjqwbtaovaznehevomif/SourcePackages/checkouts/promises
    /Applications/Xcode.app/Contents/Developer/Toolchains/XcodeDefault.xctoolchain/usr/bin/clang -Xlinker -reproducible -target arm64-apple-ios12.0-simulator -r -isysroot /Applications/Xcode.app/Contents/Developer/Platforms/iPhoneSimulator.platform/Developer/SDKs/iPhoneSimulator26.2.sdk -O0 -w -L/Users/borisserzhanovich/Library/Developer/Xcode/DerivedData/WorkoutTracker-gugjzwqwyjqwbtaovaznehevomif/Build/Intermediates.noindex/EagerLinkingTBDs/Debug-iphonesimulator -L/Users/borisserzhanovich/Library/Developer/Xcode/DerivedData/WorkoutTracker-gugjzwqwyjqwbtaovaznehevomif/Build/Products/Debug-iphonesimulator -L/Applications/Xcode.app/Contents/Developer/Platforms/iPhoneSimulator.platform/Developer/usr/lib -F/Users/borisserzhanovich/Library/Developer/Xcode/DerivedData/WorkoutTracker-gugjzwqwyjqwbtaovaznehevomif/Build/Intermediates.noindex/EagerLinkingTBDs/Debug-iphonesimulator -F/Users/borisserzhanovich/Library/Developer/Xcode/DerivedData/WorkoutTracker-gugjzwqwyjqwbtaovaznehevomif/Build/Products/Debug-iphonesimulator/PackageFrameworks -F/Users/borisserzhanovich/Library/Developer/Xcode/DerivedData/WorkoutTracker-gugjzwqwyjqwbtaovaznehevomif/Build/Products/Debug-iphonesimulator -iframework /Applications/Xcode.app/Contents/Developer/Platforms/iPhoneSimulator.platform/Developer/Library/Frameworks -iframework /Applications/Xcode.app/Contents/Developer/Platforms/iPhoneSimulator.platform/Developer/SDKs/iPhoneSimulator26.2.sdk/Developer/Library/Frameworks -filelist /Users/borisserzhanovich/Library/Developer/Xcode/DerivedData/WorkoutTracker-gugjzwqwyjqwbtaovaznehevomif/Build/Intermediates.noindex/Promises.build/Debug-iphonesimulator/Promises.build/Objects-normal/arm64/Promises.LinkFileList -nostdlib -Xlinker -object_path_lto -Xlinker /Users/borisserzhanovich/Library/Developer/Xcode/DerivedData/WorkoutTracker-gugjzwqwyjqwbtaovaznehevomif/Build/Intermediates.noindex/Promises.build/Debug-iphonesimulator/Promises.build/Objects-normal/arm64/Promises_lto.o -rdynamic -Xlinker -no_deduplicate -Xlinker -objc_abi_version -Xlinker 2 -Xlinker -dependency_info -Xlinker /Users/borisserzhanovich/Library/Developer/Xcode/DerivedData/WorkoutTracker-gugjzwqwyjqwbtaovaznehevomif/Build/Intermediates.noindex/Promises.build/Debug-iphonesimulator/Promises.build/Objects-normal/arm64/Promises_dependency_info.dat -fobjc-link-runtime -L/Applications/Xcode.app/Contents/Developer/Toolchains/XcodeDefault.xctoolchain/usr/lib/swift/iphonesimulator -L/usr/lib/swift -Xlinker -add_ast_path -Xlinker /Users/borisserzhanovich/Library/Developer/Xcode/DerivedData/WorkoutTracker-gugjzwqwyjqwbtaovaznehevomif/Build/Intermediates.noindex/Promises.build/Debug-iphonesimulator/Promises.build/Objects-normal/arm64/Promises.swiftmodule @/Users/borisserzhanovich/Library/Developer/Xcode/DerivedData/WorkoutTracker-gugjzwqwyjqwbtaovaznehevomif/Build/Intermediates.noindex/Promises.build/Debug-iphonesimulator/Promises.build/Objects-normal/arm64/Promises-linker-args.resp -o /Users/borisserzhanovich/Library/Developer/Xcode/DerivedData/WorkoutTracker-gugjzwqwyjqwbtaovaznehevomif/Build/Products/Debug-iphonesimulator/Promises.o

Ld /Users/borisserzhanovich/Library/Developer/Xcode/DerivedData/WorkoutTracker-gugjzwqwyjqwbtaovaznehevomif/Build/Products/Debug-iphonesimulator/GoogleDataTransport.o normal (in target 'GoogleDataTransport' from project 'GoogleDataTransport')
    cd /Users/borisserzhanovich/Library/Developer/Xcode/DerivedData/WorkoutTracker-gugjzwqwyjqwbtaovaznehevomif/SourcePackages/checkouts/GoogleDataTransport
    /Applications/Xcode.app/Contents/Developer/Toolchains/XcodeDefault.xctoolchain/usr/bin/clang -Xlinker -reproducible -target arm64-apple-ios12.0-simulator -r -isysroot /Applications/Xcode.app/Contents/Developer/Platforms/iPhoneSimulator.platform/Developer/SDKs/iPhoneSimulator26.2.sdk -O0 -w -L/Users/borisserzhanovich/Library/Developer/Xcode/DerivedData/WorkoutTracker-gugjzwqwyjqwbtaovaznehevomif/Build/Intermediates.noindex/EagerLinkingTBDs/Debug-iphonesimulator -L/Users/borisserzhanovich/Library/Developer/Xcode/DerivedData/WorkoutTracker-gugjzwqwyjqwbtaovaznehevomif/Build/Products/Debug-iphonesimulator -L/Applications/Xcode.app/Contents/Developer/Platforms/iPhoneSimulator.platform/Developer/usr/lib -F/Users/borisserzhanovich/Library/Developer/Xcode/DerivedData/WorkoutTracker-gugjzwqwyjqwbtaovaznehevomif/Build/Intermediates.noindex/EagerLinkingTBDs/Debug-iphonesimulator -F/Users/borisserzhanovich/Library/Developer/Xcode/DerivedData/WorkoutTracker-gugjzwqwyjqwbtaovaznehevomif/Build/Products/Debug-iphonesimulator/PackageFrameworks -F/Users/borisserzhanovich/Library/Developer/Xcode/DerivedData/WorkoutTracker-gugjzwqwyjqwbtaovaznehevomif/Build/Products/Debug-iphonesimulator/PackageFrameworks -F/Users/borisserzhanovich/Library/Developer/Xcode/DerivedData/WorkoutTracker-gugjzwqwyjqwbtaovaznehevomif/Build/Products/Debug-iphonesimulator -iframework /Applications/Xcode.app/Contents/Developer/Platforms/iPhoneSimulator.platform/Developer/Library/Frameworks -iframework /Applications/Xcode.app/Contents/Developer/Platforms/iPhoneSimulator.platform/Developer/SDKs/iPhoneSimulator26.2.sdk/Developer/Library/Frameworks -filelist /Users/borisserzhanovich/Library/Developer/Xcode/DerivedData/WorkoutTracker-gugjzwqwyjqwbtaovaznehevomif/Build/Intermediates.noindex/GoogleDataTransport.build/Debug-iphonesimulator/GoogleDataTransport.build/Objects-normal/arm64/GoogleDataTransport.LinkFileList -nostdlib -Xlinker -object_path_lto -Xlinker /Users/borisserzhanovich/Library/Developer/Xcode/DerivedData/WorkoutTracker-gugjzwqwyjqwbtaovaznehevomif/Build/Intermediates.noindex/GoogleDataTransport.build/Debug-iphonesimulator/GoogleDataTransport.build/Objects-normal/arm64/GoogleDataTransport_lto.o -rdynamic -Xlinker -no_deduplicate -Xlinker -objc_abi_version -Xlinker 2 -Xlinker -dependency_info -Xlinker /Users/borisserzhanovich/Library/Developer/Xcode/DerivedData/WorkoutTracker-gugjzwqwyjqwbtaovaznehevomif/Build/Intermediates.noindex/GoogleDataTransport.build/Debug-iphonesimulator/GoogleDataTransport.build/Objects-normal/arm64/GoogleDataTransport_dependency_info.dat -fobjc-arc -fobjc-link-runtime -o /Users/borisserzhanovich/Library/Developer/Xcode/DerivedData/WorkoutTracker-gugjzwqwyjqwbtaovaznehevomif/Build/Products/Debug-iphonesimulator/GoogleDataTransport.o

RegisterExecutionPolicyException /Users/borisserzhanovich/Library/Developer/Xcode/DerivedData/WorkoutTracker-gugjzwqwyjqwbtaovaznehevomif/Build/Products/Debug-iphonesimulator/AppAuthCore.o (in target 'AppAuthCore' from project 'AppAuth')
    cd /Users/borisserzhanovich/Library/Developer/Xcode/DerivedData/WorkoutTracker-gugjzwqwyjqwbtaovaznehevomif/SourcePackages/checkouts/AppAuth-iOS
    builtin-RegisterExecutionPolicyException /Users/borisserzhanovich/Library/Developer/Xcode/DerivedData/WorkoutTracker-gugjzwqwyjqwbtaovaznehevomif/Build/Products/Debug-iphonesimulator/AppAuthCore.o

RegisterExecutionPolicyException /Users/borisserzhanovich/Library/Developer/Xcode/DerivedData/WorkoutTracker-gugjzwqwyjqwbtaovaznehevomif/Build/Products/Debug-iphonesimulator/GoogleUtilities-Logger.o (in target 'GoogleUtilities-Logger' from project 'GoogleUtilities')
    cd /Users/borisserzhanovich/Library/Developer/Xcode/DerivedData/WorkoutTracker-gugjzwqwyjqwbtaovaznehevomif/SourcePackages/checkouts/GoogleUtilities
    builtin-RegisterExecutionPolicyException /Users/borisserzhanovich/Library/Developer/Xcode/DerivedData/WorkoutTracker-gugjzwqwyjqwbtaovaznehevomif/Build/Products/Debug-iphonesimulator/GoogleUtilities-Logger.o

RegisterExecutionPolicyException /Users/borisserzhanovich/Library/Developer/Xcode/DerivedData/WorkoutTracker-gugjzwqwyjqwbtaovaznehevomif/Build/Products/Debug-iphonesimulator/FirebaseRemoteConfigInterop.o (in target 'FirebaseRemoteConfigInterop' from project 'Firebase')
    cd /Users/borisserzhanovich/Library/Developer/Xcode/DerivedData/WorkoutTracker-gugjzwqwyjqwbtaovaznehevomif/SourcePackages/checkouts/firebase-ios-sdk
    builtin-RegisterExecutionPolicyException /Users/borisserzhanovich/Library/Developer/Xcode/DerivedData/WorkoutTracker-gugjzwqwyjqwbtaovaznehevomif/Build/Products/Debug-iphonesimulator/FirebaseRemoteConfigInterop.o

RegisterExecutionPolicyException /Users/borisserzhanovich/Library/Developer/Xcode/DerivedData/WorkoutTracker-gugjzwqwyjqwbtaovaznehevomif/Build/Products/Debug-iphonesimulator/FirebaseCoreInternal.o (in target 'FirebaseCoreInternal' from project 'Firebase')
    cd /Users/borisserzhanovich/Library/Developer/Xcode/DerivedData/WorkoutTracker-gugjzwqwyjqwbtaovaznehevomif/SourcePackages/checkouts/firebase-ios-sdk
    builtin-RegisterExecutionPolicyException /Users/borisserzhanovich/Library/Developer/Xcode/DerivedData/WorkoutTracker-gugjzwqwyjqwbtaovaznehevomif/Build/Products/Debug-iphonesimulator/FirebaseCoreInternal.o

Ld /Users/borisserzhanovich/Library/Developer/Xcode/DerivedData/WorkoutTracker-gugjzwqwyjqwbtaovaznehevomif/Build/Products/Debug-iphonesimulator/GoogleUtilities-UserDefaults.o normal (in target 'GoogleUtilities-UserDefaults' from project 'GoogleUtilities')
    cd /Users/borisserzhanovich/Library/Developer/Xcode/DerivedData/WorkoutTracker-gugjzwqwyjqwbtaovaznehevomif/SourcePackages/checkouts/GoogleUtilities
    /Applications/Xcode.app/Contents/Developer/Toolchains/XcodeDefault.xctoolchain/usr/bin/clang -Xlinker -reproducible -target arm64-apple-ios12.0-simulator -r -isysroot /Applications/Xcode.app/Contents/Developer/Platforms/iPhoneSimulator.platform/Developer/SDKs/iPhoneSimulator26.2.sdk -O0 -w -L/Users/borisserzhanovich/Library/Developer/Xcode/DerivedData/WorkoutTracker-gugjzwqwyjqwbtaovaznehevomif/Build/Intermediates.noindex/EagerLinkingTBDs/Debug-iphonesimulator -L/Users/borisserzhanovich/Library/Developer/Xcode/DerivedData/WorkoutTracker-gugjzwqwyjqwbtaovaznehevomif/Build/Products/Debug-iphonesimulator -L/Applications/Xcode.app/Contents/Developer/Platforms/iPhoneSimulator.platform/Developer/usr/lib -F/Users/borisserzhanovich/Library/Developer/Xcode/DerivedData/WorkoutTracker-gugjzwqwyjqwbtaovaznehevomif/Build/Intermediates.noindex/EagerLinkingTBDs/Debug-iphonesimulator -F/Users/borisserzhanovich/Library/Developer/Xcode/DerivedData/WorkoutTracker-gugjzwqwyjqwbtaovaznehevomif/Build/Products/Debug-iphonesimulator/PackageFrameworks -F/Users/borisserzhanovich/Library/Developer/Xcode/DerivedData/WorkoutTracker-gugjzwqwyjqwbtaovaznehevomif/Build/Products/Debug-iphonesimulator/PackageFrameworks -F/Users/borisserzhanovich/Library/Developer/Xcode/DerivedData/WorkoutTracker-gugjzwqwyjqwbtaovaznehevomif/Build/Products/Debug-iphonesimulator/PackageFrameworks -F/Users/borisserzhanovich/Library/Developer/Xcode/DerivedData/WorkoutTracker-gugjzwqwyjqwbtaovaznehevomif/Build/Products/Debug-iphonesimulator -iframework /Applications/Xcode.app/Contents/Developer/Platforms/iPhoneSimulator.platform/Developer/Library/Frameworks -iframework /Applications/Xcode.app/Contents/Developer/Platforms/iPhoneSimulator.platform/Developer/SDKs/iPhoneSimulator26.2.sdk/Developer/Library/Frameworks -filelist /Users/borisserzhanovich/Library/Developer/Xcode/DerivedData/WorkoutTracker-gugjzwqwyjqwbtaovaznehevomif/Build/Intermediates.noindex/GoogleUtilities.build/Debug-iphonesimulator/GoogleUtilities-UserDefaults.build/Objects-normal/arm64/GoogleUtilities-UserDefaults.LinkFileList -nostdlib -Xlinker -object_path_lto -Xlinker /Users/borisserzhanovich/Library/Developer/Xcode/DerivedData/WorkoutTracker-gugjzwqwyjqwbtaovaznehevomif/Build/Intermediates.noindex/GoogleUtilities.build/Debug-iphonesimulator/GoogleUtilities-UserDefaults.build/Objects-normal/arm64/GoogleUtilities-UserDefaults_lto.o -rdynamic -Xlinker -no_deduplicate -Xlinker -objc_abi_version -Xlinker 2 -Xlinker -dependency_info -Xlinker /Users/borisserzhanovich/Library/Developer/Xcode/DerivedData/WorkoutTracker-gugjzwqwyjqwbtaovaznehevomif/Build/Intermediates.noindex/GoogleUtilities.build/Debug-iphonesimulator/GoogleUtilities-UserDefaults.build/Objects-normal/arm64/GoogleUtilities-UserDefaults_dependency_info.dat -fobjc-arc -fobjc-link-runtime -o /Users/borisserzhanovich/Library/Developer/Xcode/DerivedData/WorkoutTracker-gugjzwqwyjqwbtaovaznehevomif/Build/Products/Debug-iphonesimulator/GoogleUtilities-UserDefaults.o

Ld /Users/borisserzhanovich/Library/Developer/Xcode/DerivedData/WorkoutTracker-gugjzwqwyjqwbtaovaznehevomif/Build/Products/Debug-iphonesimulator/GoogleUtilities-Reachability.o normal (in target 'GoogleUtilities-Reachability' from project 'GoogleUtilities')
    cd /Users/borisserzhanovich/Library/Developer/Xcode/DerivedData/WorkoutTracker-gugjzwqwyjqwbtaovaznehevomif/SourcePackages/checkouts/GoogleUtilities
    /Applications/Xcode.app/Contents/Developer/Toolchains/XcodeDefault.xctoolchain/usr/bin/clang -Xlinker -reproducible -target arm64-apple-ios12.0-simulator -r -isysroot /Applications/Xcode.app/Contents/Developer/Platforms/iPhoneSimulator.platform/Developer/SDKs/iPhoneSimulator26.2.sdk -O0 -w -L/Users/borisserzhanovich/Library/Developer/Xcode/DerivedData/WorkoutTracker-gugjzwqwyjqwbtaovaznehevomif/Build/Intermediates.noindex/EagerLinkingTBDs/Debug-iphonesimulator -L/Users/borisserzhanovich/Library/Developer/Xcode/DerivedData/WorkoutTracker-gugjzwqwyjqwbtaovaznehevomif/Build/Products/Debug-iphonesimulator -L/Applications/Xcode.app/Contents/Developer/Platforms/iPhoneSimulator.platform/Developer/usr/lib -F/Users/borisserzhanovich/Library/Developer/Xcode/DerivedData/WorkoutTracker-gugjzwqwyjqwbtaovaznehevomif/Build/Intermediates.noindex/EagerLinkingTBDs/Debug-iphonesimulator -F/Users/borisserzhanovich/Library/Developer/Xcode/DerivedData/WorkoutTracker-gugjzwqwyjqwbtaovaznehevomif/Build/Products/Debug-iphonesimulator/PackageFrameworks -F/Users/borisserzhanovich/Library/Developer/Xcode/DerivedData/WorkoutTracker-gugjzwqwyjqwbtaovaznehevomif/Build/Products/Debug-iphonesimulator/PackageFrameworks -F/Users/borisserzhanovich/Library/Developer/Xcode/DerivedData/WorkoutTracker-gugjzwqwyjqwbtaovaznehevomif/Build/Products/Debug-iphonesimulator/PackageFrameworks -F/Users/borisserzhanovich/Library/Developer/Xcode/DerivedData/WorkoutTracker-gugjzwqwyjqwbtaovaznehevomif/Build/Products/Debug-iphonesimulator -iframework /Applications/Xcode.app/Contents/Developer/Platforms/iPhoneSimulator.platform/Developer/Library/Frameworks -iframework /Applications/Xcode.app/Contents/Developer/Platforms/iPhoneSimulator.platform/Developer/SDKs/iPhoneSimulator26.2.sdk/Developer/Library/Frameworks -filelist /Users/borisserzhanovich/Library/Developer/Xcode/DerivedData/WorkoutTracker-gugjzwqwyjqwbtaovaznehevomif/Build/Intermediates.noindex/GoogleUtilities.build/Debug-iphonesimulator/GoogleUtilities-Reachability.build/Objects-normal/arm64/GoogleUtilities-Reachability.LinkFileList -nostdlib -Xlinker -object_path_lto -Xlinker /Users/borisserzhanovich/Library/Developer/Xcode/DerivedData/WorkoutTracker-gugjzwqwyjqwbtaovaznehevomif/Build/Intermediates.noindex/GoogleUtilities.build/Debug-iphonesimulator/GoogleUtilities-Reachability.build/Objects-normal/arm64/GoogleUtilities-Reachability_lto.o -rdynamic -Xlinker -no_deduplicate -Xlinker -objc_abi_version -Xlinker 2 -Xlinker -dependency_info -Xlinker /Users/borisserzhanovich/Library/Developer/Xcode/DerivedData/WorkoutTracker-gugjzwqwyjqwbtaovaznehevomif/Build/Intermediates.noindex/GoogleUtilities.build/Debug-iphonesimulator/GoogleUtilities-Reachability.build/Objects-normal/arm64/GoogleUtilities-Reachability_dependency_info.dat -fobjc-arc -fobjc-link-runtime -o /Users/borisserzhanovich/Library/Developer/Xcode/DerivedData/WorkoutTracker-gugjzwqwyjqwbtaovaznehevomif/Build/Products/Debug-iphonesimulator/GoogleUtilities-Reachability.o

Ld /Users/borisserzhanovich/Library/Developer/Xcode/DerivedData/WorkoutTracker-gugjzwqwyjqwbtaovaznehevomif/Build/Products/Debug-iphonesimulator/GoogleUtilities-MethodSwizzler.o normal (in target 'GoogleUtilities-MethodSwizzler' from project 'GoogleUtilities')
    cd /Users/borisserzhanovich/Library/Developer/Xcode/DerivedData/WorkoutTracker-gugjzwqwyjqwbtaovaznehevomif/SourcePackages/checkouts/GoogleUtilities
    /Applications/Xcode.app/Contents/Developer/Toolchains/XcodeDefault.xctoolchain/usr/bin/clang -Xlinker -reproducible -target arm64-apple-ios12.0-simulator -r -isysroot /Applications/Xcode.app/Contents/Developer/Platforms/iPhoneSimulator.platform/Developer/SDKs/iPhoneSimulator26.2.sdk -O0 -w -L/Users/borisserzhanovich/Library/Developer/Xcode/DerivedData/WorkoutTracker-gugjzwqwyjqwbtaovaznehevomif/Build/Intermediates.noindex/EagerLinkingTBDs/Debug-iphonesimulator -L/Users/borisserzhanovich/Library/Developer/Xcode/DerivedData/WorkoutTracker-gugjzwqwyjqwbtaovaznehevomif/Build/Products/Debug-iphonesimulator -L/Applications/Xcode.app/Contents/Developer/Platforms/iPhoneSimulator.platform/Developer/usr/lib -F/Users/borisserzhanovich/Library/Developer/Xcode/DerivedData/WorkoutTracker-gugjzwqwyjqwbtaovaznehevomif/Build/Intermediates.noindex/EagerLinkingTBDs/Debug-iphonesimulator -F/Users/borisserzhanovich/Library/Developer/Xcode/DerivedData/WorkoutTracker-gugjzwqwyjqwbtaovaznehevomif/Build/Products/Debug-iphonesimulator/PackageFrameworks -F/Users/borisserzhanovich/Library/Developer/Xcode/DerivedData/WorkoutTracker-gugjzwqwyjqwbtaovaznehevomif/Build/Products/Debug-iphonesimulator/PackageFrameworks -F/Users/borisserzhanovich/Library/Developer/Xcode/DerivedData/WorkoutTracker-gugjzwqwyjqwbtaovaznehevomif/Build/Products/Debug-iphonesimulator/PackageFrameworks -F/Users/borisserzhanovich/Library/Developer/Xcode/DerivedData/WorkoutTracker-gugjzwqwyjqwbtaovaznehevomif/Build/Products/Debug-iphonesimulator -iframework /Applications/Xcode.app/Contents/Developer/Platforms/iPhoneSimulator.platform/Developer/Library/Frameworks -iframework /Applications/Xcode.app/Contents/Developer/Platforms/iPhoneSimulator.platform/Developer/SDKs/iPhoneSimulator26.2.sdk/Developer/Library/Frameworks -filelist /Users/borisserzhanovich/Library/Developer/Xcode/DerivedData/WorkoutTracker-gugjzwqwyjqwbtaovaznehevomif/Build/Intermediates.noindex/GoogleUtilities.build/Debug-iphonesimulator/GoogleUtilities-MethodSwizzler.build/Objects-normal/arm64/GoogleUtilities-MethodSwizzler.LinkFileList -nostdlib -Xlinker -object_path_lto -Xlinker /Users/borisserzhanovich/Library/Developer/Xcode/DerivedData/WorkoutTracker-gugjzwqwyjqwbtaovaznehevomif/Build/Intermediates.noindex/GoogleUtilities.build/Debug-iphonesimulator/GoogleUtilities-MethodSwizzler.build/Objects-normal/arm64/GoogleUtilities-MethodSwizzler_lto.o -rdynamic -Xlinker -no_deduplicate -Xlinker -objc_abi_version -Xlinker 2 -Xlinker -dependency_info -Xlinker /Users/borisserzhanovich/Library/Developer/Xcode/DerivedData/WorkoutTracker-gugjzwqwyjqwbtaovaznehevomif/Build/Intermediates.noindex/GoogleUtilities.build/Debug-iphonesimulator/GoogleUtilities-MethodSwizzler.build/Objects-normal/arm64/GoogleUtilities-MethodSwizzler_dependency_info.dat -fobjc-arc -fobjc-link-runtime -o /Users/borisserzhanovich/Library/Developer/Xcode/DerivedData/WorkoutTracker-gugjzwqwyjqwbtaovaznehevomif/Build/Products/Debug-iphonesimulator/GoogleUtilities-MethodSwizzler.o

Ld /Users/borisserzhanovich/Library/Developer/Xcode/DerivedData/WorkoutTracker-gugjzwqwyjqwbtaovaznehevomif/Build/Products/Debug-iphonesimulator/FirebaseCrashlyticsSwift.o normal (in target 'FirebaseCrashlyticsSwift' from project 'Firebase')
    cd /Users/borisserzhanovich/Library/Developer/Xcode/DerivedData/WorkoutTracker-gugjzwqwyjqwbtaovaznehevomif/SourcePackages/checkouts/firebase-ios-sdk
    /Applications/Xcode.app/Contents/Developer/Toolchains/XcodeDefault.xctoolchain/usr/bin/clang -Xlinker -reproducible -target arm64-apple-ios15.0-simulator -r -isysroot /Applications/Xcode.app/Contents/Developer/Platforms/iPhoneSimulator.platform/Developer/SDKs/iPhoneSimulator26.2.sdk -O0 -w -L/Users/borisserzhanovich/Library/Developer/Xcode/DerivedData/WorkoutTracker-gugjzwqwyjqwbtaovaznehevomif/Build/Intermediates.noindex/EagerLinkingTBDs/Debug-iphonesimulator -L/Users/borisserzhanovich/Library/Developer/Xcode/DerivedData/WorkoutTracker-gugjzwqwyjqwbtaovaznehevomif/Build/Products/Debug-iphonesimulator -L/Applications/Xcode.app/Contents/Developer/Platforms/iPhoneSimulator.platform/Developer/usr/lib -F/Users/borisserzhanovich/Library/Developer/Xcode/DerivedData/WorkoutTracker-gugjzwqwyjqwbtaovaznehevomif/Build/Intermediates.noindex/EagerLinkingTBDs/Debug-iphonesimulator -F/Users/borisserzhanovich/Library/Developer/Xcode/DerivedData/WorkoutTracker-gugjzwqwyjqwbtaovaznehevomif/Build/Products/Debug-iphonesimulator/PackageFrameworks -F/Users/borisserzhanovich/Library/Developer/Xcode/DerivedData/WorkoutTracker-gugjzwqwyjqwbtaovaznehevomif/Build/Products/Debug-iphonesimulator -iframework /Applications/Xcode.app/Contents/Developer/Platforms/iPhoneSimulator.platform/Developer/Library/Frameworks -iframework /Applications/Xcode.app/Contents/Developer/Platforms/iPhoneSimulator.platform/Developer/SDKs/iPhoneSimulator26.2.sdk/Developer/Library/Frameworks -filelist /Users/borisserzhanovich/Library/Developer/Xcode/DerivedData/WorkoutTracker-gugjzwqwyjqwbtaovaznehevomif/Build/Intermediates.noindex/Firebase.build/Debug-iphonesimulator/FirebaseCrashlyticsSwift.build/Objects-normal/arm64/FirebaseCrashlyticsSwift.LinkFileList -nostdlib -Xlinker -object_path_lto -Xlinker /Users/borisserzhanovich/Library/Developer/Xcode/DerivedData/WorkoutTracker-gugjzwqwyjqwbtaovaznehevomif/Build/Intermediates.noindex/Firebase.build/Debug-iphonesimulator/FirebaseCrashlyticsSwift.build/Objects-normal/arm64/FirebaseCrashlyticsSwift_lto.o -rdynamic -Xlinker -no_deduplicate -Xlinker -objc_abi_version -Xlinker 2 -Xlinker -dependency_info -Xlinker /Users/borisserzhanovich/Library/Developer/Xcode/DerivedData/WorkoutTracker-gugjzwqwyjqwbtaovaznehevomif/Build/Intermediates.noindex/Firebase.build/Debug-iphonesimulator/FirebaseCrashlyticsSwift.build/Objects-normal/arm64/FirebaseCrashlyticsSwift_dependency_info.dat -fobjc-link-runtime -L/Applications/Xcode.app/Contents/Developer/Toolchains/XcodeDefault.xctoolchain/usr/lib/swift/iphonesimulator -L/usr/lib/swift -Xlinker -add_ast_path -Xlinker /Users/borisserzhanovich/Library/Developer/Xcode/DerivedData/WorkoutTracker-gugjzwqwyjqwbtaovaznehevomif/Build/Intermediates.noindex/Firebase.build/Debug-iphonesimulator/FirebaseCrashlyticsSwift.build/Objects-normal/arm64/FirebaseCrashlyticsSwift.swiftmodule @/Users/borisserzhanovich/Library/Developer/Xcode/DerivedData/WorkoutTracker-gugjzwqwyjqwbtaovaznehevomif/Build/Intermediates.noindex/Firebase.build/Debug-iphonesimulator/FirebaseCrashlyticsSwift.build/Objects-normal/arm64/FirebaseCrashlyticsSwift-linker-args.resp -o /Users/borisserzhanovich/Library/Developer/Xcode/DerivedData/WorkoutTracker-gugjzwqwyjqwbtaovaznehevomif/Build/Products/Debug-iphonesimulator/FirebaseCrashlyticsSwift.o

Ld /Users/borisserzhanovich/Library/Developer/Xcode/DerivedData/WorkoutTracker-gugjzwqwyjqwbtaovaznehevomif/Build/Products/Debug-iphonesimulator/FirebaseCore.o normal (in target 'FirebaseCore' from project 'Firebase')
    cd /Users/borisserzhanovich/Library/Developer/Xcode/DerivedData/WorkoutTracker-gugjzwqwyjqwbtaovaznehevomif/SourcePackages/checkouts/firebase-ios-sdk
    /Applications/Xcode.app/Contents/Developer/Toolchains/XcodeDefault.xctoolchain/usr/bin/clang -Xlinker -reproducible -target arm64-apple-ios15.0-simulator -r -isysroot /Applications/Xcode.app/Contents/Developer/Platforms/iPhoneSimulator.platform/Developer/SDKs/iPhoneSimulator26.2.sdk -O0 -w -L/Users/borisserzhanovich/Library/Developer/Xcode/DerivedData/WorkoutTracker-gugjzwqwyjqwbtaovaznehevomif/Build/Intermediates.noindex/EagerLinkingTBDs/Debug-iphonesimulator -L/Users/borisserzhanovich/Library/Developer/Xcode/DerivedData/WorkoutTracker-gugjzwqwyjqwbtaovaznehevomif/Build/Products/Debug-iphonesimulator -L/Applications/Xcode.app/Contents/Developer/Platforms/iPhoneSimulator.platform/Developer/usr/lib -F/Users/borisserzhanovich/Library/Developer/Xcode/DerivedData/WorkoutTracker-gugjzwqwyjqwbtaovaznehevomif/Build/Intermediates.noindex/EagerLinkingTBDs/Debug-iphonesimulator -F/Users/borisserzhanovich/Library/Developer/Xcode/DerivedData/WorkoutTracker-gugjzwqwyjqwbtaovaznehevomif/Build/Products/Debug-iphonesimulator/PackageFrameworks -F/Users/borisserzhanovich/Library/Developer/Xcode/DerivedData/WorkoutTracker-gugjzwqwyjqwbtaovaznehevomif/Build/Products/Debug-iphonesimulator/PackageFrameworks -F/Users/borisserzhanovich/Library/Developer/Xcode/DerivedData/WorkoutTracker-gugjzwqwyjqwbtaovaznehevomif/Build/Products/Debug-iphonesimulator/PackageFrameworks -F/Users/borisserzhanovich/Library/Developer/Xcode/DerivedData/WorkoutTracker-gugjzwqwyjqwbtaovaznehevomif/Build/Products/Debug-iphonesimulator/PackageFrameworks -F/Users/borisserzhanovich/Library/Developer/Xcode/DerivedData/WorkoutTracker-gugjzwqwyjqwbtaovaznehevomif/Build/Products/Debug-iphonesimulator/PackageFrameworks -F/Users/borisserzhanovich/Library/Developer/Xcode/DerivedData/WorkoutTracker-gugjzwqwyjqwbtaovaznehevomif/Build/Products/Debug-iphonesimulator/PackageFrameworks -F/Users/borisserzhanovich/Library/Developer/Xcode/DerivedData/WorkoutTracker-gugjzwqwyjqwbtaovaznehevomif/Build/Products/Debug-iphonesimulator -iframework /Applications/Xcode.app/Contents/Developer/Platforms/iPhoneSimulator.platform/Developer/Library/Frameworks -iframework /Applications/Xcode.app/Contents/Developer/Platforms/iPhoneSimulator.platform/Developer/SDKs/iPhoneSimulator26.2.sdk/Developer/Library/Frameworks -filelist /Users/borisserzhanovich/Library/Developer/Xcode/DerivedData/WorkoutTracker-gugjzwqwyjqwbtaovaznehevomif/Build/Intermediates.noindex/Firebase.build/Debug-iphonesimulator/FirebaseCore.build/Objects-normal/arm64/FirebaseCore.LinkFileList -nostdlib -Xlinker -object_path_lto -Xlinker /Users/borisserzhanovich/Library/Developer/Xcode/DerivedData/WorkoutTracker-gugjzwqwyjqwbtaovaznehevomif/Build/Intermediates.noindex/Firebase.build/Debug-iphonesimulator/FirebaseCore.build/Objects-normal/arm64/FirebaseCore_lto.o -rdynamic -Xlinker -no_deduplicate -Xlinker -objc_abi_version -Xlinker 2 -Xlinker -dependency_info -Xlinker /Users/borisserzhanovich/Library/Developer/Xcode/DerivedData/WorkoutTracker-gugjzwqwyjqwbtaovaznehevomif/Build/Intermediates.noindex/Firebase.build/Debug-iphonesimulator/FirebaseCore.build/Objects-normal/arm64/FirebaseCore_dependency_info.dat -fobjc-arc -fobjc-link-runtime -o /Users/borisserzhanovich/Library/Developer/Xcode/DerivedData/WorkoutTracker-gugjzwqwyjqwbtaovaznehevomif/Build/Products/Debug-iphonesimulator/FirebaseCore.o

RegisterExecutionPolicyException /Users/borisserzhanovich/Library/Developer/Xcode/DerivedData/WorkoutTracker-gugjzwqwyjqwbtaovaznehevomif/Build/Products/Debug-iphonesimulator/FirebaseAuthInternal.o (in target 'FirebaseAuthInternal' from project 'Firebase')
    cd /Users/borisserzhanovich/Library/Developer/Xcode/DerivedData/WorkoutTracker-gugjzwqwyjqwbtaovaznehevomif/SourcePackages/checkouts/firebase-ios-sdk
    builtin-RegisterExecutionPolicyException /Users/borisserzhanovich/Library/Developer/Xcode/DerivedData/WorkoutTracker-gugjzwqwyjqwbtaovaznehevomif/Build/Products/Debug-iphonesimulator/FirebaseAuthInternal.o

Ld /Users/borisserzhanovich/Library/Developer/Xcode/DerivedData/WorkoutTracker-gugjzwqwyjqwbtaovaznehevomif/Build/Products/Debug-iphonesimulator/GTMAppAuth.o normal (in target 'GTMAppAuth' from project 'GTMAppAuth')
    cd /Users/borisserzhanovich/Library/Developer/Xcode/DerivedData/WorkoutTracker-gugjzwqwyjqwbtaovaznehevomif/SourcePackages/checkouts/GTMAppAuth
    /Applications/Xcode.app/Contents/Developer/Toolchains/XcodeDefault.xctoolchain/usr/bin/clang -Xlinker -reproducible -target arm64-apple-ios12.0-simulator -r -isysroot /Applications/Xcode.app/Contents/Developer/Platforms/iPhoneSimulator.platform/Developer/SDKs/iPhoneSimulator26.2.sdk -O0 -w -L/Users/borisserzhanovich/Library/Developer/Xcode/DerivedData/WorkoutTracker-gugjzwqwyjqwbtaovaznehevomif/Build/Intermediates.noindex/EagerLinkingTBDs/Debug-iphonesimulator -L/Users/borisserzhanovich/Library/Developer/Xcode/DerivedData/WorkoutTracker-gugjzwqwyjqwbtaovaznehevomif/Build/Products/Debug-iphonesimulator -L/Applications/Xcode.app/Contents/Developer/Platforms/iPhoneSimulator.platform/Developer/usr/lib -F/Users/borisserzhanovich/Library/Developer/Xcode/DerivedData/WorkoutTracker-gugjzwqwyjqwbtaovaznehevomif/Build/Intermediates.noindex/EagerLinkingTBDs/Debug-iphonesimulator -F/Users/borisserzhanovich/Library/Developer/Xcode/DerivedData/WorkoutTracker-gugjzwqwyjqwbtaovaznehevomif/Build/Products/Debug-iphonesimulator/PackageFrameworks -F/Users/borisserzhanovich/Library/Developer/Xcode/DerivedData/WorkoutTracker-gugjzwqwyjqwbtaovaznehevomif/Build/Products/Debug-iphonesimulator/PackageFrameworks -F/Users/borisserzhanovich/Library/Developer/Xcode/DerivedData/WorkoutTracker-gugjzwqwyjqwbtaovaznehevomif/Build/Products/Debug-iphonesimulator -iframework /Applications/Xcode.app/Contents/Developer/Platforms/iPhoneSimulator.platform/Developer/Library/Frameworks -iframework /Applications/Xcode.app/Contents/Developer/Platforms/iPhoneSimulator.platform/Developer/SDKs/iPhoneSimulator26.2.sdk/Developer/Library/Frameworks -filelist /Users/borisserzhanovich/Library/Developer/Xcode/DerivedData/WorkoutTracker-gugjzwqwyjqwbtaovaznehevomif/Build/Intermediates.noindex/GTMAppAuth.build/Debug-iphonesimulator/GTMAppAuth.build/Objects-normal/arm64/GTMAppAuth.LinkFileList -nostdlib -Xlinker -object_path_lto -Xlinker /Users/borisserzhanovich/Library/Developer/Xcode/DerivedData/WorkoutTracker-gugjzwqwyjqwbtaovaznehevomif/Build/Intermediates.noindex/GTMAppAuth.build/Debug-iphonesimulator/GTMAppAuth.build/Objects-normal/arm64/GTMAppAuth_lto.o -rdynamic -Xlinker -no_deduplicate -Xlinker -objc_abi_version -Xlinker 2 -Xlinker -dependency_info -Xlinker /Users/borisserzhanovich/Library/Developer/Xcode/DerivedData/WorkoutTracker-gugjzwqwyjqwbtaovaznehevomif/Build/Intermediates.noindex/GTMAppAuth.build/Debug-iphonesimulator/GTMAppAuth.build/Objects-normal/arm64/GTMAppAuth_dependency_info.dat -fobjc-link-runtime -L/Applications/Xcode.app/Contents/Developer/Toolchains/XcodeDefault.xctoolchain/usr/lib/swift/iphonesimulator -L/usr/lib/swift -Xlinker -add_ast_path -Xlinker /Users/borisserzhanovich/Library/Developer/Xcode/DerivedData/WorkoutTracker-gugjzwqwyjqwbtaovaznehevomif/Build/Intermediates.noindex/GTMAppAuth.build/Debug-iphonesimulator/GTMAppAuth.build/Objects-normal/arm64/GTMAppAuth.swiftmodule @/Users/borisserzhanovich/Library/Developer/Xcode/DerivedData/WorkoutTracker-gugjzwqwyjqwbtaovaznehevomif/Build/Intermediates.noindex/GTMAppAuth.build/Debug-iphonesimulator/GTMAppAuth.build/Objects-normal/arm64/GTMAppAuth-linker-args.resp -o /Users/borisserzhanovich/Library/Developer/Xcode/DerivedData/WorkoutTracker-gugjzwqwyjqwbtaovaznehevomif/Build/Products/Debug-iphonesimulator/GTMAppAuth.o

Ld /Users/borisserzhanovich/Library/Developer/Xcode/DerivedData/WorkoutTracker-gugjzwqwyjqwbtaovaznehevomif/Build/Products/Debug-iphonesimulator/AppAuth.o normal (in target 'AppAuth' from project 'AppAuth')
    cd /Users/borisserzhanovich/Library/Developer/Xcode/DerivedData/WorkoutTracker-gugjzwqwyjqwbtaovaznehevomif/SourcePackages/checkouts/AppAuth-iOS
    /Applications/Xcode.app/Contents/Developer/Toolchains/XcodeDefault.xctoolchain/usr/bin/clang -Xlinker -reproducible -target arm64-apple-ios12.0-simulator -r -isysroot /Applications/Xcode.app/Contents/Developer/Platforms/iPhoneSimulator.platform/Developer/SDKs/iPhoneSimulator26.2.sdk -O0 -w -L/Users/borisserzhanovich/Library/Developer/Xcode/DerivedData/WorkoutTracker-gugjzwqwyjqwbtaovaznehevomif/Build/Intermediates.noindex/EagerLinkingTBDs/Debug-iphonesimulator -L/Users/borisserzhanovich/Library/Developer/Xcode/DerivedData/WorkoutTracker-gugjzwqwyjqwbtaovaznehevomif/Build/Products/Debug-iphonesimulator -L/Applications/Xcode.app/Contents/Developer/Platforms/iPhoneSimulator.platform/Developer/usr/lib -F/Users/borisserzhanovich/Library/Developer/Xcode/DerivedData/WorkoutTracker-gugjzwqwyjqwbtaovaznehevomif/Build/Intermediates.noindex/EagerLinkingTBDs/Debug-iphonesimulator -F/Users/borisserzhanovich/Library/Developer/Xcode/DerivedData/WorkoutTracker-gugjzwqwyjqwbtaovaznehevomif/Build/Products/Debug-iphonesimulator/PackageFrameworks -F/Users/borisserzhanovich/Library/Developer/Xcode/DerivedData/WorkoutTracker-gugjzwqwyjqwbtaovaznehevomif/Build/Products/Debug-iphonesimulator -iframework /Applications/Xcode.app/Contents/Developer/Platforms/iPhoneSimulator.platform/Developer/Library/Frameworks -iframework /Applications/Xcode.app/Contents/Developer/Platforms/iPhoneSimulator.platform/Developer/SDKs/iPhoneSimulator26.2.sdk/Developer/Library/Frameworks -filelist /Users/borisserzhanovich/Library/Developer/Xcode/DerivedData/WorkoutTracker-gugjzwqwyjqwbtaovaznehevomif/Build/Intermediates.noindex/AppAuth.build/Debug-iphonesimulator/AppAuth.build/Objects-normal/arm64/AppAuth.LinkFileList -nostdlib -Xlinker -object_path_lto -Xlinker /Users/borisserzhanovich/Library/Developer/Xcode/DerivedData/WorkoutTracker-gugjzwqwyjqwbtaovaznehevomif/Build/Intermediates.noindex/AppAuth.build/Debug-iphonesimulator/AppAuth.build/Objects-normal/arm64/AppAuth_lto.o -rdynamic -Xlinker -no_deduplicate -Xlinker -objc_abi_version -Xlinker 2 -Xlinker -dependency_info -Xlinker /Users/borisserzhanovich/Library/Developer/Xcode/DerivedData/WorkoutTracker-gugjzwqwyjqwbtaovaznehevomif/Build/Intermediates.noindex/AppAuth.build/Debug-iphonesimulator/AppAuth.build/Objects-normal/arm64/AppAuth_dependency_info.dat -fobjc-arc -fobjc-link-runtime -o /Users/borisserzhanovich/Library/Developer/Xcode/DerivedData/WorkoutTracker-gugjzwqwyjqwbtaovaznehevomif/Build/Products/Debug-iphonesimulator/AppAuth.o

ExtractAppIntentsMetadata (in target 'Promises' from project 'Promises')
    cd /Users/borisserzhanovich/Library/Developer/Xcode/DerivedData/WorkoutTracker-gugjzwqwyjqwbtaovaznehevomif/SourcePackages/checkouts/promises
    /Applications/Xcode.app/Contents/Developer/Toolchains/XcodeDefault.xctoolchain/usr/bin/appintentsmetadataprocessor --toolchain-dir /Applications/Xcode.app/Contents/Developer/Toolchains/XcodeDefault.xctoolchain --module-name Promises --sdk-root /Applications/Xcode.app/Contents/Developer/Platforms/iPhoneSimulator.platform/Developer/SDKs/iPhoneSimulator26.2.sdk --xcode-version 17C529 --platform-family iOS --deployment-target 12.0 --bundle-identifier promises.Promises --output /Users/borisserzhanovich/Library/Developer/Xcode/DerivedData/WorkoutTracker-gugjzwqwyjqwbtaovaznehevomif/Build/Products/Debug-iphonesimulator/Promises.appintents --target-triple arm64-apple-ios12.0-simulator --binary-file /Users/borisserzhanovich/Library/Developer/Xcode/DerivedData/WorkoutTracker-gugjzwqwyjqwbtaovaznehevomif/Build/Products/Debug-iphonesimulator/Promises.o --dependency-file /Users/borisserzhanovich/Library/Developer/Xcode/DerivedData/WorkoutTracker-gugjzwqwyjqwbtaovaznehevomif/Build/Intermediates.noindex/Promises.build/Debug-iphonesimulator/Promises.build/Objects-normal/arm64/Promises_dependency_info.dat --stringsdata-file /Users/borisserzhanovich/Library/Developer/Xcode/DerivedData/WorkoutTracker-gugjzwqwyjqwbtaovaznehevomif/Build/Intermediates.noindex/Promises.build/Debug-iphonesimulator/Promises.build/Objects-normal/arm64/ExtractedAppShortcutsMetadata.stringsdata --source-file-list /Users/borisserzhanovich/Library/Developer/Xcode/DerivedData/WorkoutTracker-gugjzwqwyjqwbtaovaznehevomif/Build/Intermediates.noindex/Promises.build/Debug-iphonesimulator/Promises.build/Objects-normal/arm64/Promises.SwiftFileList --metadata-file-list /Users/borisserzhanovich/Library/Developer/Xcode/DerivedData/WorkoutTracker-gugjzwqwyjqwbtaovaznehevomif/Build/Intermediates.noindex/Promises.build/Debug-iphonesimulator/Promises.build/Promises.DependencyMetadataFileList --static-metadata-file-list /Users/borisserzhanovich/Library/Developer/Xcode/DerivedData/WorkoutTracker-gugjzwqwyjqwbtaovaznehevomif/Build/Intermediates.noindex/Promises.build/Debug-iphonesimulator/Promises.build/Promises.DependencyStaticMetadataFileList --swift-const-vals-list /Users/borisserzhanovich/Library/Developer/Xcode/DerivedData/WorkoutTracker-gugjzwqwyjqwbtaovaznehevomif/Build/Intermediates.noindex/Promises.build/Debug-iphonesimulator/Promises.build/Objects-normal/arm64/Promises.SwiftConstValuesFileList --force --compile-time-extraction --deployment-aware-processing --validate-assistant-intents --no-app-shortcuts-localization
2026-06-13 22:32:15.401 appintentsmetadataprocessor[58337:10976458] Starting appintentsmetadataprocessor export
2026-06-13 22:32:15.647 appintentsmetadataprocessor[58337:10976458] Extracted no relevant App Intents symbols, skipping writing output

RegisterExecutionPolicyException /Users/borisserzhanovich/Library/Developer/Xcode/DerivedData/WorkoutTracker-gugjzwqwyjqwbtaovaznehevomif/Build/Products/Debug-iphonesimulator/GoogleUtilities-UserDefaults.o (in target 'GoogleUtilities-UserDefaults' from project 'GoogleUtilities')
    cd /Users/borisserzhanovich/Library/Developer/Xcode/DerivedData/WorkoutTracker-gugjzwqwyjqwbtaovaznehevomif/SourcePackages/checkouts/GoogleUtilities
    builtin-RegisterExecutionPolicyException /Users/borisserzhanovich/Library/Developer/Xcode/DerivedData/WorkoutTracker-gugjzwqwyjqwbtaovaznehevomif/Build/Products/Debug-iphonesimulator/GoogleUtilities-UserDefaults.o

RegisterExecutionPolicyException /Users/borisserzhanovich/Library/Developer/Xcode/DerivedData/WorkoutTracker-gugjzwqwyjqwbtaovaznehevomif/Build/Products/Debug-iphonesimulator/GoogleUtilities-Reachability.o (in target 'GoogleUtilities-Reachability' from project 'GoogleUtilities')
    cd /Users/borisserzhanovich/Library/Developer/Xcode/DerivedData/WorkoutTracker-gugjzwqwyjqwbtaovaznehevomif/SourcePackages/checkouts/GoogleUtilities
    builtin-RegisterExecutionPolicyException /Users/borisserzhanovich/Library/Developer/Xcode/DerivedData/WorkoutTracker-gugjzwqwyjqwbtaovaznehevomif/Build/Products/Debug-iphonesimulator/GoogleUtilities-Reachability.o

RegisterExecutionPolicyException /Users/borisserzhanovich/Library/Developer/Xcode/DerivedData/WorkoutTracker-gugjzwqwyjqwbtaovaznehevomif/Build/Products/Debug-iphonesimulator/GoogleUtilities-MethodSwizzler.o (in target 'GoogleUtilities-MethodSwizzler' from project 'GoogleUtilities')
    cd /Users/borisserzhanovich/Library/Developer/Xcode/DerivedData/WorkoutTracker-gugjzwqwyjqwbtaovaznehevomif/SourcePackages/checkouts/GoogleUtilities
    builtin-RegisterExecutionPolicyException /Users/borisserzhanovich/Library/Developer/Xcode/DerivedData/WorkoutTracker-gugjzwqwyjqwbtaovaznehevomif/Build/Products/Debug-iphonesimulator/GoogleUtilities-MethodSwizzler.o

Ld /Users/borisserzhanovich/Library/Developer/Xcode/DerivedData/WorkoutTracker-gugjzwqwyjqwbtaovaznehevomif/Build/Products/Debug-iphonesimulator/AppCheckCore.o normal (in target 'AppCheckCore' from project 'AppCheck')
    cd /Users/borisserzhanovich/Library/Developer/Xcode/DerivedData/WorkoutTracker-gugjzwqwyjqwbtaovaznehevomif/SourcePackages/checkouts/app-check
    /Applications/Xcode.app/Contents/Developer/Toolchains/XcodeDefault.xctoolchain/usr/bin/clang -Xlinker -reproducible -target arm64-apple-ios12.0-simulator -r -isysroot /Applications/Xcode.app/Contents/Developer/Platforms/iPhoneSimulator.platform/Developer/SDKs/iPhoneSimulator26.2.sdk -O0 -w -L/Users/borisserzhanovich/Library/Developer/Xcode/DerivedData/WorkoutTracker-gugjzwqwyjqwbtaovaznehevomif/Build/Intermediates.noindex/EagerLinkingTBDs/Debug-iphonesimulator -L/Users/borisserzhanovich/Library/Developer/Xcode/DerivedData/WorkoutTracker-gugjzwqwyjqwbtaovaznehevomif/Build/Products/Debug-iphonesimulator -L/Applications/Xcode.app/Contents/Developer/Platforms/iPhoneSimulator.platform/Developer/usr/lib -F/Users/borisserzhanovich/Library/Developer/Xcode/DerivedData/WorkoutTracker-gugjzwqwyjqwbtaovaznehevomif/Build/Intermediates.noindex/EagerLinkingTBDs/Debug-iphonesimulator -F/Users/borisserzhanovich/Library/Developer/Xcode/DerivedData/WorkoutTracker-gugjzwqwyjqwbtaovaznehevomif/Build/Products/Debug-iphonesimulator/PackageFrameworks -F/Users/borisserzhanovich/Library/Developer/Xcode/DerivedData/WorkoutTracker-gugjzwqwyjqwbtaovaznehevomif/Build/Products/Debug-iphonesimulator/PackageFrameworks -F/Users/borisserzhanovich/Library/Developer/Xcode/DerivedData/WorkoutTracker-gugjzwqwyjqwbtaovaznehevomif/Build/Products/Debug-iphonesimulator/PackageFrameworks -F/Users/borisserzhanovich/Library/Developer/Xcode/DerivedData/WorkoutTracker-gugjzwqwyjqwbtaovaznehevomif/Build/Products/Debug-iphonesimulator/PackageFrameworks -F/Users/borisserzhanovich/Library/Developer/Xcode/DerivedData/WorkoutTracker-gugjzwqwyjqwbtaovaznehevomif/Build/Products/Debug-iphonesimulator/PackageFrameworks -F/Users/borisserzhanovich/Library/Developer/Xcode/DerivedData/WorkoutTracker-gugjzwqwyjqwbtaovaznehevomif/Build/Products/Debug-iphonesimulator -iframework /Applications/Xcode.app/Contents/Developer/Platforms/iPhoneSimulator.platform/Developer/Library/Frameworks -iframework /Applications/Xcode.app/Contents/Developer/Platforms/iPhoneSimulator.platform/Developer/SDKs/iPhoneSimulator26.2.sdk/Developer/Library/Frameworks -filelist /Users/borisserzhanovich/Library/Developer/Xcode/DerivedData/WorkoutTracker-gugjzwqwyjqwbtaovaznehevomif/Build/Intermediates.noindex/AppCheck.build/Debug-iphonesimulator/AppCheckCore.build/Objects-normal/arm64/AppCheckCore.LinkFileList -nostdlib -Xlinker -object_path_lto -Xlinker /Users/borisserzhanovich/Library/Developer/Xcode/DerivedData/WorkoutTracker-gugjzwqwyjqwbtaovaznehevomif/Build/Intermediates.noindex/AppCheck.build/Debug-iphonesimulator/AppCheckCore.build/Objects-normal/arm64/AppCheckCore_lto.o -rdynamic -Xlinker -no_deduplicate -Xlinker -objc_abi_version -Xlinker 2 -Xlinker -dependency_info -Xlinker /Users/borisserzhanovich/Library/Developer/Xcode/DerivedData/WorkoutTracker-gugjzwqwyjqwbtaovaznehevomif/Build/Intermediates.noindex/AppCheck.build/Debug-iphonesimulator/AppCheckCore.build/Objects-normal/arm64/AppCheckCore_dependency_info.dat -fobjc-arc -fobjc-link-runtime -o /Users/borisserzhanovich/Library/Developer/Xcode/DerivedData/WorkoutTracker-gugjzwqwyjqwbtaovaznehevomif/Build/Products/Debug-iphonesimulator/AppCheckCore.o

Ld /Users/borisserzhanovich/Library/Developer/Xcode/DerivedData/WorkoutTracker-gugjzwqwyjqwbtaovaznehevomif/Build/Products/Debug-iphonesimulator/GoogleUtilities-Network.o normal (in target 'GoogleUtilities-Network' from project 'GoogleUtilities')
    cd /Users/borisserzhanovich/Library/Developer/Xcode/DerivedData/WorkoutTracker-gugjzwqwyjqwbtaovaznehevomif/SourcePackages/checkouts/GoogleUtilities
    /Applications/Xcode.app/Contents/Developer/Toolchains/XcodeDefault.xctoolchain/usr/bin/clang -Xlinker -reproducible -target arm64-apple-ios12.0-simulator -r -isysroot /Applications/Xcode.app/Contents/Developer/Platforms/iPhoneSimulator.platform/Developer/SDKs/iPhoneSimulator26.2.sdk -O0 -w -L/Users/borisserzhanovich/Library/Developer/Xcode/DerivedData/WorkoutTracker-gugjzwqwyjqwbtaovaznehevomif/Build/Intermediates.noindex/EagerLinkingTBDs/Debug-iphonesimulator -L/Users/borisserzhanovich/Library/Developer/Xcode/DerivedData/WorkoutTracker-gugjzwqwyjqwbtaovaznehevomif/Build/Products/Debug-iphonesimulator -L/Applications/Xcode.app/Contents/Developer/Platforms/iPhoneSimulator.platform/Developer/usr/lib -F/Users/borisserzhanovich/Library/Developer/Xcode/DerivedData/WorkoutTracker-gugjzwqwyjqwbtaovaznehevomif/Build/Intermediates.noindex/EagerLinkingTBDs/Debug-iphonesimulator -F/Users/borisserzhanovich/Library/Developer/Xcode/DerivedData/WorkoutTracker-gugjzwqwyjqwbtaovaznehevomif/Build/Products/Debug-iphonesimulator/PackageFrameworks -F/Users/borisserzhanovich/Library/Developer/Xcode/DerivedData/WorkoutTracker-gugjzwqwyjqwbtaovaznehevomif/Build/Products/Debug-iphonesimulator/PackageFrameworks -F/Users/borisserzhanovich/Library/Developer/Xcode/DerivedData/WorkoutTracker-gugjzwqwyjqwbtaovaznehevomif/Build/Products/Debug-iphonesimulator/PackageFrameworks -F/Users/borisserzhanovich/Library/Developer/Xcode/DerivedData/WorkoutTracker-gugjzwqwyjqwbtaovaznehevomif/Build/Products/Debug-iphonesimulator/PackageFrameworks -F/Users/borisserzhanovich/Library/Developer/Xcode/DerivedData/WorkoutTracker-gugjzwqwyjqwbtaovaznehevomif/Build/Products/Debug-iphonesimulator/PackageFrameworks -F/Users/borisserzhanovich/Library/Developer/Xcode/DerivedData/WorkoutTracker-gugjzwqwyjqwbtaovaznehevomif/Build/Products/Debug-iphonesimulator -iframework /Applications/Xcode.app/Contents/Developer/Platforms/iPhoneSimulator.platform/Developer/Library/Frameworks -iframework /Applications/Xcode.app/Contents/Developer/Platforms/iPhoneSimulator.platform/Developer/SDKs/iPhoneSimulator26.2.sdk/Developer/Library/Frameworks -filelist /Users/borisserzhanovich/Library/Developer/Xcode/DerivedData/WorkoutTracker-gugjzwqwyjqwbtaovaznehevomif/Build/Intermediates.noindex/GoogleUtilities.build/Debug-iphonesimulator/GoogleUtilities-Network.build/Objects-normal/arm64/GoogleUtilities-Network.LinkFileList -nostdlib -Xlinker -object_path_lto -Xlinker /Users/borisserzhanovich/Library/Developer/Xcode/DerivedData/WorkoutTracker-gugjzwqwyjqwbtaovaznehevomif/Build/Intermediates.noindex/GoogleUtilities.build/Debug-iphonesimulator/GoogleUtilities-Network.build/Objects-normal/arm64/GoogleUtilities-Network_lto.o -rdynamic -Xlinker -no_deduplicate -Xlinker -objc_abi_version -Xlinker 2 -Xlinker -dependency_info -Xlinker /Users/borisserzhanovich/Library/Developer/Xcode/DerivedData/WorkoutTracker-gugjzwqwyjqwbtaovaznehevomif/Build/Intermediates.noindex/GoogleUtilities.build/Debug-iphonesimulator/GoogleUtilities-Network.build/Objects-normal/arm64/GoogleUtilities-Network_dependency_info.dat -fobjc-arc -fobjc-link-runtime -o /Users/borisserzhanovich/Library/Developer/Xcode/DerivedData/WorkoutTracker-gugjzwqwyjqwbtaovaznehevomif/Build/Products/Debug-iphonesimulator/GoogleUtilities-Network.o

RegisterExecutionPolicyException /Users/borisserzhanovich/Library/Developer/Xcode/DerivedData/WorkoutTracker-gugjzwqwyjqwbtaovaznehevomif/Build/Products/Debug-iphonesimulator/GoogleDataTransport.o (in target 'GoogleDataTransport' from project 'GoogleDataTransport')
    cd /Users/borisserzhanovich/Library/Developer/Xcode/DerivedData/WorkoutTracker-gugjzwqwyjqwbtaovaznehevomif/SourcePackages/checkouts/GoogleDataTransport
    builtin-RegisterExecutionPolicyException /Users/borisserzhanovich/Library/Developer/Xcode/DerivedData/WorkoutTracker-gugjzwqwyjqwbtaovaznehevomif/Build/Products/Debug-iphonesimulator/GoogleDataTransport.o

ExtractAppIntentsMetadata (in target 'GTMAppAuth' from project 'GTMAppAuth')
    cd /Users/borisserzhanovich/Library/Developer/Xcode/DerivedData/WorkoutTracker-gugjzwqwyjqwbtaovaznehevomif/SourcePackages/checkouts/GTMAppAuth
    /Applications/Xcode.app/Contents/Developer/Toolchains/XcodeDefault.xctoolchain/usr/bin/appintentsmetadataprocessor --toolchain-dir /Applications/Xcode.app/Contents/Developer/Toolchains/XcodeDefault.xctoolchain --module-name GTMAppAuth --sdk-root /Applications/Xcode.app/Contents/Developer/Platforms/iPhoneSimulator.platform/Developer/SDKs/iPhoneSimulator26.2.sdk --xcode-version 17C529 --platform-family iOS --deployment-target 12.0 --bundle-identifier gtmappauth.GTMAppAuth --output /Users/borisserzhanovich/Library/Developer/Xcode/DerivedData/WorkoutTracker-gugjzwqwyjqwbtaovaznehevomif/Build/Products/Debug-iphonesimulator/GTMAppAuth.appintents --target-triple arm64-apple-ios12.0-simulator --binary-file /Users/borisserzhanovich/Library/Developer/Xcode/DerivedData/WorkoutTracker-gugjzwqwyjqwbtaovaznehevomif/Build/Products/Debug-iphonesimulator/GTMAppAuth.o --dependency-file /Users/borisserzhanovich/Library/Developer/Xcode/DerivedData/WorkoutTracker-gugjzwqwyjqwbtaovaznehevomif/Build/Intermediates.noindex/GTMAppAuth.build/Debug-iphonesimulator/GTMAppAuth.build/Objects-normal/arm64/GTMAppAuth_dependency_info.dat --stringsdata-file /Users/borisserzhanovich/Library/Developer/Xcode/DerivedData/WorkoutTracker-gugjzwqwyjqwbtaovaznehevomif/Build/Intermediates.noindex/GTMAppAuth.build/Debug-iphonesimulator/GTMAppAuth.build/Objects-normal/arm64/ExtractedAppShortcutsMetadata.stringsdata --source-file-list /Users/borisserzhanovich/Library/Developer/Xcode/DerivedData/WorkoutTracker-gugjzwqwyjqwbtaovaznehevomif/Build/Intermediates.noindex/GTMAppAuth.build/Debug-iphonesimulator/GTMAppAuth.build/Objects-normal/arm64/GTMAppAuth.SwiftFileList --metadata-file-list /Users/borisserzhanovich/Library/Developer/Xcode/DerivedData/WorkoutTracker-gugjzwqwyjqwbtaovaznehevomif/Build/Intermediates.noindex/GTMAppAuth.build/Debug-iphonesimulator/GTMAppAuth.build/GTMAppAuth.DependencyMetadataFileList --static-metadata-file-list /Users/borisserzhanovich/Library/Developer/Xcode/DerivedData/WorkoutTracker-gugjzwqwyjqwbtaovaznehevomif/Build/Intermediates.noindex/GTMAppAuth.build/Debug-iphonesimulator/GTMAppAuth.build/GTMAppAuth.DependencyStaticMetadataFileList --swift-const-vals-list /Users/borisserzhanovich/Library/Developer/Xcode/DerivedData/WorkoutTracker-gugjzwqwyjqwbtaovaznehevomif/Build/Intermediates.noindex/GTMAppAuth.build/Debug-iphonesimulator/GTMAppAuth.build/Objects-normal/arm64/GTMAppAuth.SwiftConstValuesFileList --force --compile-time-extraction --deployment-aware-processing --validate-assistant-intents --no-app-shortcuts-localization
2026-06-13 22:32:15.618 appintentsmetadataprocessor[58343:10976511] Starting appintentsmetadataprocessor export
2026-06-13 22:32:15.840 appintentsmetadataprocessor[58343:10976511] Extracted no relevant App Intents symbols, skipping writing output

RegisterExecutionPolicyException /Users/borisserzhanovich/Library/Developer/Xcode/DerivedData/WorkoutTracker-gugjzwqwyjqwbtaovaznehevomif/Build/Products/Debug-iphonesimulator/GoogleUtilities-Network.o (in target 'GoogleUtilities-Network' from project 'GoogleUtilities')
    cd /Users/borisserzhanovich/Library/Developer/Xcode/DerivedData/WorkoutTracker-gugjzwqwyjqwbtaovaznehevomif/SourcePackages/checkouts/GoogleUtilities
    builtin-RegisterExecutionPolicyException /Users/borisserzhanovich/Library/Developer/Xcode/DerivedData/WorkoutTracker-gugjzwqwyjqwbtaovaznehevomif/Build/Products/Debug-iphonesimulator/GoogleUtilities-Network.o

Ld /Users/borisserzhanovich/Library/Developer/Xcode/DerivedData/WorkoutTracker-gugjzwqwyjqwbtaovaznehevomif/Build/Products/Debug-iphonesimulator/GoogleUtilities-AppDelegateSwizzler.o normal (in target 'GoogleUtilities-AppDelegateSwizzler' from project 'GoogleUtilities')
    cd /Users/borisserzhanovich/Library/Developer/Xcode/DerivedData/WorkoutTracker-gugjzwqwyjqwbtaovaznehevomif/SourcePackages/checkouts/GoogleUtilities
    /Applications/Xcode.app/Contents/Developer/Toolchains/XcodeDefault.xctoolchain/usr/bin/clang -Xlinker -reproducible -target arm64-apple-ios12.0-simulator -r -isysroot /Applications/Xcode.app/Contents/Developer/Platforms/iPhoneSimulator.platform/Developer/SDKs/iPhoneSimulator26.2.sdk -O0 -w -L/Users/borisserzhanovich/Library/Developer/Xcode/DerivedData/WorkoutTracker-gugjzwqwyjqwbtaovaznehevomif/Build/Intermediates.noindex/EagerLinkingTBDs/Debug-iphonesimulator -L/Users/borisserzhanovich/Library/Developer/Xcode/DerivedData/WorkoutTracker-gugjzwqwyjqwbtaovaznehevomif/Build/Products/Debug-iphonesimulator -L/Applications/Xcode.app/Contents/Developer/Platforms/iPhoneSimulator.platform/Developer/usr/lib -F/Users/borisserzhanovich/Library/Developer/Xcode/DerivedData/WorkoutTracker-gugjzwqwyjqwbtaovaznehevomif/Build/Intermediates.noindex/EagerLinkingTBDs/Debug-iphonesimulator -F/Users/borisserzhanovich/Library/Developer/Xcode/DerivedData/WorkoutTracker-gugjzwqwyjqwbtaovaznehevomif/Build/Products/Debug-iphonesimulator/PackageFrameworks -F/Users/borisserzhanovich/Library/Developer/Xcode/DerivedData/WorkoutTracker-gugjzwqwyjqwbtaovaznehevomif/Build/Products/Debug-iphonesimulator/PackageFrameworks -F/Users/borisserzhanovich/Library/Developer/Xcode/DerivedData/WorkoutTracker-gugjzwqwyjqwbtaovaznehevomif/Build/Products/Debug-iphonesimulator/PackageFrameworks -F/Users/borisserzhanovich/Library/Developer/Xcode/DerivedData/WorkoutTracker-gugjzwqwyjqwbtaovaznehevomif/Build/Products/Debug-iphonesimulator/PackageFrameworks -F/Users/borisserzhanovich/Library/Developer/Xcode/DerivedData/WorkoutTracker-gugjzwqwyjqwbtaovaznehevomif/Build/Products/Debug-iphonesimulator/PackageFrameworks -F/Users/borisserzhanovich/Library/Developer/Xcode/DerivedData/WorkoutTracker-gugjzwqwyjqwbtaovaznehevomif/Build/Products/Debug-iphonesimulator/PackageFrameworks -F/Users/borisserzhanovich/Library/Developer/Xcode/DerivedData/WorkoutTracker-gugjzwqwyjqwbtaovaznehevomif/Build/Products/Debug-iphonesimulator -iframework /Applications/Xcode.app/Contents/Developer/Platforms/iPhoneSimulator.platform/Developer/Library/Frameworks -iframework /Applications/Xcode.app/Contents/Developer/Platforms/iPhoneSimulator.platform/Developer/SDKs/iPhoneSimulator26.2.sdk/Developer/Library/Frameworks -filelist /Users/borisserzhanovich/Library/Developer/Xcode/DerivedData/WorkoutTracker-gugjzwqwyjqwbtaovaznehevomif/Build/Intermediates.noindex/GoogleUtilities.build/Debug-iphonesimulator/GoogleUtilities-AppDelegateSwizzler.build/Objects-normal/arm64/GoogleUtilities-AppDelegateSwizzler.LinkFileList -nostdlib -Xlinker -object_path_lto -Xlinker /Users/borisserzhanovich/Library/Developer/Xcode/DerivedData/WorkoutTracker-gugjzwqwyjqwbtaovaznehevomif/Build/Intermediates.noindex/GoogleUtilities.build/Debug-iphonesimulator/GoogleUtilities-AppDelegateSwizzler.build/Objects-normal/arm64/GoogleUtilities-AppDelegateSwizzler_lto.o -rdynamic -Xlinker -no_deduplicate -Xlinker -objc_abi_version -Xlinker 2 -Xlinker -dependency_info -Xlinker /Users/borisserzhanovich/Library/Developer/Xcode/DerivedData/WorkoutTracker-gugjzwqwyjqwbtaovaznehevomif/Build/Intermediates.noindex/GoogleUtilities.build/Debug-iphonesimulator/GoogleUtilities-AppDelegateSwizzler.build/Objects-normal/arm64/GoogleUtilities-AppDelegateSwizzler_dependency_info.dat -fobjc-arc -fobjc-link-runtime -o /Users/borisserzhanovich/Library/Developer/Xcode/DerivedData/WorkoutTracker-gugjzwqwyjqwbtaovaznehevomif/Build/Products/Debug-iphonesimulator/GoogleUtilities-AppDelegateSwizzler.o

Ld /Users/borisserzhanovich/Library/Developer/Xcode/DerivedData/WorkoutTracker-gugjzwqwyjqwbtaovaznehevomif/Build/Products/Debug-iphonesimulator/GoogleAdsOnDeviceConversionTarget.o normal (in target 'GoogleAdsOnDeviceConversionTarget' from project 'GoogleAdsOnDeviceConversion')
    cd /Users/borisserzhanovich/Library/Developer/Xcode/DerivedData/WorkoutTracker-gugjzwqwyjqwbtaovaznehevomif/SourcePackages/checkouts/google-ads-on-device-conversion-ios-sdk
    /Applications/Xcode.app/Contents/Developer/Toolchains/XcodeDefault.xctoolchain/usr/bin/clang -Xlinker -reproducible -target arm64-apple-ios12.0-simulator -r -isysroot /Applications/Xcode.app/Contents/Developer/Platforms/iPhoneSimulator.platform/Developer/SDKs/iPhoneSimulator26.2.sdk -O0 -w -L/Users/borisserzhanovich/Library/Developer/Xcode/DerivedData/WorkoutTracker-gugjzwqwyjqwbtaovaznehevomif/Build/Intermediates.noindex/EagerLinkingTBDs/Debug-iphonesimulator -L/Users/borisserzhanovich/Library/Developer/Xcode/DerivedData/WorkoutTracker-gugjzwqwyjqwbtaovaznehevomif/Build/Products/Debug-iphonesimulator -L/Applications/Xcode.app/Contents/Developer/Platforms/iPhoneSimulator.platform/Developer/usr/lib -F/Users/borisserzhanovich/Library/Developer/Xcode/DerivedData/WorkoutTracker-gugjzwqwyjqwbtaovaznehevomif/Build/Intermediates.noindex/EagerLinkingTBDs/Debug-iphonesimulator -F/Users/borisserzhanovich/Library/Developer/Xcode/DerivedData/WorkoutTracker-gugjzwqwyjqwbtaovaznehevomif/Build/Products/Debug-iphonesimulator/PackageFrameworks -F/Users/borisserzhanovich/Library/Developer/Xcode/DerivedData/WorkoutTracker-gugjzwqwyjqwbtaovaznehevomif/Build/Products/Debug-iphonesimulator/PackageFrameworks -F/Users/borisserzhanovich/Library/Developer/Xcode/DerivedData/WorkoutTracker-gugjzwqwyjqwbtaovaznehevomif/Build/Products/Debug-iphonesimulator/PackageFrameworks -F/Users/borisserzhanovich/Library/Developer/Xcode/DerivedData/WorkoutTracker-gugjzwqwyjqwbtaovaznehevomif/Build/Products/Debug-iphonesimulator/PackageFrameworks -F/Users/borisserzhanovich/Library/Developer/Xcode/DerivedData/WorkoutTracker-gugjzwqwyjqwbtaovaznehevomif/Build/Products/Debug-iphonesimulator/PackageFrameworks -F/Users/borisserzhanovich/Library/Developer/Xcode/DerivedData/WorkoutTracker-gugjzwqwyjqwbtaovaznehevomif/Build/Products/Debug-iphonesimulator/PackageFrameworks -F/Users/borisserzhanovich/Library/Developer/Xcode/DerivedData/WorkoutTracker-gugjzwqwyjqwbtaovaznehevomif/Build/Products/Debug-iphonesimulator/PackageFrameworks -F/Users/borisserzhanovich/Library/Developer/Xcode/DerivedData/WorkoutTracker-gugjzwqwyjqwbtaovaznehevomif/Build/Products/Debug-iphonesimulator -iframework /Applications/Xcode.app/Contents/Developer/Platforms/iPhoneSimulator.platform/Developer/Library/Frameworks -iframework /Applications/Xcode.app/Contents/Developer/Platforms/iPhoneSimulator.platform/Developer/SDKs/iPhoneSimulator26.2.sdk/Developer/Library/Frameworks -filelist /Users/borisserzhanovich/Library/Developer/Xcode/DerivedData/WorkoutTracker-gugjzwqwyjqwbtaovaznehevomif/Build/Intermediates.noindex/GoogleAdsOnDeviceConversion.build/Debug-iphonesimulator/GoogleAdsOnDeviceConversionTarget.build/Objects-normal/arm64/GoogleAdsOnDeviceConversionTarget.LinkFileList -nostdlib -Xlinker -object_path_lto -Xlinker /Users/borisserzhanovich/Library/Developer/Xcode/DerivedData/WorkoutTracker-gugjzwqwyjqwbtaovaznehevomif/Build/Intermediates.noindex/GoogleAdsOnDeviceConversion.build/Debug-iphonesimulator/GoogleAdsOnDeviceConversionTarget.build/Objects-normal/arm64/GoogleAdsOnDeviceConversionTarget_lto.o -rdynamic -Xlinker -no_deduplicate -Xlinker -objc_abi_version -Xlinker 2 -Xlinker -dependency_info -Xlinker /Users/borisserzhanovich/Library/Developer/Xcode/DerivedData/WorkoutTracker-gugjzwqwyjqwbtaovaznehevomif/Build/Intermediates.noindex/GoogleAdsOnDeviceConversion.build/Debug-iphonesimulator/GoogleAdsOnDeviceConversionTarget.build/Objects-normal/arm64/GoogleAdsOnDeviceConversionTarget_dependency_info.dat -fobjc-arc -fobjc-link-runtime -o /Users/borisserzhanovich/Library/Developer/Xcode/DerivedData/WorkoutTracker-gugjzwqwyjqwbtaovaznehevomif/Build/Products/Debug-iphonesimulator/GoogleAdsOnDeviceConversionTarget.o

ConstructStubExecutorLinkFileList /Users/borisserzhanovich/Library/Developer/Xcode/DerivedData/WorkoutTracker-gugjzwqwyjqwbtaovaznehevomif/Build/Intermediates.noindex/WorkoutTracker.build/Debug-iphonesimulator/WorkoutTimerWidgetExtension.build/WorkoutTimerWidgetExtension-ExecutorLinkFileList-normal-arm64.txt (in target 'WorkoutTimerWidgetExtension' from project 'WorkoutTracker')
    cd /Users/borisserzhanovich/projects/Workout/WorkoutTracker\ copy
    construct-stub-executor-link-file-list /Users/borisserzhanovich/Library/Developer/Xcode/DerivedData/WorkoutTracker-gugjzwqwyjqwbtaovaznehevomif/Build/Products/Debug-iphonesimulator/WorkoutTimerWidgetExtension.appex/WorkoutTimerWidgetExtension.debug.dylib /Applications/Xcode.app/Contents/Developer/Platforms/iPhoneSimulator.platform/Developer/usr/lib/libPreviewsJITStubExecutor_no_swift_entry_point.a /Applications/Xcode.app/Contents/Developer/Platforms/iPhoneSimulator.platform/Developer/usr/lib/libPreviewsJITStubExecutor.a --output /Users/borisserzhanovich/Library/Developer/Xcode/DerivedData/WorkoutTracker-gugjzwqwyjqwbtaovaznehevomif/Build/Intermediates.noindex/WorkoutTracker.build/Debug-iphonesimulator/WorkoutTimerWidgetExtension.build/WorkoutTimerWidgetExtension-ExecutorLinkFileList-normal-arm64.txt
note: Using stub executor library with Swift entry point. (in target 'WorkoutTimerWidgetExtension' from project 'WorkoutTracker')

ConstructStubExecutorLinkFileList /Users/borisserzhanovich/Library/Developer/Xcode/DerivedData/WorkoutTracker-gugjzwqwyjqwbtaovaznehevomif/Build/Intermediates.noindex/WorkoutTracker.build/Debug-watchsimulator/WorkoutTrackerWatch\ Watch\ App.build/WorkoutTrackerWatch\ Watch\ App-ExecutorLinkFileList-normal-arm64.txt (in target 'WorkoutTrackerWatch Watch App' from project 'WorkoutTracker')
    cd /Users/borisserzhanovich/projects/Workout/WorkoutTracker\ copy
    construct-stub-executor-link-file-list /Users/borisserzhanovich/Library/Developer/Xcode/DerivedData/WorkoutTracker-gugjzwqwyjqwbtaovaznehevomif/Build/Intermediates.noindex/WorkoutTracker.build/Debug-watchsimulator/WorkoutTrackerWatch\ Watch\ App.build/Objects-normal/arm64/Binary/WorkoutTrackerWatch\ Watch\ App.debug.dylib /Applications/Xcode.app/Contents/Developer/Platforms/WatchSimulator.platform/Developer/usr/lib/libPreviewsJITStubExecutor_no_swift_entry_point.a /Applications/Xcode.app/Contents/Developer/Platforms/WatchSimulator.platform/Developer/usr/lib/libPreviewsJITStubExecutor.a --output /Users/borisserzhanovich/Library/Developer/Xcode/DerivedData/WorkoutTracker-gugjzwqwyjqwbtaovaznehevomif/Build/Intermediates.noindex/WorkoutTracker.build/Debug-watchsimulator/WorkoutTrackerWatch\ Watch\ App.build/WorkoutTrackerWatch\ Watch\ App-ExecutorLinkFileList-normal-arm64.txt
note: Using stub executor library with Swift entry point. (in target 'WorkoutTrackerWatch Watch App' from project 'WorkoutTracker')

Ld /Users/borisserzhanovich/Library/Developer/Xcode/DerivedData/WorkoutTracker-gugjzwqwyjqwbtaovaznehevomif/Build/Products/Debug-iphonesimulator/WorkoutTimerWidgetExtension.appex/WorkoutTimerWidgetExtension normal (in target 'WorkoutTimerWidgetExtension' from project 'WorkoutTracker')
    cd /Users/borisserzhanovich/projects/Workout/WorkoutTracker\ copy
    /Applications/Xcode.app/Contents/Developer/Toolchains/XcodeDefault.xctoolchain/usr/bin/clang -Xlinker -reproducible -target arm64-apple-ios17.6-simulator -isysroot /Applications/Xcode.app/Contents/Developer/Platforms/iPhoneSimulator.platform/Developer/SDKs/iPhoneSimulator26.2.sdk -O0 -L/Users/borisserzhanovich/Library/Developer/Xcode/DerivedData/WorkoutTracker-gugjzwqwyjqwbtaovaznehevomif/Build/Products/Debug-iphonesimulator -F/Users/borisserzhanovich/Library/Developer/Xcode/DerivedData/WorkoutTracker-gugjzwqwyjqwbtaovaznehevomif/Build/Products/Debug-iphonesimulator -Xlinker -rpath -Xlinker @executable_path -Xlinker -rpath -Xlinker @executable_path/Frameworks -Xlinker -rpath -Xlinker @executable_path/../../Frameworks -rdynamic -Xlinker -no_deduplicate -Xlinker -objc_abi_version -Xlinker 2 -e ___debug_blank_executor_main -Xlinker -sectcreate -Xlinker __TEXT -Xlinker __debug_dylib -Xlinker /Users/borisserzhanovich/Library/Developer/Xcode/DerivedData/WorkoutTracker-gugjzwqwyjqwbtaovaznehevomif/Build/Intermediates.noindex/WorkoutTracker.build/Debug-iphonesimulator/WorkoutTimerWidgetExtension.build/WorkoutTimerWidgetExtension-DebugDylibPath-normal-arm64.txt -Xlinker -sectcreate -Xlinker __TEXT -Xlinker __debug_entry -Xlinker /Users/borisserzhanovich/Library/Developer/Xcode/DerivedData/WorkoutTracker-gugjzwqwyjqwbtaovaznehevomif/Build/Intermediates.noindex/WorkoutTracker.build/Debug-iphonesimulator/WorkoutTimerWidgetExtension.build/WorkoutTimerWidgetExtension-DebugEntryPoint-normal-arm64.txt -Xlinker -sectcreate -Xlinker __TEXT -Xlinker __debug_instlnm -Xlinker /Users/borisserzhanovich/Library/Developer/Xcode/DerivedData/WorkoutTracker-gugjzwqwyjqwbtaovaznehevomif/Build/Intermediates.noindex/WorkoutTracker.build/Debug-iphonesimulator/WorkoutTimerWidgetExtension.build/WorkoutTimerWidgetExtension-DebugDylibInstallName-normal-arm64.txt -Xlinker -filelist -Xlinker /Users/borisserzhanovich/Library/Developer/Xcode/DerivedData/WorkoutTracker-gugjzwqwyjqwbtaovaznehevomif/Build/Intermediates.noindex/WorkoutTracker.build/Debug-iphonesimulator/WorkoutTimerWidgetExtension.build/WorkoutTimerWidgetExtension-ExecutorLinkFileList-normal-arm64.txt -Xlinker -sectcreate -Xlinker __TEXT -Xlinker __entitlements -Xlinker /Users/borisserzhanovich/Library/Developer/Xcode/DerivedData/WorkoutTracker-gugjzwqwyjqwbtaovaznehevomif/Build/Intermediates.noindex/WorkoutTracker.build/Debug-iphonesimulator/WorkoutTimerWidgetExtension.build/WorkoutTimerWidgetExtension.appex-Simulated.xcent -Xlinker -sectcreate -Xlinker __TEXT -Xlinker __ents_der -Xlinker /Users/borisserzhanovich/Library/Developer/Xcode/DerivedData/WorkoutTracker-gugjzwqwyjqwbtaovaznehevomif/Build/Intermediates.noindex/WorkoutTracker.build/Debug-iphonesimulator/WorkoutTimerWidgetExtension.build/WorkoutTimerWidgetExtension.appex-Simulated.xcent.der /Users/borisserzhanovich/Library/Developer/Xcode/DerivedData/WorkoutTracker-gugjzwqwyjqwbtaovaznehevomif/Build/Products/Debug-iphonesimulator/WorkoutTimerWidgetExtension.appex/WorkoutTimerWidgetExtension.debug.dylib -Xlinker -no_adhoc_codesign -o /Users/borisserzhanovich/Library/Developer/Xcode/DerivedData/WorkoutTracker-gugjzwqwyjqwbtaovaznehevomif/Build/Products/Debug-iphonesimulator/WorkoutTimerWidgetExtension.appex/WorkoutTimerWidgetExtension

Ld /Users/borisserzhanovich/Library/Developer/Xcode/DerivedData/WorkoutTracker-gugjzwqwyjqwbtaovaznehevomif/Build/Intermediates.noindex/WorkoutTracker.build/Debug-watchsimulator/WorkoutTrackerWatch\ Watch\ App.build/Objects-normal/arm64/Binary/WorkoutTrackerWatch\ Watch\ App normal arm64 (in target 'WorkoutTrackerWatch Watch App' from project 'WorkoutTracker')
    cd /Users/borisserzhanovich/projects/Workout/WorkoutTracker\ copy
    /Applications/Xcode.app/Contents/Developer/Toolchains/XcodeDefault.xctoolchain/usr/bin/clang -Xlinker -reproducible -target arm64-apple-watchos11.6-simulator -isysroot /Applications/Xcode.app/Contents/Developer/Platforms/WatchSimulator.platform/Developer/SDKs/WatchSimulator26.2.sdk -O0 -L/Users/borisserzhanovich/Library/Developer/Xcode/DerivedData/WorkoutTracker-gugjzwqwyjqwbtaovaznehevomif/Build/Products/Debug-watchsimulator -F/Users/borisserzhanovich/Library/Developer/Xcode/DerivedData/WorkoutTracker-gugjzwqwyjqwbtaovaznehevomif/Build/Products/Debug-watchsimulator -Xlinker -rpath -Xlinker @executable_path -Xlinker -rpath -Xlinker @executable_path/Frameworks -rdynamic -Xlinker -no_deduplicate -Xlinker -objc_abi_version -Xlinker 2 -e ___debug_blank_executor_main -Xlinker -sectcreate -Xlinker __TEXT -Xlinker __debug_dylib -Xlinker /Users/borisserzhanovich/Library/Developer/Xcode/DerivedData/WorkoutTracker-gugjzwqwyjqwbtaovaznehevomif/Build/Intermediates.noindex/WorkoutTracker.build/Debug-watchsimulator/WorkoutTrackerWatch\ Watch\ App.build/WorkoutTrackerWatch\ Watch\ App-DebugDylibPath-normal-arm64.txt -Xlinker -sectcreate -Xlinker __TEXT -Xlinker __debug_instlnm -Xlinker /Users/borisserzhanovich/Library/Developer/Xcode/DerivedData/WorkoutTracker-gugjzwqwyjqwbtaovaznehevomif/Build/Intermediates.noindex/WorkoutTracker.build/Debug-watchsimulator/WorkoutTrackerWatch\ Watch\ App.build/WorkoutTrackerWatch\ Watch\ App-DebugDylibInstallName-normal-arm64.txt -Xlinker -filelist -Xlinker /Users/borisserzhanovich/Library/Developer/Xcode/DerivedData/WorkoutTracker-gugjzwqwyjqwbtaovaznehevomif/Build/Intermediates.noindex/WorkoutTracker.build/Debug-watchsimulator/WorkoutTrackerWatch\ Watch\ App.build/WorkoutTrackerWatch\ Watch\ App-ExecutorLinkFileList-normal-arm64.txt -Xlinker -sectcreate -Xlinker __TEXT -Xlinker __entitlements -Xlinker /Users/borisserzhanovich/Library/Developer/Xcode/DerivedData/WorkoutTracker-gugjzwqwyjqwbtaovaznehevomif/Build/Intermediates.noindex/WorkoutTracker.build/Debug-watchsimulator/WorkoutTrackerWatch\ Watch\ App.build/WorkoutTrackerWatch\ Watch\ App.app-Simulated.xcent -Xlinker -sectcreate -Xlinker __TEXT -Xlinker __ents_der -Xlinker /Users/borisserzhanovich/Library/Developer/Xcode/DerivedData/WorkoutTracker-gugjzwqwyjqwbtaovaznehevomif/Build/Intermediates.noindex/WorkoutTracker.build/Debug-watchsimulator/WorkoutTrackerWatch\ Watch\ App.build/WorkoutTrackerWatch\ Watch\ App.app-Simulated.xcent.der /Users/borisserzhanovich/Library/Developer/Xcode/DerivedData/WorkoutTracker-gugjzwqwyjqwbtaovaznehevomif/Build/Intermediates.noindex/WorkoutTracker.build/Debug-watchsimulator/WorkoutTrackerWatch\ Watch\ App.build/Objects-normal/arm64/Binary/WorkoutTrackerWatch\ Watch\ App.debug.dylib -Xlinker -no_adhoc_codesign -o /Users/borisserzhanovich/Library/Developer/Xcode/DerivedData/WorkoutTracker-gugjzwqwyjqwbtaovaznehevomif/Build/Intermediates.noindex/WorkoutTracker.build/Debug-watchsimulator/WorkoutTrackerWatch\ Watch\ App.build/Objects-normal/arm64/Binary/WorkoutTrackerWatch\ Watch\ App

ExtractAppIntentsMetadata (in target 'FirebaseCrashlyticsSwift' from project 'Firebase')
    cd /Users/borisserzhanovich/Library/Developer/Xcode/DerivedData/WorkoutTracker-gugjzwqwyjqwbtaovaznehevomif/SourcePackages/checkouts/firebase-ios-sdk
    /Applications/Xcode.app/Contents/Developer/Toolchains/XcodeDefault.xctoolchain/usr/bin/appintentsmetadataprocessor --toolchain-dir /Applications/Xcode.app/Contents/Developer/Toolchains/XcodeDefault.xctoolchain --module-name FirebaseCrashlyticsSwift --sdk-root /Applications/Xcode.app/Contents/Developer/Platforms/iPhoneSimulator.platform/Developer/SDKs/iPhoneSimulator26.2.sdk --xcode-version 17C529 --platform-family iOS --deployment-target 15.0 --bundle-identifier firebase-ios-sdk.FirebaseCrashlyticsSwift --output /Users/borisserzhanovich/Library/Developer/Xcode/DerivedData/WorkoutTracker-gugjzwqwyjqwbtaovaznehevomif/Build/Products/Debug-iphonesimulator/FirebaseCrashlyticsSwift.appintents --target-triple arm64-apple-ios15.0-simulator --binary-file /Users/borisserzhanovich/Library/Developer/Xcode/DerivedData/WorkoutTracker-gugjzwqwyjqwbtaovaznehevomif/Build/Products/Debug-iphonesimulator/FirebaseCrashlyticsSwift.o --dependency-file /Users/borisserzhanovich/Library/Developer/Xcode/DerivedData/WorkoutTracker-gugjzwqwyjqwbtaovaznehevomif/Build/Intermediates.noindex/Firebase.build/Debug-iphonesimulator/FirebaseCrashlyticsSwift.build/Objects-normal/arm64/FirebaseCrashlyticsSwift_dependency_info.dat --stringsdata-file /Users/borisserzhanovich/Library/Developer/Xcode/DerivedData/WorkoutTracker-gugjzwqwyjqwbtaovaznehevomif/Build/Intermediates.noindex/Firebase.build/Debug-iphonesimulator/FirebaseCrashlyticsSwift.build/Objects-normal/arm64/ExtractedAppShortcutsMetadata.stringsdata --source-file-list /Users/borisserzhanovich/Library/Developer/Xcode/DerivedData/WorkoutTracker-gugjzwqwyjqwbtaovaznehevomif/Build/Intermediates.noindex/Firebase.build/Debug-iphonesimulator/FirebaseCrashlyticsSwift.build/Objects-normal/arm64/FirebaseCrashlyticsSwift.SwiftFileList --metadata-file-list /Users/borisserzhanovich/Library/Developer/Xcode/DerivedData/WorkoutTracker-gugjzwqwyjqwbtaovaznehevomif/Build/Intermediates.noindex/Firebase.build/Debug-iphonesimulator/FirebaseCrashlyticsSwift.build/FirebaseCrashlyticsSwift.DependencyMetadataFileList --static-metadata-file-list /Users/borisserzhanovich/Library/Developer/Xcode/DerivedData/WorkoutTracker-gugjzwqwyjqwbtaovaznehevomif/Build/Intermediates.noindex/Firebase.build/Debug-iphonesimulator/FirebaseCrashlyticsSwift.build/FirebaseCrashlyticsSwift.DependencyStaticMetadataFileList --swift-const-vals-list /Users/borisserzhanovich/Library/Developer/Xcode/DerivedData/WorkoutTracker-gugjzwqwyjqwbtaovaznehevomif/Build/Intermediates.noindex/Firebase.build/Debug-iphonesimulator/FirebaseCrashlyticsSwift.build/Objects-normal/arm64/FirebaseCrashlyticsSwift.SwiftConstValuesFileList --force --compile-time-extraction --deployment-aware-processing --validate-assistant-intents --no-app-shortcuts-localization
2026-06-13 22:32:15.680 appintentsmetadataprocessor[58350:10976542] Starting appintentsmetadataprocessor export
2026-06-13 22:32:15.856 appintentsmetadataprocessor[58350:10976542] Extracted no relevant App Intents symbols, skipping writing output

RegisterExecutionPolicyException /Users/borisserzhanovich/Library/Developer/Xcode/DerivedData/WorkoutTracker-gugjzwqwyjqwbtaovaznehevomif/Build/Products/Debug-iphonesimulator/Promises.o (in target 'Promises' from project 'Promises')
    cd /Users/borisserzhanovich/Library/Developer/Xcode/DerivedData/WorkoutTracker-gugjzwqwyjqwbtaovaznehevomif/SourcePackages/checkouts/promises
    builtin-RegisterExecutionPolicyException /Users/borisserzhanovich/Library/Developer/Xcode/DerivedData/WorkoutTracker-gugjzwqwyjqwbtaovaznehevomif/Build/Products/Debug-iphonesimulator/Promises.o

CreateUniversalBinary /Users/borisserzhanovich/Library/Developer/Xcode/DerivedData/WorkoutTracker-gugjzwqwyjqwbtaovaznehevomif/Build/Products/Debug-watchsimulator/WorkoutTrackerWatch\ Watch\ App.app/WorkoutTrackerWatch\ Watch\ App.debug.dylib normal arm64\ x86_64 (in target 'WorkoutTrackerWatch Watch App' from project 'WorkoutTracker')
    cd /Users/borisserzhanovich/projects/Workout/WorkoutTracker\ copy
    /Applications/Xcode.app/Contents/Developer/Toolchains/XcodeDefault.xctoolchain/usr/bin/lipo -create /Users/borisserzhanovich/Library/Developer/Xcode/DerivedData/WorkoutTracker-gugjzwqwyjqwbtaovaznehevomif/Build/Intermediates.noindex/WorkoutTracker.build/Debug-watchsimulator/WorkoutTrackerWatch\ Watch\ App.build/Objects-normal/arm64/Binary/WorkoutTrackerWatch\ Watch\ App.debug.dylib /Users/borisserzhanovich/Library/Developer/Xcode/DerivedData/WorkoutTracker-gugjzwqwyjqwbtaovaznehevomif/Build/Intermediates.noindex/WorkoutTracker.build/Debug-watchsimulator/WorkoutTrackerWatch\ Watch\ App.build/Objects-normal/x86_64/Binary/WorkoutTrackerWatch\ Watch\ App.debug.dylib -output /Users/borisserzhanovich/Library/Developer/Xcode/DerivedData/WorkoutTracker-gugjzwqwyjqwbtaovaznehevomif/Build/Products/Debug-watchsimulator/WorkoutTrackerWatch\ Watch\ App.app/WorkoutTrackerWatch\ Watch\ App.debug.dylib

ConstructStubExecutorLinkFileList /Users/borisserzhanovich/Library/Developer/Xcode/DerivedData/WorkoutTracker-gugjzwqwyjqwbtaovaznehevomif/Build/Intermediates.noindex/WorkoutTracker.build/Debug-watchsimulator/WorkoutTrackerWatch\ Watch\ App.build/WorkoutTrackerWatch\ Watch\ App-ExecutorLinkFileList-normal-x86_64.txt (in target 'WorkoutTrackerWatch Watch App' from project 'WorkoutTracker')
    cd /Users/borisserzhanovich/projects/Workout/WorkoutTracker\ copy
    construct-stub-executor-link-file-list /Users/borisserzhanovich/Library/Developer/Xcode/DerivedData/WorkoutTracker-gugjzwqwyjqwbtaovaznehevomif/Build/Intermediates.noindex/WorkoutTracker.build/Debug-watchsimulator/WorkoutTrackerWatch\ Watch\ App.build/Objects-normal/x86_64/Binary/WorkoutTrackerWatch\ Watch\ App.debug.dylib /Applications/Xcode.app/Contents/Developer/Platforms/WatchSimulator.platform/Developer/usr/lib/libPreviewsJITStubExecutor_no_swift_entry_point.a /Applications/Xcode.app/Contents/Developer/Platforms/WatchSimulator.platform/Developer/usr/lib/libPreviewsJITStubExecutor.a --output /Users/borisserzhanovich/Library/Developer/Xcode/DerivedData/WorkoutTracker-gugjzwqwyjqwbtaovaznehevomif/Build/Intermediates.noindex/WorkoutTracker.build/Debug-watchsimulator/WorkoutTrackerWatch\ Watch\ App.build/WorkoutTrackerWatch\ Watch\ App-ExecutorLinkFileList-normal-x86_64.txt
note: Using stub executor library with Swift entry point. (in target 'WorkoutTrackerWatch Watch App' from project 'WorkoutTracker')

Ld /Users/borisserzhanovich/Library/Developer/Xcode/DerivedData/WorkoutTracker-gugjzwqwyjqwbtaovaznehevomif/Build/Intermediates.noindex/WorkoutTracker.build/Debug-watchsimulator/WorkoutTrackerWatch\ Watch\ App.build/Objects-normal/x86_64/Binary/WorkoutTrackerWatch\ Watch\ App normal x86_64 (in target 'WorkoutTrackerWatch Watch App' from project 'WorkoutTracker')
    cd /Users/borisserzhanovich/projects/Workout/WorkoutTracker\ copy
    /Applications/Xcode.app/Contents/Developer/Toolchains/XcodeDefault.xctoolchain/usr/bin/clang -Xlinker -reproducible -target x86_64-apple-watchos11.6-simulator -isysroot /Applications/Xcode.app/Contents/Developer/Platforms/WatchSimulator.platform/Developer/SDKs/WatchSimulator26.2.sdk -O0 -L/Users/borisserzhanovich/Library/Developer/Xcode/DerivedData/WorkoutTracker-gugjzwqwyjqwbtaovaznehevomif/Build/Products/Debug-watchsimulator -F/Users/borisserzhanovich/Library/Developer/Xcode/DerivedData/WorkoutTracker-gugjzwqwyjqwbtaovaznehevomif/Build/Products/Debug-watchsimulator -Xlinker -rpath -Xlinker @executable_path -Xlinker -rpath -Xlinker @executable_path/Frameworks -rdynamic -Xlinker -no_deduplicate -Xlinker -objc_abi_version -Xlinker 2 -e ___debug_blank_executor_main -Xlinker -sectcreate -Xlinker __TEXT -Xlinker __debug_dylib -Xlinker /Users/borisserzhanovich/Library/Developer/Xcode/DerivedData/WorkoutTracker-gugjzwqwyjqwbtaovaznehevomif/Build/Intermediates.noindex/WorkoutTracker.build/Debug-watchsimulator/WorkoutTrackerWatch\ Watch\ App.build/WorkoutTrackerWatch\ Watch\ App-DebugDylibPath-normal-x86_64.txt -Xlinker -sectcreate -Xlinker __TEXT -Xlinker __debug_instlnm -Xlinker /Users/borisserzhanovich/Library/Developer/Xcode/DerivedData/WorkoutTracker-gugjzwqwyjqwbtaovaznehevomif/Build/Intermediates.noindex/WorkoutTracker.build/Debug-watchsimulator/WorkoutTrackerWatch\ Watch\ App.build/WorkoutTrackerWatch\ Watch\ App-DebugDylibInstallName-normal-x86_64.txt -Xlinker -filelist -Xlinker /Users/borisserzhanovich/Library/Developer/Xcode/DerivedData/WorkoutTracker-gugjzwqwyjqwbtaovaznehevomif/Build/Intermediates.noindex/WorkoutTracker.build/Debug-watchsimulator/WorkoutTrackerWatch\ Watch\ App.build/WorkoutTrackerWatch\ Watch\ App-ExecutorLinkFileList-normal-x86_64.txt -Xlinker -sectcreate -Xlinker __TEXT -Xlinker __entitlements -Xlinker /Users/borisserzhanovich/Library/Developer/Xcode/DerivedData/WorkoutTracker-gugjzwqwyjqwbtaovaznehevomif/Build/Intermediates.noindex/WorkoutTracker.build/Debug-watchsimulator/WorkoutTrackerWatch\ Watch\ App.build/WorkoutTrackerWatch\ Watch\ App.app-Simulated.xcent -Xlinker -sectcreate -Xlinker __TEXT -Xlinker __ents_der -Xlinker /Users/borisserzhanovich/Library/Developer/Xcode/DerivedData/WorkoutTracker-gugjzwqwyjqwbtaovaznehevomif/Build/Intermediates.noindex/WorkoutTracker.build/Debug-watchsimulator/WorkoutTrackerWatch\ Watch\ App.build/WorkoutTrackerWatch\ Watch\ App.app-Simulated.xcent.der /Users/borisserzhanovich/Library/Developer/Xcode/DerivedData/WorkoutTracker-gugjzwqwyjqwbtaovaznehevomif/Build/Intermediates.noindex/WorkoutTracker.build/Debug-watchsimulator/WorkoutTrackerWatch\ Watch\ App.build/Objects-normal/x86_64/Binary/WorkoutTrackerWatch\ Watch\ App.debug.dylib -Xlinker -no_adhoc_codesign -o /Users/borisserzhanovich/Library/Developer/Xcode/DerivedData/WorkoutTracker-gugjzwqwyjqwbtaovaznehevomif/Build/Intermediates.noindex/WorkoutTracker.build/Debug-watchsimulator/WorkoutTrackerWatch\ Watch\ App.build/Objects-normal/x86_64/Binary/WorkoutTrackerWatch\ Watch\ App

RegisterExecutionPolicyException /Users/borisserzhanovich/Library/Developer/Xcode/DerivedData/WorkoutTracker-gugjzwqwyjqwbtaovaznehevomif/Build/Products/Debug-iphonesimulator/GoogleUtilities-AppDelegateSwizzler.o (in target 'GoogleUtilities-AppDelegateSwizzler' from project 'GoogleUtilities')
    cd /Users/borisserzhanovich/Library/Developer/Xcode/DerivedData/WorkoutTracker-gugjzwqwyjqwbtaovaznehevomif/SourcePackages/checkouts/GoogleUtilities
    builtin-RegisterExecutionPolicyException /Users/borisserzhanovich/Library/Developer/Xcode/DerivedData/WorkoutTracker-gugjzwqwyjqwbtaovaznehevomif/Build/Products/Debug-iphonesimulator/GoogleUtilities-AppDelegateSwizzler.o

RegisterExecutionPolicyException /Users/borisserzhanovich/Library/Developer/Xcode/DerivedData/WorkoutTracker-gugjzwqwyjqwbtaovaznehevomif/Build/Products/Debug-iphonesimulator/GoogleAdsOnDeviceConversionTarget.o (in target 'GoogleAdsOnDeviceConversionTarget' from project 'GoogleAdsOnDeviceConversion')
    cd /Users/borisserzhanovich/Library/Developer/Xcode/DerivedData/WorkoutTracker-gugjzwqwyjqwbtaovaznehevomif/SourcePackages/checkouts/google-ads-on-device-conversion-ios-sdk
    builtin-RegisterExecutionPolicyException /Users/borisserzhanovich/Library/Developer/Xcode/DerivedData/WorkoutTracker-gugjzwqwyjqwbtaovaznehevomif/Build/Products/Debug-iphonesimulator/GoogleAdsOnDeviceConversionTarget.o

RegisterExecutionPolicyException /Users/borisserzhanovich/Library/Developer/Xcode/DerivedData/WorkoutTracker-gugjzwqwyjqwbtaovaznehevomif/Build/Products/Debug-iphonesimulator/FirebaseCore.o (in target 'FirebaseCore' from project 'Firebase')
    cd /Users/borisserzhanovich/Library/Developer/Xcode/DerivedData/WorkoutTracker-gugjzwqwyjqwbtaovaznehevomif/SourcePackages/checkouts/firebase-ios-sdk
    builtin-RegisterExecutionPolicyException /Users/borisserzhanovich/Library/Developer/Xcode/DerivedData/WorkoutTracker-gugjzwqwyjqwbtaovaznehevomif/Build/Products/Debug-iphonesimulator/FirebaseCore.o

RegisterExecutionPolicyException /Users/borisserzhanovich/Library/Developer/Xcode/DerivedData/WorkoutTracker-gugjzwqwyjqwbtaovaznehevomif/Build/Products/Debug-iphonesimulator/AppCheckCore.o (in target 'AppCheckCore' from project 'AppCheck')
    cd /Users/borisserzhanovich/Library/Developer/Xcode/DerivedData/WorkoutTracker-gugjzwqwyjqwbtaovaznehevomif/SourcePackages/checkouts/app-check
    builtin-RegisterExecutionPolicyException /Users/borisserzhanovich/Library/Developer/Xcode/DerivedData/WorkoutTracker-gugjzwqwyjqwbtaovaznehevomif/Build/Products/Debug-iphonesimulator/AppCheckCore.o

ExtractAppIntentsMetadata (in target 'WorkoutTimerWidgetExtension' from project 'WorkoutTracker')
    cd /Users/borisserzhanovich/projects/Workout/WorkoutTracker\ copy
    /Applications/Xcode.app/Contents/Developer/Toolchains/XcodeDefault.xctoolchain/usr/bin/appintentsmetadataprocessor --toolchain-dir /Applications/Xcode.app/Contents/Developer/Toolchains/XcodeDefault.xctoolchain --module-name WorkoutTimerWidgetExtension --sdk-root /Applications/Xcode.app/Contents/Developer/Platforms/iPhoneSimulator.platform/Developer/SDKs/iPhoneSimulator26.2.sdk --xcode-version 17C529 --platform-family iOS --deployment-target 17.6 --bundle-identifier com.borisdev.WorkoutTracker.WorkoutTimerWidget --output /Users/borisserzhanovich/Library/Developer/Xcode/DerivedData/WorkoutTracker-gugjzwqwyjqwbtaovaznehevomif/Build/Products/Debug-iphonesimulator/WorkoutTimerWidgetExtension.appex --target-triple arm64-apple-ios17.6-simulator --binary-file /Users/borisserzhanovich/Library/Developer/Xcode/DerivedData/WorkoutTracker-gugjzwqwyjqwbtaovaznehevomif/Build/Products/Debug-iphonesimulator/WorkoutTimerWidgetExtension.appex/WorkoutTimerWidgetExtension --dependency-file /Users/borisserzhanovich/Library/Developer/Xcode/DerivedData/WorkoutTracker-gugjzwqwyjqwbtaovaznehevomif/Build/Intermediates.noindex/WorkoutTracker.build/Debug-iphonesimulator/WorkoutTimerWidgetExtension.build/Objects-normal/arm64/WorkoutTimerWidgetExtension_dependency_info.dat --stringsdata-file /Users/borisserzhanovich/Library/Developer/Xcode/DerivedData/WorkoutTracker-gugjzwqwyjqwbtaovaznehevomif/Build/Intermediates.noindex/WorkoutTracker.build/Debug-iphonesimulator/WorkoutTimerWidgetExtension.build/Objects-normal/arm64/ExtractedAppShortcutsMetadata.stringsdata --source-file-list /Users/borisserzhanovich/Library/Developer/Xcode/DerivedData/WorkoutTracker-gugjzwqwyjqwbtaovaznehevomif/Build/Intermediates.noindex/WorkoutTracker.build/Debug-iphonesimulator/WorkoutTimerWidgetExtension.build/Objects-normal/arm64/WorkoutTimerWidgetExtension.SwiftFileList --metadata-file-list /Users/borisserzhanovich/Library/Developer/Xcode/DerivedData/WorkoutTracker-gugjzwqwyjqwbtaovaznehevomif/Build/Intermediates.noindex/WorkoutTracker.build/Debug-iphonesimulator/WorkoutTimerWidgetExtension.build/WorkoutTimerWidgetExtension.DependencyMetadataFileList --static-metadata-file-list /Users/borisserzhanovich/Library/Developer/Xcode/DerivedData/WorkoutTracker-gugjzwqwyjqwbtaovaznehevomif/Build/Intermediates.noindex/WorkoutTracker.build/Debug-iphonesimulator/WorkoutTimerWidgetExtension.build/WorkoutTimerWidgetExtension.DependencyStaticMetadataFileList --swift-const-vals-list /Users/borisserzhanovich/Library/Developer/Xcode/DerivedData/WorkoutTracker-gugjzwqwyjqwbtaovaznehevomif/Build/Intermediates.noindex/WorkoutTracker.build/Debug-iphonesimulator/WorkoutTimerWidgetExtension.build/Objects-normal/arm64/WorkoutTimerWidgetExtension.SwiftConstValuesFileList --compile-time-extraction --deployment-aware-processing --validate-assistant-intents --no-app-shortcuts-localization
2026-06-13 22:32:15.722 appintentsmetadataprocessor[58356:10976573] Starting appintentsmetadataprocessor export
2026-06-13 22:32:15.874 appintentsmetadataprocessor[58356:10976573] Writing Metadata.appintents
2026-06-13 22:32:15.874 appintentsmetadataprocessor[58356:10976573] Metadata root: /Users/borisserzhanovich/Library/Developer/Xcode/DerivedData/WorkoutTracker-gugjzwqwyjqwbtaovaznehevomif/Build/Products/Debug-iphonesimulator/WorkoutTimerWidgetExtension.appex/Metadata.appintents

RegisterExecutionPolicyException /Users/borisserzhanovich/Library/Developer/Xcode/DerivedData/WorkoutTracker-gugjzwqwyjqwbtaovaznehevomif/Build/Products/Debug-iphonesimulator/AppAuth.o (in target 'AppAuth' from project 'AppAuth')
    cd /Users/borisserzhanovich/Library/Developer/Xcode/DerivedData/WorkoutTracker-gugjzwqwyjqwbtaovaznehevomif/SourcePackages/checkouts/AppAuth-iOS
    builtin-RegisterExecutionPolicyException /Users/borisserzhanovich/Library/Developer/Xcode/DerivedData/WorkoutTracker-gugjzwqwyjqwbtaovaznehevomif/Build/Products/Debug-iphonesimulator/AppAuth.o

Ld /Users/borisserzhanovich/Library/Developer/Xcode/DerivedData/WorkoutTracker-gugjzwqwyjqwbtaovaznehevomif/Build/Products/Debug-iphonesimulator/GoogleAppMeasurementTarget.o normal (in target 'GoogleAppMeasurementTarget' from project 'GoogleAppMeasurement')
    cd /Users/borisserzhanovich/Library/Developer/Xcode/DerivedData/WorkoutTracker-gugjzwqwyjqwbtaovaznehevomif/SourcePackages/checkouts/GoogleAppMeasurement
    /Applications/Xcode.app/Contents/Developer/Toolchains/XcodeDefault.xctoolchain/usr/bin/clang -Xlinker -reproducible -target arm64-apple-ios15.0-simulator -r -isysroot /Applications/Xcode.app/Contents/Developer/Platforms/iPhoneSimulator.platform/Developer/SDKs/iPhoneSimulator26.2.sdk -O0 -w -L/Users/borisserzhanovich/Library/Developer/Xcode/DerivedData/WorkoutTracker-gugjzwqwyjqwbtaovaznehevomif/Build/Intermediates.noindex/EagerLinkingTBDs/Debug-iphonesimulator -L/Users/borisserzhanovich/Library/Developer/Xcode/DerivedData/WorkoutTracker-gugjzwqwyjqwbtaovaznehevomif/Build/Products/Debug-iphonesimulator -L/Applications/Xcode.app/Contents/Developer/Platforms/iPhoneSimulator.platform/Developer/usr/lib -F/Users/borisserzhanovich/Library/Developer/Xcode/DerivedData/WorkoutTracker-gugjzwqwyjqwbtaovaznehevomif/Build/Intermediates.noindex/EagerLinkingTBDs/Debug-iphonesimulator -F/Users/borisserzhanovich/Library/Developer/Xcode/DerivedData/WorkoutTracker-gugjzwqwyjqwbtaovaznehevomif/Build/Products/Debug-iphonesimulator/PackageFrameworks -F/Users/borisserzhanovich/Library/Developer/Xcode/DerivedData/WorkoutTracker-gugjzwqwyjqwbtaovaznehevomif/Build/Products/Debug-iphonesimulator/PackageFrameworks -F/Users/borisserzhanovich/Library/Developer/Xcode/DerivedData/WorkoutTracker-gugjzwqwyjqwbtaovaznehevomif/Build/Products/Debug-iphonesimulator/PackageFrameworks -F/Users/borisserzhanovich/Library/Developer/Xcode/DerivedData/WorkoutTracker-gugjzwqwyjqwbtaovaznehevomif/Build/Products/Debug-iphonesimulator/PackageFrameworks -F/Users/borisserzhanovich/Library/Developer/Xcode/DerivedData/WorkoutTracker-gugjzwqwyjqwbtaovaznehevomif/Build/Products/Debug-iphonesimulator/PackageFrameworks -F/Users/borisserzhanovich/Library/Developer/Xcode/DerivedData/WorkoutTracker-gugjzwqwyjqwbtaovaznehevomif/Build/Products/Debug-iphonesimulator/PackageFrameworks -F/Users/borisserzhanovich/Library/Developer/Xcode/DerivedData/WorkoutTracker-gugjzwqwyjqwbtaovaznehevomif/Build/Products/Debug-iphonesimulator/PackageFrameworks -F/Users/borisserzhanovich/Library/Developer/Xcode/DerivedData/WorkoutTracker-gugjzwqwyjqwbtaovaznehevomif/Build/Products/Debug-iphonesimulator/PackageFrameworks -F/Users/borisserzhanovich/Library/Developer/Xcode/DerivedData/WorkoutTracker-gugjzwqwyjqwbtaovaznehevomif/Build/Products/Debug-iphonesimulator/PackageFrameworks -F/Users/borisserzhanovich/Library/Developer/Xcode/DerivedData/WorkoutTracker-gugjzwqwyjqwbtaovaznehevomif/Build/Products/Debug-iphonesimulator/PackageFrameworks -F/Users/borisserzhanovich/Library/Developer/Xcode/DerivedData/WorkoutTracker-gugjzwqwyjqwbtaovaznehevomif/Build/Products/Debug-iphonesimulator -iframework /Applications/Xcode.app/Contents/Developer/Platforms/iPhoneSimulator.platform/Developer/Library/Frameworks -iframework /Applications/Xcode.app/Contents/Developer/Platforms/iPhoneSimulator.platform/Developer/SDKs/iPhoneSimulator26.2.sdk/Developer/Library/Frameworks -filelist /Users/borisserzhanovich/Library/Developer/Xcode/DerivedData/WorkoutTracker-gugjzwqwyjqwbtaovaznehevomif/Build/Intermediates.noindex/GoogleAppMeasurement.build/Debug-iphonesimulator/GoogleAppMeasurementTarget.build/Objects-normal/arm64/GoogleAppMeasurementTarget.LinkFileList -nostdlib -Xlinker -object_path_lto -Xlinker /Users/borisserzhanovich/Library/Developer/Xcode/DerivedData/WorkoutTracker-gugjzwqwyjqwbtaovaznehevomif/Build/Intermediates.noindex/GoogleAppMeasurement.build/Debug-iphonesimulator/GoogleAppMeasurementTarget.build/Objects-normal/arm64/GoogleAppMeasurementTarget_lto.o -rdynamic -Xlinker -no_deduplicate -Xlinker -objc_abi_version -Xlinker 2 -Xlinker -dependency_info -Xlinker /Users/borisserzhanovich/Library/Developer/Xcode/DerivedData/WorkoutTracker-gugjzwqwyjqwbtaovaznehevomif/Build/Intermediates.noindex/GoogleAppMeasurement.build/Debug-iphonesimulator/GoogleAppMeasurementTarget.build/Objects-normal/arm64/GoogleAppMeasurementTarget_dependency_info.dat -fobjc-arc -fobjc-link-runtime -o /Users/borisserzhanovich/Library/Developer/Xcode/DerivedData/WorkoutTracker-gugjzwqwyjqwbtaovaznehevomif/Build/Products/Debug-iphonesimulator/GoogleAppMeasurementTarget.o

ConstructStubExecutorLinkFileList /Users/borisserzhanovich/Library/Developer/Xcode/DerivedData/WorkoutTracker-gugjzwqwyjqwbtaovaznehevomif/Build/Intermediates.noindex/WorkoutTracker.build/Debug-iphonesimulator/StatsWidgetExtension.build/StatsWidgetExtension-ExecutorLinkFileList-normal-arm64.txt (in target 'StatsWidgetExtension' from project 'WorkoutTracker')
    cd /Users/borisserzhanovich/projects/Workout/WorkoutTracker\ copy
    construct-stub-executor-link-file-list /Users/borisserzhanovich/Library/Developer/Xcode/DerivedData/WorkoutTracker-gugjzwqwyjqwbtaovaznehevomif/Build/Products/Debug-iphonesimulator/StatsWidgetExtension.appex/StatsWidgetExtension.debug.dylib /Applications/Xcode.app/Contents/Developer/Platforms/iPhoneSimulator.platform/Developer/usr/lib/libPreviewsJITStubExecutor_no_swift_entry_point.a /Applications/Xcode.app/Contents/Developer/Platforms/iPhoneSimulator.platform/Developer/usr/lib/libPreviewsJITStubExecutor.a --output /Users/borisserzhanovich/Library/Developer/Xcode/DerivedData/WorkoutTracker-gugjzwqwyjqwbtaovaznehevomif/Build/Intermediates.noindex/WorkoutTracker.build/Debug-iphonesimulator/StatsWidgetExtension.build/StatsWidgetExtension-ExecutorLinkFileList-normal-arm64.txt
note: Using stub executor library with Swift entry point. (in target 'StatsWidgetExtension' from project 'WorkoutTracker')

CreateUniversalBinary /Users/borisserzhanovich/Library/Developer/Xcode/DerivedData/WorkoutTracker-gugjzwqwyjqwbtaovaznehevomif/Build/Products/Debug-watchsimulator/WorkoutTrackerWatch\ Watch\ App.app/WorkoutTrackerWatch\ Watch\ App normal arm64\ x86_64 (in target 'WorkoutTrackerWatch Watch App' from project 'WorkoutTracker')
    cd /Users/borisserzhanovich/projects/Workout/WorkoutTracker\ copy
    /Applications/Xcode.app/Contents/Developer/Toolchains/XcodeDefault.xctoolchain/usr/bin/lipo -create /Users/borisserzhanovich/Library/Developer/Xcode/DerivedData/WorkoutTracker-gugjzwqwyjqwbtaovaznehevomif/Build/Intermediates.noindex/WorkoutTracker.build/Debug-watchsimulator/WorkoutTrackerWatch\ Watch\ App.build/Objects-normal/arm64/Binary/WorkoutTrackerWatch\ Watch\ App /Users/borisserzhanovich/Library/Developer/Xcode/DerivedData/WorkoutTracker-gugjzwqwyjqwbtaovaznehevomif/Build/Intermediates.noindex/WorkoutTracker.build/Debug-watchsimulator/WorkoutTrackerWatch\ Watch\ App.build/Objects-normal/x86_64/Binary/WorkoutTrackerWatch\ Watch\ App -output /Users/borisserzhanovich/Library/Developer/Xcode/DerivedData/WorkoutTracker-gugjzwqwyjqwbtaovaznehevomif/Build/Products/Debug-watchsimulator/WorkoutTrackerWatch\ Watch\ App.app/WorkoutTrackerWatch\ Watch\ App

Ld /Users/borisserzhanovich/Library/Developer/Xcode/DerivedData/WorkoutTracker-gugjzwqwyjqwbtaovaznehevomif/Build/Products/Debug-iphonesimulator/FirebaseInstallations.o normal (in target 'FirebaseInstallations' from project 'Firebase')
    cd /Users/borisserzhanovich/Library/Developer/Xcode/DerivedData/WorkoutTracker-gugjzwqwyjqwbtaovaznehevomif/SourcePackages/checkouts/firebase-ios-sdk
    /Applications/Xcode.app/Contents/Developer/Toolchains/XcodeDefault.xctoolchain/usr/bin/clang -Xlinker -reproducible -target arm64-apple-ios15.0-simulator -r -isysroot /Applications/Xcode.app/Contents/Developer/Platforms/iPhoneSimulator.platform/Developer/SDKs/iPhoneSimulator26.2.sdk -O0 -w -L/Users/borisserzhanovich/Library/Developer/Xcode/DerivedData/WorkoutTracker-gugjzwqwyjqwbtaovaznehevomif/Build/Intermediates.noindex/EagerLinkingTBDs/Debug-iphonesimulator -L/Users/borisserzhanovich/Library/Developer/Xcode/DerivedData/WorkoutTracker-gugjzwqwyjqwbtaovaznehevomif/Build/Products/Debug-iphonesimulator -L/Applications/Xcode.app/Contents/Developer/Platforms/iPhoneSimulator.platform/Developer/usr/lib -F/Users/borisserzhanovich/Library/Developer/Xcode/DerivedData/WorkoutTracker-gugjzwqwyjqwbtaovaznehevomif/Build/Intermediates.noindex/EagerLinkingTBDs/Debug-iphonesimulator -F/Users/borisserzhanovich/Library/Developer/Xcode/DerivedData/WorkoutTracker-gugjzwqwyjqwbtaovaznehevomif/Build/Products/Debug-iphonesimulator/PackageFrameworks -F/Users/borisserzhanovich/Library/Developer/Xcode/DerivedData/WorkoutTracker-gugjzwqwyjqwbtaovaznehevomif/Build/Products/Debug-iphonesimulator/PackageFrameworks -F/Users/borisserzhanovich/Library/Developer/Xcode/DerivedData/WorkoutTracker-gugjzwqwyjqwbtaovaznehevomif/Build/Products/Debug-iphonesimulator/PackageFrameworks -F/Users/borisserzhanovich/Library/Developer/Xcode/DerivedData/WorkoutTracker-gugjzwqwyjqwbtaovaznehevomif/Build/Products/Debug-iphonesimulator/PackageFrameworks -F/Users/borisserzhanovich/Library/Developer/Xcode/DerivedData/WorkoutTracker-gugjzwqwyjqwbtaovaznehevomif/Build/Products/Debug-iphonesimulator/PackageFrameworks -F/Users/borisserzhanovich/Library/Developer/Xcode/DerivedData/WorkoutTracker-gugjzwqwyjqwbtaovaznehevomif/Build/Products/Debug-iphonesimulator/PackageFrameworks -F/Users/borisserzhanovich/Library/Developer/Xcode/DerivedData/WorkoutTracker-gugjzwqwyjqwbtaovaznehevomif/Build/Products/Debug-iphonesimulator/PackageFrameworks -F/Users/borisserzhanovich/Library/Developer/Xcode/DerivedData/WorkoutTracker-gugjzwqwyjqwbtaovaznehevomif/Build/Products/Debug-iphonesimulator/PackageFrameworks -F/Users/borisserzhanovich/Library/Developer/Xcode/DerivedData/WorkoutTracker-gugjzwqwyjqwbtaovaznehevomif/Build/Products/Debug-iphonesimulator/PackageFrameworks -F/Users/borisserzhanovich/Library/Developer/Xcode/DerivedData/WorkoutTracker-gugjzwqwyjqwbtaovaznehevomif/Build/Products/Debug-iphonesimulator -iframework /Applications/Xcode.app/Contents/Developer/Platforms/iPhoneSimulator.platform/Developer/Library/Frameworks -iframework /Applications/Xcode.app/Contents/Developer/Platforms/iPhoneSimulator.platform/Developer/SDKs/iPhoneSimulator26.2.sdk/Developer/Library/Frameworks -filelist /Users/borisserzhanovich/Library/Developer/Xcode/DerivedData/WorkoutTracker-gugjzwqwyjqwbtaovaznehevomif/Build/Intermediates.noindex/Firebase.build/Debug-iphonesimulator/FirebaseInstallations.build/Objects-normal/arm64/FirebaseInstallations.LinkFileList -nostdlib -Xlinker -object_path_lto -Xlinker /Users/borisserzhanovich/Library/Developer/Xcode/DerivedData/WorkoutTracker-gugjzwqwyjqwbtaovaznehevomif/Build/Intermediates.noindex/Firebase.build/Debug-iphonesimulator/FirebaseInstallations.build/Objects-normal/arm64/FirebaseInstallations_lto.o -rdynamic -Xlinker -no_deduplicate -Xlinker -objc_abi_version -Xlinker 2 -Xlinker -dependency_info -Xlinker /Users/borisserzhanovich/Library/Developer/Xcode/DerivedData/WorkoutTracker-gugjzwqwyjqwbtaovaznehevomif/Build/Intermediates.noindex/Firebase.build/Debug-iphonesimulator/FirebaseInstallations.build/Objects-normal/arm64/FirebaseInstallations_dependency_info.dat -fobjc-arc -fobjc-link-runtime -o /Users/borisserzhanovich/Library/Developer/Xcode/DerivedData/WorkoutTracker-gugjzwqwyjqwbtaovaznehevomif/Build/Products/Debug-iphonesimulator/FirebaseInstallations.o

Ld /Users/borisserzhanovich/Library/Developer/Xcode/DerivedData/WorkoutTracker-gugjzwqwyjqwbtaovaznehevomif/Build/Products/Debug-iphonesimulator/StatsWidgetExtension.appex/StatsWidgetExtension normal (in target 'StatsWidgetExtension' from project 'WorkoutTracker')
    cd /Users/borisserzhanovich/projects/Workout/WorkoutTracker\ copy
    /Applications/Xcode.app/Contents/Developer/Toolchains/XcodeDefault.xctoolchain/usr/bin/clang -Xlinker -reproducible -target arm64-apple-ios17.6-simulator -isysroot /Applications/Xcode.app/Contents/Developer/Platforms/iPhoneSimulator.platform/Developer/SDKs/iPhoneSimulator26.2.sdk -O0 -L/Users/borisserzhanovich/Library/Developer/Xcode/DerivedData/WorkoutTracker-gugjzwqwyjqwbtaovaznehevomif/Build/Products/Debug-iphonesimulator -F/Users/borisserzhanovich/Library/Developer/Xcode/DerivedData/WorkoutTracker-gugjzwqwyjqwbtaovaznehevomif/Build/Products/Debug-iphonesimulator -Xlinker -rpath -Xlinker @executable_path -Xlinker -rpath -Xlinker @executable_path/Frameworks -Xlinker -rpath -Xlinker @executable_path/../../Frameworks -rdynamic -Xlinker -no_deduplicate -Xlinker -objc_abi_version -Xlinker 2 -e ___debug_blank_executor_main -Xlinker -sectcreate -Xlinker __TEXT -Xlinker __debug_dylib -Xlinker /Users/borisserzhanovich/Library/Developer/Xcode/DerivedData/WorkoutTracker-gugjzwqwyjqwbtaovaznehevomif/Build/Intermediates.noindex/WorkoutTracker.build/Debug-iphonesimulator/StatsWidgetExtension.build/StatsWidgetExtension-DebugDylibPath-normal-arm64.txt -Xlinker -sectcreate -Xlinker __TEXT -Xlinker __debug_entry -Xlinker /Users/borisserzhanovich/Library/Developer/Xcode/DerivedData/WorkoutTracker-gugjzwqwyjqwbtaovaznehevomif/Build/Intermediates.noindex/WorkoutTracker.build/Debug-iphonesimulator/StatsWidgetExtension.build/StatsWidgetExtension-DebugEntryPoint-normal-arm64.txt -Xlinker -sectcreate -Xlinker __TEXT -Xlinker __debug_instlnm -Xlinker /Users/borisserzhanovich/Library/Developer/Xcode/DerivedData/WorkoutTracker-gugjzwqwyjqwbtaovaznehevomif/Build/Intermediates.noindex/WorkoutTracker.build/Debug-iphonesimulator/StatsWidgetExtension.build/StatsWidgetExtension-DebugDylibInstallName-normal-arm64.txt -Xlinker -filelist -Xlinker /Users/borisserzhanovich/Library/Developer/Xcode/DerivedData/WorkoutTracker-gugjzwqwyjqwbtaovaznehevomif/Build/Intermediates.noindex/WorkoutTracker.build/Debug-iphonesimulator/StatsWidgetExtension.build/StatsWidgetExtension-ExecutorLinkFileList-normal-arm64.txt -Xlinker -sectcreate -Xlinker __TEXT -Xlinker __entitlements -Xlinker /Users/borisserzhanovich/Library/Developer/Xcode/DerivedData/WorkoutTracker-gugjzwqwyjqwbtaovaznehevomif/Build/Intermediates.noindex/WorkoutTracker.build/Debug-iphonesimulator/StatsWidgetExtension.build/StatsWidgetExtension.appex-Simulated.xcent -Xlinker -sectcreate -Xlinker __TEXT -Xlinker __ents_der -Xlinker /Users/borisserzhanovich/Library/Developer/Xcode/DerivedData/WorkoutTracker-gugjzwqwyjqwbtaovaznehevomif/Build/Intermediates.noindex/WorkoutTracker.build/Debug-iphonesimulator/StatsWidgetExtension.build/StatsWidgetExtension.appex-Simulated.xcent.der /Users/borisserzhanovich/Library/Developer/Xcode/DerivedData/WorkoutTracker-gugjzwqwyjqwbtaovaznehevomif/Build/Products/Debug-iphonesimulator/StatsWidgetExtension.appex/StatsWidgetExtension.debug.dylib -Xlinker -no_adhoc_codesign -o /Users/borisserzhanovich/Library/Developer/Xcode/DerivedData/WorkoutTracker-gugjzwqwyjqwbtaovaznehevomif/Build/Products/Debug-iphonesimulator/StatsWidgetExtension.appex/StatsWidgetExtension

Ld /Users/borisserzhanovich/Library/Developer/Xcode/DerivedData/WorkoutTracker-gugjzwqwyjqwbtaovaznehevomif/Build/Products/Debug-iphonesimulator/FirebaseAppCheck.o normal (in target 'FirebaseAppCheck' from project 'Firebase')
    cd /Users/borisserzhanovich/Library/Developer/Xcode/DerivedData/WorkoutTracker-gugjzwqwyjqwbtaovaznehevomif/SourcePackages/checkouts/firebase-ios-sdk
    /Applications/Xcode.app/Contents/Developer/Toolchains/XcodeDefault.xctoolchain/usr/bin/clang -Xlinker -reproducible -target arm64-apple-ios15.0-simulator -r -isysroot /Applications/Xcode.app/Contents/Developer/Platforms/iPhoneSimulator.platform/Developer/SDKs/iPhoneSimulator26.2.sdk -O0 -w -L/Users/borisserzhanovich/Library/Developer/Xcode/DerivedData/WorkoutTracker-gugjzwqwyjqwbtaovaznehevomif/Build/Intermediates.noindex/EagerLinkingTBDs/Debug-iphonesimulator -L/Users/borisserzhanovich/Library/Developer/Xcode/DerivedData/WorkoutTracker-gugjzwqwyjqwbtaovaznehevomif/Build/Products/Debug-iphonesimulator -L/Applications/Xcode.app/Contents/Developer/Platforms/iPhoneSimulator.platform/Developer/usr/lib -F/Users/borisserzhanovich/Library/Developer/Xcode/DerivedData/WorkoutTracker-gugjzwqwyjqwbtaovaznehevomif/Build/Intermediates.noindex/EagerLinkingTBDs/Debug-iphonesimulator -F/Users/borisserzhanovich/Library/Developer/Xcode/DerivedData/WorkoutTracker-gugjzwqwyjqwbtaovaznehevomif/Build/Products/Debug-iphonesimulator/PackageFrameworks -F/Users/borisserzhanovich/Library/Developer/Xcode/DerivedData/WorkoutTracker-gugjzwqwyjqwbtaovaznehevomif/Build/Products/Debug-iphonesimulator/PackageFrameworks -F/Users/borisserzhanovich/Library/Developer/Xcode/DerivedData/WorkoutTracker-gugjzwqwyjqwbtaovaznehevomif/Build/Products/Debug-iphonesimulator/PackageFrameworks -F/Users/borisserzhanovich/Library/Developer/Xcode/DerivedData/WorkoutTracker-gugjzwqwyjqwbtaovaznehevomif/Build/Products/Debug-iphonesimulator/PackageFrameworks -F/Users/borisserzhanovich/Library/Developer/Xcode/DerivedData/WorkoutTracker-gugjzwqwyjqwbtaovaznehevomif/Build/Products/Debug-iphonesimulator/PackageFrameworks -F/Users/borisserzhanovich/Library/Developer/Xcode/DerivedData/WorkoutTracker-gugjzwqwyjqwbtaovaznehevomif/Build/Products/Debug-iphonesimulator/PackageFrameworks -F/Users/borisserzhanovich/Library/Developer/Xcode/DerivedData/WorkoutTracker-gugjzwqwyjqwbtaovaznehevomif/Build/Products/Debug-iphonesimulator/PackageFrameworks -F/Users/borisserzhanovich/Library/Developer/Xcode/DerivedData/WorkoutTracker-gugjzwqwyjqwbtaovaznehevomif/Build/Products/Debug-iphonesimulator/PackageFrameworks -F/Users/borisserzhanovich/Library/Developer/Xcode/DerivedData/WorkoutTracker-gugjzwqwyjqwbtaovaznehevomif/Build/Products/Debug-iphonesimulator/PackageFrameworks -F/Users/borisserzhanovich/Library/Developer/Xcode/DerivedData/WorkoutTracker-gugjzwqwyjqwbtaovaznehevomif/Build/Products/Debug-iphonesimulator/PackageFrameworks -F/Users/borisserzhanovich/Library/Developer/Xcode/DerivedData/WorkoutTracker-gugjzwqwyjqwbtaovaznehevomif/Build/Products/Debug-iphonesimulator/PackageFrameworks -F/Users/borisserzhanovich/Library/Developer/Xcode/DerivedData/WorkoutTracker-gugjzwqwyjqwbtaovaznehevomif/Build/Products/Debug-iphonesimulator -iframework /Applications/Xcode.app/Contents/Developer/Platforms/iPhoneSimulator.platform/Developer/Library/Frameworks -iframework /Applications/Xcode.app/Contents/Developer/Platforms/iPhoneSimulator.platform/Developer/SDKs/iPhoneSimulator26.2.sdk/Developer/Library/Frameworks -filelist /Users/borisserzhanovich/Library/Developer/Xcode/DerivedData/WorkoutTracker-gugjzwqwyjqwbtaovaznehevomif/Build/Intermediates.noindex/Firebase.build/Debug-iphonesimulator/FirebaseAppCheck.build/Objects-normal/arm64/FirebaseAppCheck.LinkFileList -nostdlib -Xlinker -object_path_lto -Xlinker /Users/borisserzhanovich/Library/Developer/Xcode/DerivedData/WorkoutTracker-gugjzwqwyjqwbtaovaznehevomif/Build/Intermediates.noindex/Firebase.build/Debug-iphonesimulator/FirebaseAppCheck.build/Objects-normal/arm64/FirebaseAppCheck_lto.o -rdynamic -Xlinker -no_deduplicate -Xlinker -objc_abi_version -Xlinker 2 -Xlinker -dependency_info -Xlinker /Users/borisserzhanovich/Library/Developer/Xcode/DerivedData/WorkoutTracker-gugjzwqwyjqwbtaovaznehevomif/Build/Intermediates.noindex/Firebase.build/Debug-iphonesimulator/FirebaseAppCheck.build/Objects-normal/arm64/FirebaseAppCheck_dependency_info.dat -fobjc-arc -fobjc-link-runtime -o /Users/borisserzhanovich/Library/Developer/Xcode/DerivedData/WorkoutTracker-gugjzwqwyjqwbtaovaznehevomif/Build/Products/Debug-iphonesimulator/FirebaseAppCheck.o

Ld /Users/borisserzhanovich/Library/Developer/Xcode/DerivedData/WorkoutTracker-gugjzwqwyjqwbtaovaznehevomif/Build/Products/Debug-iphonesimulator/FirebaseABTesting.o normal (in target 'FirebaseABTesting' from project 'Firebase')
    cd /Users/borisserzhanovich/Library/Developer/Xcode/DerivedData/WorkoutTracker-gugjzwqwyjqwbtaovaznehevomif/SourcePackages/checkouts/firebase-ios-sdk
    /Applications/Xcode.app/Contents/Developer/Toolchains/XcodeDefault.xctoolchain/usr/bin/clang -Xlinker -reproducible -target arm64-apple-ios15.0-simulator -r -isysroot /Applications/Xcode.app/Contents/Developer/Platforms/iPhoneSimulator.platform/Developer/SDKs/iPhoneSimulator26.2.sdk -O0 -w -L/Users/borisserzhanovich/Library/Developer/Xcode/DerivedData/WorkoutTracker-gugjzwqwyjqwbtaovaznehevomif/Build/Intermediates.noindex/EagerLinkingTBDs/Debug-iphonesimulator -L/Users/borisserzhanovich/Library/Developer/Xcode/DerivedData/WorkoutTracker-gugjzwqwyjqwbtaovaznehevomif/Build/Products/Debug-iphonesimulator -L/Applications/Xcode.app/Contents/Developer/Platforms/iPhoneSimulator.platform/Developer/usr/lib -F/Users/borisserzhanovich/Library/Developer/Xcode/DerivedData/WorkoutTracker-gugjzwqwyjqwbtaovaznehevomif/Build/Intermediates.noindex/EagerLinkingTBDs/Debug-iphonesimulator -F/Users/borisserzhanovich/Library/Developer/Xcode/DerivedData/WorkoutTracker-gugjzwqwyjqwbtaovaznehevomif/Build/Products/Debug-iphonesimulator/PackageFrameworks -F/Users/borisserzhanovich/Library/Developer/Xcode/DerivedData/WorkoutTracker-gugjzwqwyjqwbtaovaznehevomif/Build/Products/Debug-iphonesimulator/PackageFrameworks -F/Users/borisserzhanovich/Library/Developer/Xcode/DerivedData/WorkoutTracker-gugjzwqwyjqwbtaovaznehevomif/Build/Products/Debug-iphonesimulator/PackageFrameworks -F/Users/borisserzhanovich/Library/Developer/Xcode/DerivedData/WorkoutTracker-gugjzwqwyjqwbtaovaznehevomif/Build/Products/Debug-iphonesimulator/PackageFrameworks -F/Users/borisserzhanovich/Library/Developer/Xcode/DerivedData/WorkoutTracker-gugjzwqwyjqwbtaovaznehevomif/Build/Products/Debug-iphonesimulator/PackageFrameworks -F/Users/borisserzhanovich/Library/Developer/Xcode/DerivedData/WorkoutTracker-gugjzwqwyjqwbtaovaznehevomif/Build/Products/Debug-iphonesimulator/PackageFrameworks -F/Users/borisserzhanovich/Library/Developer/Xcode/DerivedData/WorkoutTracker-gugjzwqwyjqwbtaovaznehevomif/Build/Products/Debug-iphonesimulator/PackageFrameworks -F/Users/borisserzhanovich/Library/Developer/Xcode/DerivedData/WorkoutTracker-gugjzwqwyjqwbtaovaznehevomif/Build/Products/Debug-iphonesimulator -iframework /Applications/Xcode.app/Contents/Developer/Platforms/iPhoneSimulator.platform/Developer/Library/Frameworks -iframework /Applications/Xcode.app/Contents/Developer/Platforms/iPhoneSimulator.platform/Developer/SDKs/iPhoneSimulator26.2.sdk/Developer/Library/Frameworks -filelist /Users/borisserzhanovich/Library/Developer/Xcode/DerivedData/WorkoutTracker-gugjzwqwyjqwbtaovaznehevomif/Build/Intermediates.noindex/Firebase.build/Debug-iphonesimulator/FirebaseABTesting.build/Objects-normal/arm64/FirebaseABTesting.LinkFileList -nostdlib -Xlinker -object_path_lto -Xlinker /Users/borisserzhanovich/Library/Developer/Xcode/DerivedData/WorkoutTracker-gugjzwqwyjqwbtaovaznehevomif/Build/Intermediates.noindex/Firebase.build/Debug-iphonesimulator/FirebaseABTesting.build/Objects-normal/arm64/FirebaseABTesting_lto.o -rdynamic -Xlinker -no_deduplicate -Xlinker -objc_abi_version -Xlinker 2 -Xlinker -dependency_info -Xlinker /Users/borisserzhanovich/Library/Developer/Xcode/DerivedData/WorkoutTracker-gugjzwqwyjqwbtaovaznehevomif/Build/Intermediates.noindex/Firebase.build/Debug-iphonesimulator/FirebaseABTesting.build/Objects-normal/arm64/FirebaseABTesting_dependency_info.dat -fobjc-arc -fobjc-link-runtime -o /Users/borisserzhanovich/Library/Developer/Xcode/DerivedData/WorkoutTracker-gugjzwqwyjqwbtaovaznehevomif/Build/Products/Debug-iphonesimulator/FirebaseABTesting.o

ExtractAppIntentsMetadata (in target 'WorkoutTrackerWatch Watch App' from project 'WorkoutTracker')
    cd /Users/borisserzhanovich/projects/Workout/WorkoutTracker\ copy
    /Applications/Xcode.app/Contents/Developer/Toolchains/XcodeDefault.xctoolchain/usr/bin/appintentsmetadataprocessor --toolchain-dir /Applications/Xcode.app/Contents/Developer/Toolchains/XcodeDefault.xctoolchain --module-name WorkoutTrackerWatch_Watch_App --sdk-root /Applications/Xcode.app/Contents/Developer/Platforms/WatchSimulator.platform/Developer/SDKs/WatchSimulator26.2.sdk --xcode-version 17C529 --platform-family watchOS --deployment-target 11.6 --bundle-identifier com.borisdev.WorkoutTracker.watchapp2026 --output /Users/borisserzhanovich/Library/Developer/Xcode/DerivedData/WorkoutTracker-gugjzwqwyjqwbtaovaznehevomif/Build/Products/Debug-watchsimulator/WorkoutTrackerWatch\ Watch\ App.app --target-triple arm64-apple-watchos11.6-simulator --target-triple x86_64-apple-watchos11.6-simulator --binary-file /Users/borisserzhanovich/Library/Developer/Xcode/DerivedData/WorkoutTracker-gugjzwqwyjqwbtaovaznehevomif/Build/Products/Debug-watchsimulator/WorkoutTrackerWatch\ Watch\ App.app/WorkoutTrackerWatch\ Watch\ App --dependency-file /Users/borisserzhanovich/Library/Developer/Xcode/DerivedData/WorkoutTracker-gugjzwqwyjqwbtaovaznehevomif/Build/Intermediates.noindex/WorkoutTracker.build/Debug-watchsimulator/WorkoutTrackerWatch\ Watch\ App.build/Objects-normal/arm64/WorkoutTrackerWatch\ Watch\ App_dependency_info.dat --dependency-file /Users/borisserzhanovich/Library/Developer/Xcode/DerivedData/WorkoutTracker-gugjzwqwyjqwbtaovaznehevomif/Build/Intermediates.noindex/WorkoutTracker.build/Debug-watchsimulator/WorkoutTrackerWatch\ Watch\ App.build/Objects-normal/x86_64/WorkoutTrackerWatch\ Watch\ App_dependency_info.dat --stringsdata-file /Users/borisserzhanovich/Library/Developer/Xcode/DerivedData/WorkoutTracker-gugjzwqwyjqwbtaovaznehevomif/Build/Intermediates.noindex/WorkoutTracker.build/Debug-watchsimulator/WorkoutTrackerWatch\ Watch\ App.build/Objects-normal/arm64/ExtractedAppShortcutsMetadata.stringsdata --stringsdata-file /Users/borisserzhanovich/Library/Developer/Xcode/DerivedData/WorkoutTracker-gugjzwqwyjqwbtaovaznehevomif/Build/Intermediates.noindex/WorkoutTracker.build/Debug-watchsimulator/WorkoutTrackerWatch\ Watch\ App.build/Objects-normal/x86_64/ExtractedAppShortcutsMetadata.stringsdata --source-file-list /Users/borisserzhanovich/Library/Developer/Xcode/DerivedData/WorkoutTracker-gugjzwqwyjqwbtaovaznehevomif/Build/Intermediates.noindex/WorkoutTracker.build/Debug-watchsimulator/WorkoutTrackerWatch\ Watch\ App.build/Objects-normal/arm64/WorkoutTrackerWatch\ Watch\ App.SwiftFileList --source-file-list /Users/borisserzhanovich/Library/Developer/Xcode/DerivedData/WorkoutTracker-gugjzwqwyjqwbtaovaznehevomif/Build/Intermediates.noindex/WorkoutTracker.build/Debug-watchsimulator/WorkoutTrackerWatch\ Watch\ App.build/Objects-normal/x86_64/WorkoutTrackerWatch\ Watch\ App.SwiftFileList --metadata-file-list /Users/borisserzhanovich/Library/Developer/Xcode/DerivedData/WorkoutTracker-gugjzwqwyjqwbtaovaznehevomif/Build/Intermediates.noindex/WorkoutTracker.build/Debug-watchsimulator/WorkoutTrackerWatch\ Watch\ App.build/WorkoutTrackerWatch\ Watch\ App.DependencyMetadataFileList --static-metadata-file-list /Users/borisserzhanovich/Library/Developer/Xcode/DerivedData/WorkoutTracker-gugjzwqwyjqwbtaovaznehevomif/Build/Intermediates.noindex/WorkoutTracker.build/Debug-watchsimulator/WorkoutTrackerWatch\ Watch\ App.build/WorkoutTrackerWatch\ Watch\ App.DependencyStaticMetadataFileList --swift-const-vals-list /Users/borisserzhanovich/Library/Developer/Xcode/DerivedData/WorkoutTracker-gugjzwqwyjqwbtaovaznehevomif/Build/Intermediates.noindex/WorkoutTracker.build/Debug-watchsimulator/WorkoutTrackerWatch\ Watch\ App.build/Objects-normal/arm64/WorkoutTrackerWatch\ Watch\ App.SwiftConstValuesFileList --swift-const-vals-list /Users/borisserzhanovich/Library/Developer/Xcode/DerivedData/WorkoutTracker-gugjzwqwyjqwbtaovaznehevomif/Build/Intermediates.noindex/WorkoutTracker.build/Debug-watchsimulator/WorkoutTrackerWatch\ Watch\ App.build/Objects-normal/x86_64/WorkoutTrackerWatch\ Watch\ App.SwiftConstValuesFileList --compile-time-extraction --deployment-aware-processing --validate-assistant-intents --no-app-shortcuts-localization
2026-06-13 22:32:15.772 appintentsmetadataprocessor[58368:10976625] Starting appintentsmetadataprocessor export
2026-06-13 22:32:15.773 appintentsmetadataprocessor[58368:10976625] warning: Metadata extraction skipped. No AppIntents.framework dependency found.

CopySwiftLibs /Users/borisserzhanovich/Library/Developer/Xcode/DerivedData/WorkoutTracker-gugjzwqwyjqwbtaovaznehevomif/Build/Products/Debug-watchsimulator/WorkoutTrackerWatch\ Watch\ App.app (in target 'WorkoutTrackerWatch Watch App' from project 'WorkoutTracker')
    cd /Users/borisserzhanovich/projects/Workout/WorkoutTracker\ copy
    builtin-swiftStdLibTool --copy --verbose --sign - --scan-executable /Users/borisserzhanovich/Library/Developer/Xcode/DerivedData/WorkoutTracker-gugjzwqwyjqwbtaovaznehevomif/Build/Products/Debug-watchsimulator/WorkoutTrackerWatch\ Watch\ App.app/WorkoutTrackerWatch\ Watch\ App.debug.dylib --scan-folder /Users/borisserzhanovich/Library/Developer/Xcode/DerivedData/WorkoutTracker-gugjzwqwyjqwbtaovaznehevomif/Build/Products/Debug-watchsimulator/WorkoutTrackerWatch\ Watch\ App.app/Frameworks --scan-folder /Users/borisserzhanovich/Library/Developer/Xcode/DerivedData/WorkoutTracker-gugjzwqwyjqwbtaovaznehevomif/Build/Products/Debug-watchsimulator/WorkoutTrackerWatch\ Watch\ App.app/PlugIns --scan-folder /Users/borisserzhanovich/Library/Developer/Xcode/DerivedData/WorkoutTracker-gugjzwqwyjqwbtaovaznehevomif/Build/Products/Debug-watchsimulator/WorkoutTrackerWatch\ Watch\ App.app/SystemExtensions --scan-folder /Users/borisserzhanovich/Library/Developer/Xcode/DerivedData/WorkoutTracker-gugjzwqwyjqwbtaovaznehevomif/Build/Products/Debug-watchsimulator/WorkoutTrackerWatch\ Watch\ App.app/Extensions --platform watchsimulator --toolchain /Applications/Xcode.app/Contents/Developer/Toolchains/XcodeDefault.xctoolchain --destination /Users/borisserzhanovich/Library/Developer/Xcode/DerivedData/WorkoutTracker-gugjzwqwyjqwbtaovaznehevomif/Build/Products/Debug-watchsimulator/WorkoutTrackerWatch\ Watch\ App.app/Frameworks --strip-bitcode --strip-bitcode-tool /Applications/Xcode.app/Contents/Developer/Toolchains/XcodeDefault.xctoolchain/usr/bin/bitcode_strip --emit-dependency-info /Users/borisserzhanovich/Library/Developer/Xcode/DerivedData/WorkoutTracker-gugjzwqwyjqwbtaovaznehevomif/Build/Intermediates.noindex/WorkoutTracker.build/Debug-watchsimulator/WorkoutTrackerWatch\ Watch\ App.build/SwiftStdLibToolInputDependencies.dep --filter-for-swift-os --back-deploy-swift-span

ExtractAppIntentsMetadata (in target 'StatsWidgetExtension' from project 'WorkoutTracker')
    cd /Users/borisserzhanovich/projects/Workout/WorkoutTracker\ copy
    /Applications/Xcode.app/Contents/Developer/Toolchains/XcodeDefault.xctoolchain/usr/bin/appintentsmetadataprocessor --toolchain-dir /Applications/Xcode.app/Contents/Developer/Toolchains/XcodeDefault.xctoolchain --module-name StatsWidgetExtension --sdk-root /Applications/Xcode.app/Contents/Developer/Platforms/iPhoneSimulator.platform/Developer/SDKs/iPhoneSimulator26.2.sdk --xcode-version 17C529 --platform-family iOS --deployment-target 17.6 --bundle-identifier com.borisdev.WorkoutTracker.statswidget2026 --output /Users/borisserzhanovich/Library/Developer/Xcode/DerivedData/WorkoutTracker-gugjzwqwyjqwbtaovaznehevomif/Build/Products/Debug-iphonesimulator/StatsWidgetExtension.appex --target-triple arm64-apple-ios17.6-simulator --binary-file /Users/borisserzhanovich/Library/Developer/Xcode/DerivedData/WorkoutTracker-gugjzwqwyjqwbtaovaznehevomif/Build/Products/Debug-iphonesimulator/StatsWidgetExtension.appex/StatsWidgetExtension --dependency-file /Users/borisserzhanovich/Library/Developer/Xcode/DerivedData/WorkoutTracker-gugjzwqwyjqwbtaovaznehevomif/Build/Intermediates.noindex/WorkoutTracker.build/Debug-iphonesimulator/StatsWidgetExtension.build/Objects-normal/arm64/StatsWidgetExtension_dependency_info.dat --stringsdata-file /Users/borisserzhanovich/Library/Developer/Xcode/DerivedData/WorkoutTracker-gugjzwqwyjqwbtaovaznehevomif/Build/Intermediates.noindex/WorkoutTracker.build/Debug-iphonesimulator/StatsWidgetExtension.build/Objects-normal/arm64/ExtractedAppShortcutsMetadata.stringsdata --source-file-list /Users/borisserzhanovich/Library/Developer/Xcode/DerivedData/WorkoutTracker-gugjzwqwyjqwbtaovaznehevomif/Build/Intermediates.noindex/WorkoutTracker.build/Debug-iphonesimulator/StatsWidgetExtension.build/Objects-normal/arm64/StatsWidgetExtension.SwiftFileList --metadata-file-list /Users/borisserzhanovich/Library/Developer/Xcode/DerivedData/WorkoutTracker-gugjzwqwyjqwbtaovaznehevomif/Build/Intermediates.noindex/WorkoutTracker.build/Debug-iphonesimulator/StatsWidgetExtension.build/StatsWidgetExtension.DependencyMetadataFileList --static-metadata-file-list /Users/borisserzhanovich/Library/Developer/Xcode/DerivedData/WorkoutTracker-gugjzwqwyjqwbtaovaznehevomif/Build/Intermediates.noindex/WorkoutTracker.build/Debug-iphonesimulator/StatsWidgetExtension.build/StatsWidgetExtension.DependencyStaticMetadataFileList --swift-const-vals-list /Users/borisserzhanovich/Library/Developer/Xcode/DerivedData/WorkoutTracker-gugjzwqwyjqwbtaovaznehevomif/Build/Intermediates.noindex/WorkoutTracker.build/Debug-iphonesimulator/StatsWidgetExtension.build/Objects-normal/arm64/StatsWidgetExtension.SwiftConstValuesFileList --compile-time-extraction --deployment-aware-processing --validate-assistant-intents --no-app-shortcuts-localization
2026-06-13 22:32:15.782 appintentsmetadataprocessor[58369:10976640] Starting appintentsmetadataprocessor export
2026-06-13 22:32:15.951 appintentsmetadataprocessor[58369:10976640] Writing Metadata.appintents
2026-06-13 22:32:15.951 appintentsmetadataprocessor[58369:10976640] Metadata root: /Users/borisserzhanovich/Library/Developer/Xcode/DerivedData/WorkoutTracker-gugjzwqwyjqwbtaovaznehevomif/Build/Products/Debug-iphonesimulator/StatsWidgetExtension.appex/Metadata.appintents

RegisterExecutionPolicyException /Users/borisserzhanovich/Library/Developer/Xcode/DerivedData/WorkoutTracker-gugjzwqwyjqwbtaovaznehevomif/Build/Products/Debug-iphonesimulator/GoogleAppMeasurementTarget.o (in target 'GoogleAppMeasurementTarget' from project 'GoogleAppMeasurement')
    cd /Users/borisserzhanovich/Library/Developer/Xcode/DerivedData/WorkoutTracker-gugjzwqwyjqwbtaovaznehevomif/SourcePackages/checkouts/GoogleAppMeasurement
    builtin-RegisterExecutionPolicyException /Users/borisserzhanovich/Library/Developer/Xcode/DerivedData/WorkoutTracker-gugjzwqwyjqwbtaovaznehevomif/Build/Products/Debug-iphonesimulator/GoogleAppMeasurementTarget.o

RegisterExecutionPolicyException /Users/borisserzhanovich/Library/Developer/Xcode/DerivedData/WorkoutTracker-gugjzwqwyjqwbtaovaznehevomif/Build/Products/Debug-iphonesimulator/FirebaseInstallations.o (in target 'FirebaseInstallations' from project 'Firebase')
    cd /Users/borisserzhanovich/Library/Developer/Xcode/DerivedData/WorkoutTracker-gugjzwqwyjqwbtaovaznehevomif/SourcePackages/checkouts/firebase-ios-sdk
    builtin-RegisterExecutionPolicyException /Users/borisserzhanovich/Library/Developer/Xcode/DerivedData/WorkoutTracker-gugjzwqwyjqwbtaovaznehevomif/Build/Products/Debug-iphonesimulator/FirebaseInstallations.o

RegisterExecutionPolicyException /Users/borisserzhanovich/Library/Developer/Xcode/DerivedData/WorkoutTracker-gugjzwqwyjqwbtaovaznehevomif/Build/Products/Debug-iphonesimulator/FirebaseCoreExtension.o (in target 'FirebaseCoreExtension' from project 'Firebase')
    cd /Users/borisserzhanovich/Library/Developer/Xcode/DerivedData/WorkoutTracker-gugjzwqwyjqwbtaovaznehevomif/SourcePackages/checkouts/firebase-ios-sdk
    builtin-RegisterExecutionPolicyException /Users/borisserzhanovich/Library/Developer/Xcode/DerivedData/WorkoutTracker-gugjzwqwyjqwbtaovaznehevomif/Build/Products/Debug-iphonesimulator/FirebaseCoreExtension.o

CodeSign /Users/borisserzhanovich/Library/Developer/Xcode/DerivedData/WorkoutTracker-gugjzwqwyjqwbtaovaznehevomif/Build/Products/Debug-watchsimulator/WorkoutTrackerWatch\ Watch\ App.app/WorkoutTrackerWatch\ Watch\ App.debug.dylib (in target 'WorkoutTrackerWatch Watch App' from project 'WorkoutTracker')
    cd /Users/borisserzhanovich/projects/Workout/WorkoutTracker\ copy
    
    Signing Identity:     "Sign to Run Locally"
    
    /usr/bin/codesign --force --sign - --timestamp\=none --generate-entitlement-der /Users/borisserzhanovich/Library/Developer/Xcode/DerivedData/WorkoutTracker-gugjzwqwyjqwbtaovaznehevomif/Build/Products/Debug-watchsimulator/WorkoutTrackerWatch\ Watch\ App.app/WorkoutTrackerWatch\ Watch\ App.debug.dylib

RegisterExecutionPolicyException /Users/borisserzhanovich/Library/Developer/Xcode/DerivedData/WorkoutTracker-gugjzwqwyjqwbtaovaznehevomif/Build/Products/Debug-iphonesimulator/FirebaseAppCheck.o (in target 'FirebaseAppCheck' from project 'Firebase')
    cd /Users/borisserzhanovich/Library/Developer/Xcode/DerivedData/WorkoutTracker-gugjzwqwyjqwbtaovaznehevomif/SourcePackages/checkouts/firebase-ios-sdk
    builtin-RegisterExecutionPolicyException /Users/borisserzhanovich/Library/Developer/Xcode/DerivedData/WorkoutTracker-gugjzwqwyjqwbtaovaznehevomif/Build/Products/Debug-iphonesimulator/FirebaseAppCheck.o

Ld /Users/borisserzhanovich/Library/Developer/Xcode/DerivedData/WorkoutTracker-gugjzwqwyjqwbtaovaznehevomif/Build/Products/Debug-iphonesimulator/FirebaseAnalyticsWrapper.o normal (in target 'FirebaseAnalyticsWrapper' from project 'Firebase')
    cd /Users/borisserzhanovich/Library/Developer/Xcode/DerivedData/WorkoutTracker-gugjzwqwyjqwbtaovaznehevomif/SourcePackages/checkouts/firebase-ios-sdk
    /Applications/Xcode.app/Contents/Developer/Toolchains/XcodeDefault.xctoolchain/usr/bin/clang -Xlinker -reproducible -target arm64-apple-ios15.0-simulator -r -isysroot /Applications/Xcode.app/Contents/Developer/Platforms/iPhoneSimulator.platform/Developer/SDKs/iPhoneSimulator26.2.sdk -O0 -w -L/Users/borisserzhanovich/Library/Developer/Xcode/DerivedData/WorkoutTracker-gugjzwqwyjqwbtaovaznehevomif/Build/Intermediates.noindex/EagerLinkingTBDs/Debug-iphonesimulator -L/Users/borisserzhanovich/Library/Developer/Xcode/DerivedData/WorkoutTracker-gugjzwqwyjqwbtaovaznehevomif/Build/Products/Debug-iphonesimulator -L/Applications/Xcode.app/Contents/Developer/Platforms/iPhoneSimulator.platform/Developer/usr/lib -F/Users/borisserzhanovich/Library/Developer/Xcode/DerivedData/WorkoutTracker-gugjzwqwyjqwbtaovaznehevomif/Build/Intermediates.noindex/EagerLinkingTBDs/Debug-iphonesimulator -F/Users/borisserzhanovich/Library/Developer/Xcode/DerivedData/WorkoutTracker-gugjzwqwyjqwbtaovaznehevomif/Build/Products/Debug-iphonesimulator/PackageFrameworks -F/Users/borisserzhanovich/Library/Developer/Xcode/DerivedData/WorkoutTracker-gugjzwqwyjqwbtaovaznehevomif/Build/Products/Debug-iphonesimulator/PackageFrameworks -F/Users/borisserzhanovich/Library/Developer/Xcode/DerivedData/WorkoutTracker-gugjzwqwyjqwbtaovaznehevomif/Build/Products/Debug-iphonesimulator/PackageFrameworks -F/Users/borisserzhanovich/Library/Developer/Xcode/DerivedData/WorkoutTracker-gugjzwqwyjqwbtaovaznehevomif/Build/Products/Debug-iphonesimulator/PackageFrameworks -F/Users/borisserzhanovich/Library/Developer/Xcode/DerivedData/WorkoutTracker-gugjzwqwyjqwbtaovaznehevomif/Build/Products/Debug-iphonesimulator/PackageFrameworks -F/Users/borisserzhanovich/Library/Developer/Xcode/DerivedData/WorkoutTracker-gugjzwqwyjqwbtaovaznehevomif/Build/Products/Debug-iphonesimulator/PackageFrameworks -F/Users/borisserzhanovich/Library/Developer/Xcode/DerivedData/WorkoutTracker-gugjzwqwyjqwbtaovaznehevomif/Build/Products/Debug-iphonesimulator/PackageFrameworks -F/Users/borisserzhanovich/Library/Developer/Xcode/DerivedData/WorkoutTracker-gugjzwqwyjqwbtaovaznehevomif/Build/Products/Debug-iphonesimulator/PackageFrameworks -F/Users/borisserzhanovich/Library/Developer/Xcode/DerivedData/WorkoutTracker-gugjzwqwyjqwbtaovaznehevomif/Build/Products/Debug-iphonesimulator/PackageFrameworks -F/Users/borisserzhanovich/Library/Developer/Xcode/DerivedData/WorkoutTracker-gugjzwqwyjqwbtaovaznehevomif/Build/Products/Debug-iphonesimulator/PackageFrameworks -F/Users/borisserzhanovich/Library/Developer/Xcode/DerivedData/WorkoutTracker-gugjzwqwyjqwbtaovaznehevomif/Build/Products/Debug-iphonesimulator/PackageFrameworks -F/Users/borisserzhanovich/Library/Developer/Xcode/DerivedData/WorkoutTracker-gugjzwqwyjqwbtaovaznehevomif/Build/Products/Debug-iphonesimulator/PackageFrameworks -F/Users/borisserzhanovich/Library/Developer/Xcode/DerivedData/WorkoutTracker-gugjzwqwyjqwbtaovaznehevomif/Build/Products/Debug-iphonesimulator/PackageFrameworks -F/Users/borisserzhanovich/Library/Developer/Xcode/DerivedData/WorkoutTracker-gugjzwqwyjqwbtaovaznehevomif/Build/Products/Debug-iphonesimulator/PackageFrameworks -F/Users/borisserzhanovich/Library/Developer/Xcode/DerivedData/WorkoutTracker-gugjzwqwyjqwbtaovaznehevomif/Build/Products/Debug-iphonesimulator/PackageFrameworks -F/Users/borisserzhanovich/Library/Developer/Xcode/DerivedData/WorkoutTracker-gugjzwqwyjqwbtaovaznehevomif/Build/Products/Debug-iphonesimulator/PackageFrameworks -F/Users/borisserzhanovich/Library/Developer/Xcode/DerivedData/WorkoutTracker-gugjzwqwyjqwbtaovaznehevomif/Build/Products/Debug-iphonesimulator/PackageFrameworks -F/Users/borisserzhanovich/Library/Developer/Xcode/DerivedData/WorkoutTracker-gugjzwqwyjqwbtaovaznehevomif/Build/Products/Debug-iphonesimulator -iframework /Applications/Xcode.app/Contents/Developer/Platforms/iPhoneSimulator.platform/Developer/Library/Frameworks -iframework /Applications/Xcode.app/Contents/Developer/Platforms/iPhoneSimulator.platform/Developer/SDKs/iPhoneSimulator26.2.sdk/Developer/Library/Frameworks -filelist /Users/borisserzhanovich/Library/Developer/Xcode/DerivedData/WorkoutTracker-gugjzwqwyjqwbtaovaznehevomif/Build/Intermediates.noindex/Firebase.build/Debug-iphonesimulator/FirebaseAnalyticsWrapper.build/Objects-normal/arm64/FirebaseAnalyticsWrapper.LinkFileList -nostdlib -Xlinker -object_path_lto -Xlinker /Users/borisserzhanovich/Library/Developer/Xcode/DerivedData/WorkoutTracker-gugjzwqwyjqwbtaovaznehevomif/Build/Intermediates.noindex/Firebase.build/Debug-iphonesimulator/FirebaseAnalyticsWrapper.build/Objects-normal/arm64/FirebaseAnalyticsWrapper_lto.o -rdynamic -Xlinker -no_deduplicate -Xlinker -objc_abi_version -Xlinker 2 -Xlinker -dependency_info -Xlinker /Users/borisserzhanovich/Library/Developer/Xcode/DerivedData/WorkoutTracker-gugjzwqwyjqwbtaovaznehevomif/Build/Intermediates.noindex/Firebase.build/Debug-iphonesimulator/FirebaseAnalyticsWrapper.build/Objects-normal/arm64/FirebaseAnalyticsWrapper_dependency_info.dat -fobjc-arc -fobjc-link-runtime -o /Users/borisserzhanovich/Library/Developer/Xcode/DerivedData/WorkoutTracker-gugjzwqwyjqwbtaovaznehevomif/Build/Products/Debug-iphonesimulator/FirebaseAnalyticsWrapper.o

Ld /Users/borisserzhanovich/Library/Developer/Xcode/DerivedData/WorkoutTracker-gugjzwqwyjqwbtaovaznehevomif/Build/Products/Debug-iphonesimulator/FirebaseStorage.o normal (in target 'FirebaseStorage' from project 'Firebase')
    cd /Users/borisserzhanovich/Library/Developer/Xcode/DerivedData/WorkoutTracker-gugjzwqwyjqwbtaovaznehevomif/SourcePackages/checkouts/firebase-ios-sdk
    /Applications/Xcode.app/Contents/Developer/Toolchains/XcodeDefault.xctoolchain/usr/bin/clang -Xlinker -reproducible -target arm64-apple-ios15.0-simulator -r -isysroot /Applications/Xcode.app/Contents/Developer/Platforms/iPhoneSimulator.platform/Developer/SDKs/iPhoneSimulator26.2.sdk -O0 -w -L/Users/borisserzhanovich/Library/Developer/Xcode/DerivedData/WorkoutTracker-gugjzwqwyjqwbtaovaznehevomif/Build/Intermediates.noindex/EagerLinkingTBDs/Debug-iphonesimulator -L/Users/borisserzhanovich/Library/Developer/Xcode/DerivedData/WorkoutTracker-gugjzwqwyjqwbtaovaznehevomif/Build/Products/Debug-iphonesimulator -L/Applications/Xcode.app/Contents/Developer/Platforms/iPhoneSimulator.platform/Developer/usr/lib -F/Users/borisserzhanovich/Library/Developer/Xcode/DerivedData/WorkoutTracker-gugjzwqwyjqwbtaovaznehevomif/Build/Intermediates.noindex/EagerLinkingTBDs/Debug-iphonesimulator -F/Users/borisserzhanovich/Library/Developer/Xcode/DerivedData/WorkoutTracker-gugjzwqwyjqwbtaovaznehevomif/Build/Products/Debug-iphonesimulator/PackageFrameworks -F/Users/borisserzhanovich/Library/Developer/Xcode/DerivedData/WorkoutTracker-gugjzwqwyjqwbtaovaznehevomif/Build/Products/Debug-iphonesimulator/PackageFrameworks -F/Users/borisserzhanovich/Library/Developer/Xcode/DerivedData/WorkoutTracker-gugjzwqwyjqwbtaovaznehevomif/Build/Products/Debug-iphonesimulator/PackageFrameworks -F/Users/borisserzhanovich/Library/Developer/Xcode/DerivedData/WorkoutTracker-gugjzwqwyjqwbtaovaznehevomif/Build/Products/Debug-iphonesimulator/PackageFrameworks -F/Users/borisserzhanovich/Library/Developer/Xcode/DerivedData/WorkoutTracker-gugjzwqwyjqwbtaovaznehevomif/Build/Products/Debug-iphonesimulator/PackageFrameworks -F/Users/borisserzhanovich/Library/Developer/Xcode/DerivedData/WorkoutTracker-gugjzwqwyjqwbtaovaznehevomif/Build/Products/Debug-iphonesimulator/PackageFrameworks -F/Users/borisserzhanovich/Library/Developer/Xcode/DerivedData/WorkoutTracker-gugjzwqwyjqwbtaovaznehevomif/Build/Products/Debug-iphonesimulator/PackageFrameworks -F/Users/borisserzhanovich/Library/Developer/Xcode/DerivedData/WorkoutTracker-gugjzwqwyjqwbtaovaznehevomif/Build/Products/Debug-iphonesimulator/PackageFrameworks -F/Users/borisserzhanovich/Library/Developer/Xcode/DerivedData/WorkoutTracker-gugjzwqwyjqwbtaovaznehevomif/Build/Products/Debug-iphonesimulator/PackageFrameworks -F/Users/borisserzhanovich/Library/Developer/Xcode/DerivedData/WorkoutTracker-gugjzwqwyjqwbtaovaznehevomif/Build/Products/Debug-iphonesimulator/PackageFrameworks -F/Users/borisserzhanovich/Library/Developer/Xcode/DerivedData/WorkoutTracker-gugjzwqwyjqwbtaovaznehevomif/Build/Products/Debug-iphonesimulator/PackageFrameworks -F/Users/borisserzhanovich/Library/Developer/Xcode/DerivedData/WorkoutTracker-gugjzwqwyjqwbtaovaznehevomif/Build/Products/Debug-iphonesimulator -iframework /Applications/Xcode.app/Contents/Developer/Platforms/iPhoneSimulator.platform/Developer/Library/Frameworks -iframework /Applications/Xcode.app/Contents/Developer/Platforms/iPhoneSimulator.platform/Developer/SDKs/iPhoneSimulator26.2.sdk/Developer/Library/Frameworks -filelist /Users/borisserzhanovich/Library/Developer/Xcode/DerivedData/WorkoutTracker-gugjzwqwyjqwbtaovaznehevomif/Build/Intermediates.noindex/Firebase.build/Debug-iphonesimulator/FirebaseStorage.build/Objects-normal/arm64/FirebaseStorage.LinkFileList -nostdlib -Xlinker -object_path_lto -Xlinker /Users/borisserzhanovich/Library/Developer/Xcode/DerivedData/WorkoutTracker-gugjzwqwyjqwbtaovaznehevomif/Build/Intermediates.noindex/Firebase.build/Debug-iphonesimulator/FirebaseStorage.build/Objects-normal/arm64/FirebaseStorage_lto.o -rdynamic -Xlinker -no_deduplicate -Xlinker -objc_abi_version -Xlinker 2 -Xlinker -dependency_info -Xlinker /Users/borisserzhanovich/Library/Developer/Xcode/DerivedData/WorkoutTracker-gugjzwqwyjqwbtaovaznehevomif/Build/Intermediates.noindex/Firebase.build/Debug-iphonesimulator/FirebaseStorage.build/Objects-normal/arm64/FirebaseStorage_dependency_info.dat -fobjc-link-runtime -L/Applications/Xcode.app/Contents/Developer/Toolchains/XcodeDefault.xctoolchain/usr/lib/swift/iphonesimulator -L/usr/lib/swift -Xlinker -add_ast_path -Xlinker /Users/borisserzhanovich/Library/Developer/Xcode/DerivedData/WorkoutTracker-gugjzwqwyjqwbtaovaznehevomif/Build/Intermediates.noindex/Firebase.build/Debug-iphonesimulator/FirebaseStorage.build/Objects-normal/arm64/FirebaseStorage.swiftmodule @/Users/borisserzhanovich/Library/Developer/Xcode/DerivedData/WorkoutTracker-gugjzwqwyjqwbtaovaznehevomif/Build/Intermediates.noindex/Firebase.build/Debug-iphonesimulator/FirebaseStorage.build/Objects-normal/arm64/FirebaseStorage-linker-args.resp -o /Users/borisserzhanovich/Library/Developer/Xcode/DerivedData/WorkoutTracker-gugjzwqwyjqwbtaovaznehevomif/Build/Products/Debug-iphonesimulator/FirebaseStorage.o

Ld /Users/borisserzhanovich/Library/Developer/Xcode/DerivedData/WorkoutTracker-gugjzwqwyjqwbtaovaznehevomif/Build/Products/Debug-iphonesimulator/FirebaseSessionsObjC.o normal (in target 'FirebaseSessionsObjC' from project 'Firebase')
    cd /Users/borisserzhanovich/Library/Developer/Xcode/DerivedData/WorkoutTracker-gugjzwqwyjqwbtaovaznehevomif/SourcePackages/checkouts/firebase-ios-sdk
    /Applications/Xcode.app/Contents/Developer/Toolchains/XcodeDefault.xctoolchain/usr/bin/clang -Xlinker -reproducible -target arm64-apple-ios15.0-simulator -r -isysroot /Applications/Xcode.app/Contents/Developer/Platforms/iPhoneSimulator.platform/Developer/SDKs/iPhoneSimulator26.2.sdk -O0 -w -L/Users/borisserzhanovich/Library/Developer/Xcode/DerivedData/WorkoutTracker-gugjzwqwyjqwbtaovaznehevomif/Build/Intermediates.noindex/EagerLinkingTBDs/Debug-iphonesimulator -L/Users/borisserzhanovich/Library/Developer/Xcode/DerivedData/WorkoutTracker-gugjzwqwyjqwbtaovaznehevomif/Build/Products/Debug-iphonesimulator -L/Applications/Xcode.app/Contents/Developer/Platforms/iPhoneSimulator.platform/Developer/usr/lib -F/Users/borisserzhanovich/Library/Developer/Xcode/DerivedData/WorkoutTracker-gugjzwqwyjqwbtaovaznehevomif/Build/Intermediates.noindex/EagerLinkingTBDs/Debug-iphonesimulator -F/Users/borisserzhanovich/Library/Developer/Xcode/DerivedData/WorkoutTracker-gugjzwqwyjqwbtaovaznehevomif/Build/Products/Debug-iphonesimulator/PackageFrameworks -F/Users/borisserzhanovich/Library/Developer/Xcode/DerivedData/WorkoutTracker-gugjzwqwyjqwbtaovaznehevomif/Build/Products/Debug-iphonesimulator/PackageFrameworks -F/Users/borisserzhanovich/Library/Developer/Xcode/DerivedData/WorkoutTracker-gugjzwqwyjqwbtaovaznehevomif/Build/Products/Debug-iphonesimulator/PackageFrameworks -F/Users/borisserzhanovich/Library/Developer/Xcode/DerivedData/WorkoutTracker-gugjzwqwyjqwbtaovaznehevomif/Build/Products/Debug-iphonesimulator/PackageFrameworks -F/Users/borisserzhanovich/Library/Developer/Xcode/DerivedData/WorkoutTracker-gugjzwqwyjqwbtaovaznehevomif/Build/Products/Debug-iphonesimulator/PackageFrameworks -F/Users/borisserzhanovich/Library/Developer/Xcode/DerivedData/WorkoutTracker-gugjzwqwyjqwbtaovaznehevomif/Build/Products/Debug-iphonesimulator/PackageFrameworks -F/Users/borisserzhanovich/Library/Developer/Xcode/DerivedData/WorkoutTracker-gugjzwqwyjqwbtaovaznehevomif/Build/Products/Debug-iphonesimulator/PackageFrameworks -F/Users/borisserzhanovich/Library/Developer/Xcode/DerivedData/WorkoutTracker-gugjzwqwyjqwbtaovaznehevomif/Build/Products/Debug-iphonesimulator/PackageFrameworks -F/Users/borisserzhanovich/Library/Developer/Xcode/DerivedData/WorkoutTracker-gugjzwqwyjqwbtaovaznehevomif/Build/Products/Debug-iphonesimulator/PackageFrameworks -F/Users/borisserzhanovich/Library/Developer/Xcode/DerivedData/WorkoutTracker-gugjzwqwyjqwbtaovaznehevomif/Build/Products/Debug-iphonesimulator -iframework /Applications/Xcode.app/Contents/Developer/Platforms/iPhoneSimulator.platform/Developer/Library/Frameworks -iframework /Applications/Xcode.app/Contents/Developer/Platforms/iPhoneSimulator.platform/Developer/SDKs/iPhoneSimulator26.2.sdk/Developer/Library/Frameworks -filelist /Users/borisserzhanovich/Library/Developer/Xcode/DerivedData/WorkoutTracker-gugjzwqwyjqwbtaovaznehevomif/Build/Intermediates.noindex/Firebase.build/Debug-iphonesimulator/FirebaseSessionsObjC.build/Objects-normal/arm64/FirebaseSessionsObjC.LinkFileList -nostdlib -Xlinker -object_path_lto -Xlinker /Users/borisserzhanovich/Library/Developer/Xcode/DerivedData/WorkoutTracker-gugjzwqwyjqwbtaovaznehevomif/Build/Intermediates.noindex/Firebase.build/Debug-iphonesimulator/FirebaseSessionsObjC.build/Objects-normal/arm64/FirebaseSessionsObjC_lto.o -rdynamic -Xlinker -no_deduplicate -Xlinker -objc_abi_version -Xlinker 2 -Xlinker -dependency_info -Xlinker /Users/borisserzhanovich/Library/Developer/Xcode/DerivedData/WorkoutTracker-gugjzwqwyjqwbtaovaznehevomif/Build/Intermediates.noindex/Firebase.build/Debug-iphonesimulator/FirebaseSessionsObjC.build/Objects-normal/arm64/FirebaseSessionsObjC_dependency_info.dat -fobjc-arc -fobjc-link-runtime -o /Users/borisserzhanovich/Library/Developer/Xcode/DerivedData/WorkoutTracker-gugjzwqwyjqwbtaovaznehevomif/Build/Products/Debug-iphonesimulator/FirebaseSessionsObjC.o

Ld /Users/borisserzhanovich/Library/Developer/Xcode/DerivedData/WorkoutTracker-gugjzwqwyjqwbtaovaznehevomif/Build/Products/Debug-iphonesimulator/FirebaseAuth.o normal (in target 'FirebaseAuth' from project 'Firebase')
    cd /Users/borisserzhanovich/Library/Developer/Xcode/DerivedData/WorkoutTracker-gugjzwqwyjqwbtaovaznehevomif/SourcePackages/checkouts/firebase-ios-sdk
    /Applications/Xcode.app/Contents/Developer/Toolchains/XcodeDefault.xctoolchain/usr/bin/clang -Xlinker -reproducible -target arm64-apple-ios15.0-simulator -r -isysroot /Applications/Xcode.app/Contents/Developer/Platforms/iPhoneSimulator.platform/Developer/SDKs/iPhoneSimulator26.2.sdk -O0 -w -L/Users/borisserzhanovich/Library/Developer/Xcode/DerivedData/WorkoutTracker-gugjzwqwyjqwbtaovaznehevomif/Build/Intermediates.noindex/EagerLinkingTBDs/Debug-iphonesimulator -L/Users/borisserzhanovich/Library/Developer/Xcode/DerivedData/WorkoutTracker-gugjzwqwyjqwbtaovaznehevomif/Build/Products/Debug-iphonesimulator -L/Applications/Xcode.app/Contents/Developer/Platforms/iPhoneSimulator.platform/Developer/usr/lib -F/Users/borisserzhanovich/Library/Developer/Xcode/DerivedData/WorkoutTracker-gugjzwqwyjqwbtaovaznehevomif/Build/Intermediates.noindex/EagerLinkingTBDs/Debug-iphonesimulator -F/Users/borisserzhanovich/Library/Developer/Xcode/DerivedData/WorkoutTracker-gugjzwqwyjqwbtaovaznehevomif/Build/Products/Debug-iphonesimulator/PackageFrameworks -F/Users/borisserzhanovich/Library/Developer/Xcode/DerivedData/WorkoutTracker-gugjzwqwyjqwbtaovaznehevomif/Build/Products/Debug-iphonesimulator/PackageFrameworks -F/Users/borisserzhanovich/Library/Developer/Xcode/DerivedData/WorkoutTracker-gugjzwqwyjqwbtaovaznehevomif/Build/Products/Debug-iphonesimulator/PackageFrameworks -F/Users/borisserzhanovich/Library/Developer/Xcode/DerivedData/WorkoutTracker-gugjzwqwyjqwbtaovaznehevomif/Build/Products/Debug-iphonesimulator/PackageFrameworks -F/Users/borisserzhanovich/Library/Developer/Xcode/DerivedData/WorkoutTracker-gugjzwqwyjqwbtaovaznehevomif/Build/Products/Debug-iphonesimulator/PackageFrameworks -F/Users/borisserzhanovich/Library/Developer/Xcode/DerivedData/WorkoutTracker-gugjzwqwyjqwbtaovaznehevomif/Build/Products/Debug-iphonesimulator/PackageFrameworks -F/Users/borisserzhanovich/Library/Developer/Xcode/DerivedData/WorkoutTracker-gugjzwqwyjqwbtaovaznehevomif/Build/Products/Debug-iphonesimulator/PackageFrameworks -F/Users/borisserzhanovich/Library/Developer/Xcode/DerivedData/WorkoutTracker-gugjzwqwyjqwbtaovaznehevomif/Build/Products/Debug-iphonesimulator/PackageFrameworks -F/Users/borisserzhanovich/Library/Developer/Xcode/DerivedData/WorkoutTracker-gugjzwqwyjqwbtaovaznehevomif/Build/Products/Debug-iphonesimulator/PackageFrameworks -F/Users/borisserzhanovich/Library/Developer/Xcode/DerivedData/WorkoutTracker-gugjzwqwyjqwbtaovaznehevomif/Build/Products/Debug-iphonesimulator/PackageFrameworks -F/Users/borisserzhanovich/Library/Developer/Xcode/DerivedData/WorkoutTracker-gugjzwqwyjqwbtaovaznehevomif/Build/Products/Debug-iphonesimulator/PackageFrameworks -F/Users/borisserzhanovich/Library/Developer/Xcode/DerivedData/WorkoutTracker-gugjzwqwyjqwbtaovaznehevomif/Build/Products/Debug-iphonesimulator/PackageFrameworks -F/Users/borisserzhanovich/Library/Developer/Xcode/DerivedData/WorkoutTracker-gugjzwqwyjqwbtaovaznehevomif/Build/Products/Debug-iphonesimulator/PackageFrameworks -F/Users/borisserzhanovich/Library/Developer/Xcode/DerivedData/WorkoutTracker-gugjzwqwyjqwbtaovaznehevomif/Build/Products/Debug-iphonesimulator/PackageFrameworks -F/Users/borisserzhanovich/Library/Developer/Xcode/DerivedData/WorkoutTracker-gugjzwqwyjqwbtaovaznehevomif/Build/Products/Debug-iphonesimulator/PackageFrameworks -F/Users/borisserzhanovich/Library/Developer/Xcode/DerivedData/WorkoutTracker-gugjzwqwyjqwbtaovaznehevomif/Build/Products/Debug-iphonesimulator/PackageFrameworks -F/Users/borisserzhanovich/Library/Developer/Xcode/DerivedData/WorkoutTracker-gugjzwqwyjqwbtaovaznehevomif/Build/Products/Debug-iphonesimulator -iframework /Applications/Xcode.app/Contents/Developer/Platforms/iPhoneSimulator.platform/Developer/Library/Frameworks -iframework /Applications/Xcode.app/Contents/Developer/Platforms/iPhoneSimulator.platform/Developer/SDKs/iPhoneSimulator26.2.sdk/Developer/Library/Frameworks -filelist /Users/borisserzhanovich/Library/Developer/Xcode/DerivedData/WorkoutTracker-gugjzwqwyjqwbtaovaznehevomif/Build/Intermediates.noindex/Firebase.build/Debug-iphonesimulator/FirebaseAuth.build/Objects-normal/arm64/FirebaseAuth.LinkFileList -nostdlib -Xlinker -object_path_lto -Xlinker /Users/borisserzhanovich/Library/Developer/Xcode/DerivedData/WorkoutTracker-gugjzwqwyjqwbtaovaznehevomif/Build/Intermediates.noindex/Firebase.build/Debug-iphonesimulator/FirebaseAuth.build/Objects-normal/arm64/FirebaseAuth_lto.o -rdynamic -Xlinker -no_deduplicate -Xlinker -objc_abi_version -Xlinker 2 -Xlinker -dependency_info -Xlinker /Users/borisserzhanovich/Library/Developer/Xcode/DerivedData/WorkoutTracker-gugjzwqwyjqwbtaovaznehevomif/Build/Intermediates.noindex/Firebase.build/Debug-iphonesimulator/FirebaseAuth.build/Objects-normal/arm64/FirebaseAuth_dependency_info.dat -fobjc-link-runtime -L/Applications/Xcode.app/Contents/Developer/Toolchains/XcodeDefault.xctoolchain/usr/lib/swift/iphonesimulator -L/usr/lib/swift -Xlinker -add_ast_path -Xlinker /Users/borisserzhanovich/Library/Developer/Xcode/DerivedData/WorkoutTracker-gugjzwqwyjqwbtaovaznehevomif/Build/Intermediates.noindex/Firebase.build/Debug-iphonesimulator/FirebaseAuth.build/Objects-normal/arm64/FirebaseAuth.swiftmodule @/Users/borisserzhanovich/Library/Developer/Xcode/DerivedData/WorkoutTracker-gugjzwqwyjqwbtaovaznehevomif/Build/Intermediates.noindex/Firebase.build/Debug-iphonesimulator/FirebaseAuth.build/Objects-normal/arm64/FirebaseAuth-linker-args.resp -o /Users/borisserzhanovich/Library/Developer/Xcode/DerivedData/WorkoutTracker-gugjzwqwyjqwbtaovaznehevomif/Build/Products/Debug-iphonesimulator/FirebaseAuth.o

CodeSign /Users/borisserzhanovich/Library/Developer/Xcode/DerivedData/WorkoutTracker-gugjzwqwyjqwbtaovaznehevomif/Build/Products/Debug-watchsimulator/WorkoutTrackerWatch\ Watch\ App.app/__preview.dylib (in target 'WorkoutTrackerWatch Watch App' from project 'WorkoutTracker')
    cd /Users/borisserzhanovich/projects/Workout/WorkoutTracker\ copy
    
    Signing Identity:     "Sign to Run Locally"
    
    /usr/bin/codesign --force --sign - --timestamp\=none --generate-entitlement-der /Users/borisserzhanovich/Library/Developer/Xcode/DerivedData/WorkoutTracker-gugjzwqwyjqwbtaovaznehevomif/Build/Products/Debug-watchsimulator/WorkoutTrackerWatch\ Watch\ App.app/__preview.dylib

RegisterExecutionPolicyException /Users/borisserzhanovich/Library/Developer/Xcode/DerivedData/WorkoutTracker-gugjzwqwyjqwbtaovaznehevomif/Build/Products/Debug-iphonesimulator/GTMAppAuth.o (in target 'GTMAppAuth' from project 'GTMAppAuth')
    cd /Users/borisserzhanovich/Library/Developer/Xcode/DerivedData/WorkoutTracker-gugjzwqwyjqwbtaovaznehevomif/SourcePackages/checkouts/GTMAppAuth
    builtin-RegisterExecutionPolicyException /Users/borisserzhanovich/Library/Developer/Xcode/DerivedData/WorkoutTracker-gugjzwqwyjqwbtaovaznehevomif/Build/Products/Debug-iphonesimulator/GTMAppAuth.o

RegisterExecutionPolicyException /Users/borisserzhanovich/Library/Developer/Xcode/DerivedData/WorkoutTracker-gugjzwqwyjqwbtaovaznehevomif/Build/Products/Debug-iphonesimulator/FirebaseSharedSwift.o (in target 'FirebaseSharedSwift' from project 'Firebase')
    cd /Users/borisserzhanovich/Library/Developer/Xcode/DerivedData/WorkoutTracker-gugjzwqwyjqwbtaovaznehevomif/SourcePackages/checkouts/firebase-ios-sdk
    builtin-RegisterExecutionPolicyException /Users/borisserzhanovich/Library/Developer/Xcode/DerivedData/WorkoutTracker-gugjzwqwyjqwbtaovaznehevomif/Build/Products/Debug-iphonesimulator/FirebaseSharedSwift.o

ExtractAppIntentsMetadata (in target 'FirebaseStorage' from project 'Firebase')
    cd /Users/borisserzhanovich/Library/Developer/Xcode/DerivedData/WorkoutTracker-gugjzwqwyjqwbtaovaznehevomif/SourcePackages/checkouts/firebase-ios-sdk
    /Applications/Xcode.app/Contents/Developer/Toolchains/XcodeDefault.xctoolchain/usr/bin/appintentsmetadataprocessor --toolchain-dir /Applications/Xcode.app/Contents/Developer/Toolchains/XcodeDefault.xctoolchain --module-name FirebaseStorage --sdk-root /Applications/Xcode.app/Contents/Developer/Platforms/iPhoneSimulator.platform/Developer/SDKs/iPhoneSimulator26.2.sdk --xcode-version 17C529 --platform-family iOS --deployment-target 15.0 --bundle-identifier firebase-ios-sdk.FirebaseStorage --output /Users/borisserzhanovich/Library/Developer/Xcode/DerivedData/WorkoutTracker-gugjzwqwyjqwbtaovaznehevomif/Build/Products/Debug-iphonesimulator/FirebaseStorage.appintents --target-triple arm64-apple-ios15.0-simulator --binary-file /Users/borisserzhanovich/Library/Developer/Xcode/DerivedData/WorkoutTracker-gugjzwqwyjqwbtaovaznehevomif/Build/Products/Debug-iphonesimulator/FirebaseStorage.o --dependency-file /Users/borisserzhanovich/Library/Developer/Xcode/DerivedData/WorkoutTracker-gugjzwqwyjqwbtaovaznehevomif/Build/Intermediates.noindex/Firebase.build/Debug-iphonesimulator/FirebaseStorage.build/Objects-normal/arm64/FirebaseStorage_dependency_info.dat --stringsdata-file /Users/borisserzhanovich/Library/Developer/Xcode/DerivedData/WorkoutTracker-gugjzwqwyjqwbtaovaznehevomif/Build/Intermediates.noindex/Firebase.build/Debug-iphonesimulator/FirebaseStorage.build/Objects-normal/arm64/ExtractedAppShortcutsMetadata.stringsdata --source-file-list /Users/borisserzhanovich/Library/Developer/Xcode/DerivedData/WorkoutTracker-gugjzwqwyjqwbtaovaznehevomif/Build/Intermediates.noindex/Firebase.build/Debug-iphonesimulator/FirebaseStorage.build/Objects-normal/arm64/FirebaseStorage.SwiftFileList --metadata-file-list /Users/borisserzhanovich/Library/Developer/Xcode/DerivedData/WorkoutTracker-gugjzwqwyjqwbtaovaznehevomif/Build/Intermediates.noindex/Firebase.build/Debug-iphonesimulator/FirebaseStorage.build/FirebaseStorage.DependencyMetadataFileList --static-metadata-file-list /Users/borisserzhanovich/Library/Developer/Xcode/DerivedData/WorkoutTracker-gugjzwqwyjqwbtaovaznehevomif/Build/Intermediates.noindex/Firebase.build/Debug-iphonesimulator/FirebaseStorage.build/FirebaseStorage.DependencyStaticMetadataFileList --swift-const-vals-list /Users/borisserzhanovich/Library/Developer/Xcode/DerivedData/WorkoutTracker-gugjzwqwyjqwbtaovaznehevomif/Build/Intermediates.noindex/Firebase.build/Debug-iphonesimulator/FirebaseStorage.build/Objects-normal/arm64/FirebaseStorage.SwiftConstValuesFileList --force --compile-time-extraction --deployment-aware-processing --validate-assistant-intents --no-app-shortcuts-localization
2026-06-13 22:32:15.908 appintentsmetadataprocessor[58380:10976700] Starting appintentsmetadataprocessor export
2026-06-13 22:32:16.110 appintentsmetadataprocessor[58380:10976700] Extracted no relevant App Intents symbols, skipping writing output

Ld /Users/borisserzhanovich/Library/Developer/Xcode/DerivedData/WorkoutTracker-gugjzwqwyjqwbtaovaznehevomif/Build/Products/Debug-iphonesimulator/GoogleSignIn.o normal (in target 'GoogleSignIn' from project 'GoogleSignIn')
    cd /Users/borisserzhanovich/Library/Developer/Xcode/DerivedData/WorkoutTracker-gugjzwqwyjqwbtaovaznehevomif/SourcePackages/checkouts/GoogleSignIn-iOS
    /Applications/Xcode.app/Contents/Developer/Toolchains/XcodeDefault.xctoolchain/usr/bin/clang -Xlinker -reproducible -target arm64-apple-ios12.0-simulator -r -isysroot /Applications/Xcode.app/Contents/Developer/Platforms/iPhoneSimulator.platform/Developer/SDKs/iPhoneSimulator26.2.sdk -O0 -w -L/Users/borisserzhanovich/Library/Developer/Xcode/DerivedData/WorkoutTracker-gugjzwqwyjqwbtaovaznehevomif/Build/Intermediates.noindex/EagerLinkingTBDs/Debug-iphonesimulator -L/Users/borisserzhanovich/Library/Developer/Xcode/DerivedData/WorkoutTracker-gugjzwqwyjqwbtaovaznehevomif/Build/Products/Debug-iphonesimulator -L/Applications/Xcode.app/Contents/Developer/Platforms/iPhoneSimulator.platform/Developer/usr/lib -F/Users/borisserzhanovich/Library/Developer/Xcode/DerivedData/WorkoutTracker-gugjzwqwyjqwbtaovaznehevomif/Build/Intermediates.noindex/EagerLinkingTBDs/Debug-iphonesimulator -F/Users/borisserzhanovich/Library/Developer/Xcode/DerivedData/WorkoutTracker-gugjzwqwyjqwbtaovaznehevomif/Build/Products/Debug-iphonesimulator/PackageFrameworks -F/Users/borisserzhanovich/Library/Developer/Xcode/DerivedData/WorkoutTracker-gugjzwqwyjqwbtaovaznehevomif/Build/Products/Debug-iphonesimulator/PackageFrameworks -F/Users/borisserzhanovich/Library/Developer/Xcode/DerivedData/WorkoutTracker-gugjzwqwyjqwbtaovaznehevomif/Build/Products/Debug-iphonesimulator/PackageFrameworks -F/Users/borisserzhanovich/Library/Developer/Xcode/DerivedData/WorkoutTracker-gugjzwqwyjqwbtaovaznehevomif/Build/Products/Debug-iphonesimulator/PackageFrameworks -F/Users/borisserzhanovich/Library/Developer/Xcode/DerivedData/WorkoutTracker-gugjzwqwyjqwbtaovaznehevomif/Build/Products/Debug-iphonesimulator/PackageFrameworks -F/Users/borisserzhanovich/Library/Developer/Xcode/DerivedData/WorkoutTracker-gugjzwqwyjqwbtaovaznehevomif/Build/Products/Debug-iphonesimulator/PackageFrameworks -F/Users/borisserzhanovich/Library/Developer/Xcode/DerivedData/WorkoutTracker-gugjzwqwyjqwbtaovaznehevomif/Build/Products/Debug-iphonesimulator/PackageFrameworks -F/Users/borisserzhanovich/Library/Developer/Xcode/DerivedData/WorkoutTracker-gugjzwqwyjqwbtaovaznehevomif/Build/Products/Debug-iphonesimulator/PackageFrameworks -F/Users/borisserzhanovich/Library/Developer/Xcode/DerivedData/WorkoutTracker-gugjzwqwyjqwbtaovaznehevomif/Build/Products/Debug-iphonesimulator/PackageFrameworks -F/Users/borisserzhanovich/Library/Developer/Xcode/DerivedData/WorkoutTracker-gugjzwqwyjqwbtaovaznehevomif/Build/Products/Debug-iphonesimulator/PackageFrameworks -F/Users/borisserzhanovich/Library/Developer/Xcode/DerivedData/WorkoutTracker-gugjzwqwyjqwbtaovaznehevomif/Build/Products/Debug-iphonesimulator -iframework /Applications/Xcode.app/Contents/Developer/Platforms/iPhoneSimulator.platform/Developer/Library/Frameworks -iframework /Applications/Xcode.app/Contents/Developer/Platforms/iPhoneSimulator.platform/Developer/SDKs/iPhoneSimulator26.2.sdk/Developer/Library/Frameworks -filelist /Users/borisserzhanovich/Library/Developer/Xcode/DerivedData/WorkoutTracker-gugjzwqwyjqwbtaovaznehevomif/Build/Intermediates.noindex/GoogleSignIn.build/Debug-iphonesimulator/GoogleSignIn.build/Objects-normal/arm64/GoogleSignIn.LinkFileList -nostdlib -Xlinker -object_path_lto -Xlinker /Users/borisserzhanovich/Library/Developer/Xcode/DerivedData/WorkoutTracker-gugjzwqwyjqwbtaovaznehevomif/Build/Intermediates.noindex/GoogleSignIn.build/Debug-iphonesimulator/GoogleSignIn.build/Objects-normal/arm64/GoogleSignIn_lto.o -rdynamic -Xlinker -no_deduplicate -Xlinker -objc_abi_version -Xlinker 2 -Xlinker -dependency_info -Xlinker /Users/borisserzhanovich/Library/Developer/Xcode/DerivedData/WorkoutTracker-gugjzwqwyjqwbtaovaznehevomif/Build/Intermediates.noindex/GoogleSignIn.build/Debug-iphonesimulator/GoogleSignIn.build/Objects-normal/arm64/GoogleSignIn_dependency_info.dat -fobjc-arc -fobjc-link-runtime -o /Users/borisserzhanovich/Library/Developer/Xcode/DerivedData/WorkoutTracker-gugjzwqwyjqwbtaovaznehevomif/Build/Products/Debug-iphonesimulator/GoogleSignIn.o

CodeSign /Users/borisserzhanovich/Library/Developer/Xcode/DerivedData/WorkoutTracker-gugjzwqwyjqwbtaovaznehevomif/Build/Products/Debug-watchsimulator/WorkoutTrackerWatch\ Watch\ App.app (in target 'WorkoutTrackerWatch Watch App' from project 'WorkoutTracker')
    cd /Users/borisserzhanovich/projects/Workout/WorkoutTracker\ copy
    
    Signing Identity:     "Sign to Run Locally"
    
    /usr/bin/codesign --force --sign - --entitlements /Users/borisserzhanovich/Library/Developer/Xcode/DerivedData/WorkoutTracker-gugjzwqwyjqwbtaovaznehevomif/Build/Intermediates.noindex/WorkoutTracker.build/Debug-watchsimulator/WorkoutTrackerWatch\ Watch\ App.build/WorkoutTrackerWatch\ Watch\ App.app.xcent --timestamp\=none --generate-entitlement-der /Users/borisserzhanovich/Library/Developer/Xcode/DerivedData/WorkoutTracker-gugjzwqwyjqwbtaovaznehevomif/Build/Products/Debug-watchsimulator/WorkoutTrackerWatch\ Watch\ App.app

RegisterExecutionPolicyException /Users/borisserzhanovich/Library/Developer/Xcode/DerivedData/WorkoutTracker-gugjzwqwyjqwbtaovaznehevomif/Build/Products/Debug-iphonesimulator/FirebaseSessionsObjC.o (in target 'FirebaseSessionsObjC' from project 'Firebase')
    cd /Users/borisserzhanovich/Library/Developer/Xcode/DerivedData/WorkoutTracker-gugjzwqwyjqwbtaovaznehevomif/SourcePackages/checkouts/firebase-ios-sdk
    builtin-RegisterExecutionPolicyException /Users/borisserzhanovich/Library/Developer/Xcode/DerivedData/WorkoutTracker-gugjzwqwyjqwbtaovaznehevomif/Build/Products/Debug-iphonesimulator/FirebaseSessionsObjC.o

CodeSign /Users/borisserzhanovich/Library/Developer/Xcode/DerivedData/WorkoutTracker-gugjzwqwyjqwbtaovaznehevomif/Build/Products/Debug-iphonesimulator/WorkoutTimerWidgetExtension.appex/WorkoutTimerWidgetExtension.debug.dylib (in target 'WorkoutTimerWidgetExtension' from project 'WorkoutTracker')
    cd /Users/borisserzhanovich/projects/Workout/WorkoutTracker\ copy
    
    Signing Identity:     "Sign to Run Locally"
    
    /usr/bin/codesign --force --sign - --timestamp\=none --generate-entitlement-der /Users/borisserzhanovich/Library/Developer/Xcode/DerivedData/WorkoutTracker-gugjzwqwyjqwbtaovaznehevomif/Build/Products/Debug-iphonesimulator/WorkoutTimerWidgetExtension.appex/WorkoutTimerWidgetExtension.debug.dylib

Ld /Users/borisserzhanovich/Library/Developer/Xcode/DerivedData/WorkoutTracker-gugjzwqwyjqwbtaovaznehevomif/Build/Products/Debug-iphonesimulator/FirebaseSessions.o normal (in target 'FirebaseSessions' from project 'Firebase')
    cd /Users/borisserzhanovich/Library/Developer/Xcode/DerivedData/WorkoutTracker-gugjzwqwyjqwbtaovaznehevomif/SourcePackages/checkouts/firebase-ios-sdk
    /Applications/Xcode.app/Contents/Developer/Toolchains/XcodeDefault.xctoolchain/usr/bin/clang -Xlinker -reproducible -target arm64-apple-ios15.0-simulator -r -isysroot /Applications/Xcode.app/Contents/Developer/Platforms/iPhoneSimulator.platform/Developer/SDKs/iPhoneSimulator26.2.sdk -O0 -w -L/Users/borisserzhanovich/Library/Developer/Xcode/DerivedData/WorkoutTracker-gugjzwqwyjqwbtaovaznehevomif/Build/Intermediates.noindex/EagerLinkingTBDs/Debug-iphonesimulator -L/Users/borisserzhanovich/Library/Developer/Xcode/DerivedData/WorkoutTracker-gugjzwqwyjqwbtaovaznehevomif/Build/Products/Debug-iphonesimulator -L/Applications/Xcode.app/Contents/Developer/Platforms/iPhoneSimulator.platform/Developer/usr/lib -F/Users/borisserzhanovich/Library/Developer/Xcode/DerivedData/WorkoutTracker-gugjzwqwyjqwbtaovaznehevomif/Build/Intermediates.noindex/EagerLinkingTBDs/Debug-iphonesimulator -F/Users/borisserzhanovich/Library/Developer/Xcode/DerivedData/WorkoutTracker-gugjzwqwyjqwbtaovaznehevomif/Build/Products/Debug-iphonesimulator/PackageFrameworks -F/Users/borisserzhanovich/Library/Developer/Xcode/DerivedData/WorkoutTracker-gugjzwqwyjqwbtaovaznehevomif/Build/Products/Debug-iphonesimulator/PackageFrameworks -F/Users/borisserzhanovich/Library/Developer/Xcode/DerivedData/WorkoutTracker-gugjzwqwyjqwbtaovaznehevomif/Build/Products/Debug-iphonesimulator/PackageFrameworks -F/Users/borisserzhanovich/Library/Developer/Xcode/DerivedData/WorkoutTracker-gugjzwqwyjqwbtaovaznehevomif/Build/Products/Debug-iphonesimulator/PackageFrameworks -F/Users/borisserzhanovich/Library/Developer/Xcode/DerivedData/WorkoutTracker-gugjzwqwyjqwbtaovaznehevomif/Build/Products/Debug-iphonesimulator/PackageFrameworks -F/Users/borisserzhanovich/Library/Developer/Xcode/DerivedData/WorkoutTracker-gugjzwqwyjqwbtaovaznehevomif/Build/Products/Debug-iphonesimulator/PackageFrameworks -F/Users/borisserzhanovich/Library/Developer/Xcode/DerivedData/WorkoutTracker-gugjzwqwyjqwbtaovaznehevomif/Build/Products/Debug-iphonesimulator/PackageFrameworks -F/Users/borisserzhanovich/Library/Developer/Xcode/DerivedData/WorkoutTracker-gugjzwqwyjqwbtaovaznehevomif/Build/Products/Debug-iphonesimulator/PackageFrameworks -F/Users/borisserzhanovich/Library/Developer/Xcode/DerivedData/WorkoutTracker-gugjzwqwyjqwbtaovaznehevomif/Build/Products/Debug-iphonesimulator/PackageFrameworks -F/Users/borisserzhanovich/Library/Developer/Xcode/DerivedData/WorkoutTracker-gugjzwqwyjqwbtaovaznehevomif/Build/Products/Debug-iphonesimulator/PackageFrameworks -F/Users/borisserzhanovich/Library/Developer/Xcode/DerivedData/WorkoutTracker-gugjzwqwyjqwbtaovaznehevomif/Build/Products/Debug-iphonesimulator/PackageFrameworks -F/Users/borisserzhanovich/Library/Developer/Xcode/DerivedData/WorkoutTracker-gugjzwqwyjqwbtaovaznehevomif/Build/Products/Debug-iphonesimulator/PackageFrameworks -F/Users/borisserzhanovich/Library/Developer/Xcode/DerivedData/WorkoutTracker-gugjzwqwyjqwbtaovaznehevomif/Build/Products/Debug-iphonesimulator/PackageFrameworks -F/Users/borisserzhanovich/Library/Developer/Xcode/DerivedData/WorkoutTracker-gugjzwqwyjqwbtaovaznehevomif/Build/Products/Debug-iphonesimulator/PackageFrameworks -F/Users/borisserzhanovich/Library/Developer/Xcode/DerivedData/WorkoutTracker-gugjzwqwyjqwbtaovaznehevomif/Build/Products/Debug-iphonesimulator/PackageFrameworks -F/Users/borisserzhanovich/Library/Developer/Xcode/DerivedData/WorkoutTracker-gugjzwqwyjqwbtaovaznehevomif/Build/Products/Debug-iphonesimulator -iframework /Applications/Xcode.app/Contents/Developer/Platforms/iPhoneSimulator.platform/Developer/Library/Frameworks -iframework /Applications/Xcode.app/Contents/Developer/Platforms/iPhoneSimulator.platform/Developer/SDKs/iPhoneSimulator26.2.sdk/Developer/Library/Frameworks -filelist /Users/borisserzhanovich/Library/Developer/Xcode/DerivedData/WorkoutTracker-gugjzwqwyjqwbtaovaznehevomif/Build/Intermediates.noindex/Firebase.build/Debug-iphonesimulator/FirebaseSessions.build/Objects-normal/arm64/FirebaseSessions.LinkFileList -nostdlib -Xlinker -object_path_lto -Xlinker /Users/borisserzhanovich/Library/Developer/Xcode/DerivedData/WorkoutTracker-gugjzwqwyjqwbtaovaznehevomif/Build/Intermediates.noindex/Firebase.build/Debug-iphonesimulator/FirebaseSessions.build/Objects-normal/arm64/FirebaseSessions_lto.o -rdynamic -Xlinker -no_deduplicate -Xlinker -objc_abi_version -Xlinker 2 -Xlinker -dependency_info -Xlinker /Users/borisserzhanovich/Library/Developer/Xcode/DerivedData/WorkoutTracker-gugjzwqwyjqwbtaovaznehevomif/Build/Intermediates.noindex/Firebase.build/Debug-iphonesimulator/FirebaseSessions.build/Objects-normal/arm64/FirebaseSessions_dependency_info.dat -fobjc-link-runtime -L/Applications/Xcode.app/Contents/Developer/Toolchains/XcodeDefault.xctoolchain/usr/lib/swift/iphonesimulator -L/usr/lib/swift -Xlinker -add_ast_path -Xlinker /Users/borisserzhanovich/Library/Developer/Xcode/DerivedData/WorkoutTracker-gugjzwqwyjqwbtaovaznehevomif/Build/Intermediates.noindex/Firebase.build/Debug-iphonesimulator/FirebaseSessions.build/Objects-normal/arm64/FirebaseSessions.swiftmodule @/Users/borisserzhanovich/Library/Developer/Xcode/DerivedData/WorkoutTracker-gugjzwqwyjqwbtaovaznehevomif/Build/Intermediates.noindex/Firebase.build/Debug-iphonesimulator/FirebaseSessions.build/Objects-normal/arm64/FirebaseSessions-linker-args.resp -o /Users/borisserzhanovich/Library/Developer/Xcode/DerivedData/WorkoutTracker-gugjzwqwyjqwbtaovaznehevomif/Build/Products/Debug-iphonesimulator/FirebaseSessions.o

Ld /Users/borisserzhanovich/Library/Developer/Xcode/DerivedData/WorkoutTracker-gugjzwqwyjqwbtaovaznehevomif/Build/Products/Debug-iphonesimulator/FirebaseFirestore.o normal (in target 'FirebaseFirestore' from project 'Firebase')
    cd /Users/borisserzhanovich/Library/Developer/Xcode/DerivedData/WorkoutTracker-gugjzwqwyjqwbtaovaznehevomif/SourcePackages/checkouts/firebase-ios-sdk
    /Applications/Xcode.app/Contents/Developer/Toolchains/XcodeDefault.xctoolchain/usr/bin/clang -Xlinker -reproducible -target arm64-apple-ios15.0-simulator -r -isysroot /Applications/Xcode.app/Contents/Developer/Platforms/iPhoneSimulator.platform/Developer/SDKs/iPhoneSimulator26.2.sdk -O0 -w -L/Users/borisserzhanovich/Library/Developer/Xcode/DerivedData/WorkoutTracker-gugjzwqwyjqwbtaovaznehevomif/Build/Intermediates.noindex/EagerLinkingTBDs/Debug-iphonesimulator -L/Users/borisserzhanovich/Library/Developer/Xcode/DerivedData/WorkoutTracker-gugjzwqwyjqwbtaovaznehevomif/Build/Products/Debug-iphonesimulator -L/Applications/Xcode.app/Contents/Developer/Platforms/iPhoneSimulator.platform/Developer/usr/lib -F/Users/borisserzhanovich/Library/Developer/Xcode/DerivedData/WorkoutTracker-gugjzwqwyjqwbtaovaznehevomif/Build/Intermediates.noindex/EagerLinkingTBDs/Debug-iphonesimulator -F/Users/borisserzhanovich/Library/Developer/Xcode/DerivedData/WorkoutTracker-gugjzwqwyjqwbtaovaznehevomif/Build/Products/Debug-iphonesimulator/PackageFrameworks -F/Users/borisserzhanovich/Library/Developer/Xcode/DerivedData/WorkoutTracker-gugjzwqwyjqwbtaovaznehevomif/Build/Products/Debug-iphonesimulator/PackageFrameworks -F/Users/borisserzhanovich/Library/Developer/Xcode/DerivedData/WorkoutTracker-gugjzwqwyjqwbtaovaznehevomif/Build/Products/Debug-iphonesimulator/PackageFrameworks -F/Users/borisserzhanovich/Library/Developer/Xcode/DerivedData/WorkoutTracker-gugjzwqwyjqwbtaovaznehevomif/Build/Products/Debug-iphonesimulator/PackageFrameworks -F/Users/borisserzhanovich/Library/Developer/Xcode/DerivedData/WorkoutTracker-gugjzwqwyjqwbtaovaznehevomif/Build/Products/Debug-iphonesimulator/PackageFrameworks -F/Users/borisserzhanovich/Library/Developer/Xcode/DerivedData/WorkoutTracker-gugjzwqwyjqwbtaovaznehevomif/Build/Products/Debug-iphonesimulator/PackageFrameworks -F/Users/borisserzhanovich/Library/Developer/Xcode/DerivedData/WorkoutTracker-gugjzwqwyjqwbtaovaznehevomif/Build/Products/Debug-iphonesimulator/PackageFrameworks -F/Users/borisserzhanovich/Library/Developer/Xcode/DerivedData/WorkoutTracker-gugjzwqwyjqwbtaovaznehevomif/Build/Products/Debug-iphonesimulator/PackageFrameworks -F/Users/borisserzhanovich/Library/Developer/Xcode/DerivedData/WorkoutTracker-gugjzwqwyjqwbtaovaznehevomif/Build/Products/Debug-iphonesimulator/PackageFrameworks -F/Users/borisserzhanovich/Library/Developer/Xcode/DerivedData/WorkoutTracker-gugjzwqwyjqwbtaovaznehevomif/Build/Products/Debug-iphonesimulator/PackageFrameworks -F/Users/borisserzhanovich/Library/Developer/Xcode/DerivedData/WorkoutTracker-gugjzwqwyjqwbtaovaznehevomif/Build/Products/Debug-iphonesimulator/PackageFrameworks -F/Users/borisserzhanovich/Library/Developer/Xcode/DerivedData/WorkoutTracker-gugjzwqwyjqwbtaovaznehevomif/Build/Products/Debug-iphonesimulator/PackageFrameworks -F/Users/borisserzhanovich/Library/Developer/Xcode/DerivedData/WorkoutTracker-gugjzwqwyjqwbtaovaznehevomif/Build/Products/Debug-iphonesimulator/PackageFrameworks -F/Users/borisserzhanovich/Library/Developer/Xcode/DerivedData/WorkoutTracker-gugjzwqwyjqwbtaovaznehevomif/Build/Products/Debug-iphonesimulator/PackageFrameworks -F/Users/borisserzhanovich/Library/Developer/Xcode/DerivedData/WorkoutTracker-gugjzwqwyjqwbtaovaznehevomif/Build/Products/Debug-iphonesimulator/PackageFrameworks -F/Users/borisserzhanovich/Library/Developer/Xcode/DerivedData/WorkoutTracker-gugjzwqwyjqwbtaovaznehevomif/Build/Products/Debug-iphonesimulator/PackageFrameworks -F/Users/borisserzhanovich/Library/Developer/Xcode/DerivedData/WorkoutTracker-gugjzwqwyjqwbtaovaznehevomif/Build/Products/Debug-iphonesimulator/PackageFrameworks -F/Users/borisserzhanovich/Library/Developer/Xcode/DerivedData/WorkoutTracker-gugjzwqwyjqwbtaovaznehevomif/Build/Products/Debug-iphonesimulator -iframework /Applications/Xcode.app/Contents/Developer/Platforms/iPhoneSimulator.platform/Developer/Library/Frameworks -iframework /Applications/Xcode.app/Contents/Developer/Platforms/iPhoneSimulator.platform/Developer/SDKs/iPhoneSimulator26.2.sdk/Developer/Library/Frameworks -filelist /Users/borisserzhanovich/Library/Developer/Xcode/DerivedData/WorkoutTracker-gugjzwqwyjqwbtaovaznehevomif/Build/Intermediates.noindex/Firebase.build/Debug-iphonesimulator/FirebaseFirestore.build/Objects-normal/arm64/FirebaseFirestore.LinkFileList -nostdlib -Xlinker -object_path_lto -Xlinker /Users/borisserzhanovich/Library/Developer/Xcode/DerivedData/WorkoutTracker-gugjzwqwyjqwbtaovaznehevomif/Build/Intermediates.noindex/Firebase.build/Debug-iphonesimulator/FirebaseFirestore.build/Objects-normal/arm64/FirebaseFirestore_lto.o -rdynamic -Xlinker -no_deduplicate -Xlinker -objc_abi_version -Xlinker 2 -Xlinker -dependency_info -Xlinker /Users/borisserzhanovich/Library/Developer/Xcode/DerivedData/WorkoutTracker-gugjzwqwyjqwbtaovaznehevomif/Build/Intermediates.noindex/Firebase.build/Debug-iphonesimulator/FirebaseFirestore.build/Objects-normal/arm64/FirebaseFirestore_dependency_info.dat -fobjc-link-runtime -L/Applications/Xcode.app/Contents/Developer/Toolchains/XcodeDefault.xctoolchain/usr/lib/swift/iphonesimulator -L/usr/lib/swift -Xlinker -add_ast_path -Xlinker /Users/borisserzhanovich/Library/Developer/Xcode/DerivedData/WorkoutTracker-gugjzwqwyjqwbtaovaznehevomif/Build/Intermediates.noindex/Firebase.build/Debug-iphonesimulator/FirebaseFirestore.build/Objects-normal/arm64/FirebaseFirestore.swiftmodule @/Users/borisserzhanovich/Library/Developer/Xcode/DerivedData/WorkoutTracker-gugjzwqwyjqwbtaovaznehevomif/Build/Intermediates.noindex/Firebase.build/Debug-iphonesimulator/FirebaseFirestore.build/Objects-normal/arm64/FirebaseFirestore-linker-args.resp -o /Users/borisserzhanovich/Library/Developer/Xcode/DerivedData/WorkoutTracker-gugjzwqwyjqwbtaovaznehevomif/Build/Products/Debug-iphonesimulator/FirebaseFirestore.o

CodeSign /Users/borisserzhanovich/Library/Developer/Xcode/DerivedData/WorkoutTracker-gugjzwqwyjqwbtaovaznehevomif/Build/Products/Debug-iphonesimulator/WorkoutTimerWidgetExtension.appex (in target 'WorkoutTimerWidgetExtension' from project 'WorkoutTracker')
    cd /Users/borisserzhanovich/projects/Workout/WorkoutTracker\ copy
    
    Signing Identity:     "Sign to Run Locally"
    
    /usr/bin/codesign --force --sign - --timestamp\=none --generate-entitlement-der /Users/borisserzhanovich/Library/Developer/Xcode/DerivedData/WorkoutTracker-gugjzwqwyjqwbtaovaznehevomif/Build/Products/Debug-iphonesimulator/WorkoutTimerWidgetExtension.appex

RegisterExecutionPolicyException /Users/borisserzhanovich/Library/Developer/Xcode/DerivedData/WorkoutTracker-gugjzwqwyjqwbtaovaznehevomif/Build/Products/Debug-iphonesimulator/FirebaseMessagingInterop.o (in target 'FirebaseMessagingInterop' from project 'Firebase')
    cd /Users/borisserzhanovich/Library/Developer/Xcode/DerivedData/WorkoutTracker-gugjzwqwyjqwbtaovaznehevomif/SourcePackages/checkouts/firebase-ios-sdk
    builtin-RegisterExecutionPolicyException /Users/borisserzhanovich/Library/Developer/Xcode/DerivedData/WorkoutTracker-gugjzwqwyjqwbtaovaznehevomif/Build/Products/Debug-iphonesimulator/FirebaseMessagingInterop.o

Validate /Users/borisserzhanovich/Library/Developer/Xcode/DerivedData/WorkoutTracker-gugjzwqwyjqwbtaovaznehevomif/Build/Products/Debug-watchsimulator/WorkoutTrackerWatch\ Watch\ App.app (in target 'WorkoutTrackerWatch Watch App' from project 'WorkoutTracker')
    cd /Users/borisserzhanovich/projects/Workout/WorkoutTracker\ copy
    builtin-validationUtility /Users/borisserzhanovich/Library/Developer/Xcode/DerivedData/WorkoutTracker-gugjzwqwyjqwbtaovaznehevomif/Build/Products/Debug-watchsimulator/WorkoutTrackerWatch\ Watch\ App.app -shallow-bundle -infoplist-subpath Info.plist

ExtractAppIntentsMetadata (in target 'FirebaseAuth' from project 'Firebase')
    cd /Users/borisserzhanovich/Library/Developer/Xcode/DerivedData/WorkoutTracker-gugjzwqwyjqwbtaovaznehevomif/SourcePackages/checkouts/firebase-ios-sdk
    /Applications/Xcode.app/Contents/Developer/Toolchains/XcodeDefault.xctoolchain/usr/bin/appintentsmetadataprocessor --toolchain-dir /Applications/Xcode.app/Contents/Developer/Toolchains/XcodeDefault.xctoolchain --module-name FirebaseAuth --sdk-root /Applications/Xcode.app/Contents/Developer/Platforms/iPhoneSimulator.platform/Developer/SDKs/iPhoneSimulator26.2.sdk --xcode-version 17C529 --platform-family iOS --deployment-target 15.0 --bundle-identifier firebase-ios-sdk.FirebaseAuth --output /Users/borisserzhanovich/Library/Developer/Xcode/DerivedData/WorkoutTracker-gugjzwqwyjqwbtaovaznehevomif/Build/Products/Debug-iphonesimulator/FirebaseAuth.appintents --target-triple arm64-apple-ios15.0-simulator --binary-file /Users/borisserzhanovich/Library/Developer/Xcode/DerivedData/WorkoutTracker-gugjzwqwyjqwbtaovaznehevomif/Build/Products/Debug-iphonesimulator/FirebaseAuth.o --dependency-file /Users/borisserzhanovich/Library/Developer/Xcode/DerivedData/WorkoutTracker-gugjzwqwyjqwbtaovaznehevomif/Build/Intermediates.noindex/Firebase.build/Debug-iphonesimulator/FirebaseAuth.build/Objects-normal/arm64/FirebaseAuth_dependency_info.dat --stringsdata-file /Users/borisserzhanovich/Library/Developer/Xcode/DerivedData/WorkoutTracker-gugjzwqwyjqwbtaovaznehevomif/Build/Intermediates.noindex/Firebase.build/Debug-iphonesimulator/FirebaseAuth.build/Objects-normal/arm64/ExtractedAppShortcutsMetadata.stringsdata --source-file-list /Users/borisserzhanovich/Library/Developer/Xcode/DerivedData/WorkoutTracker-gugjzwqwyjqwbtaovaznehevomif/Build/Intermediates.noindex/Firebase.build/Debug-iphonesimulator/FirebaseAuth.build/Objects-normal/arm64/FirebaseAuth.SwiftFileList --metadata-file-list /Users/borisserzhanovich/Library/Developer/Xcode/DerivedData/WorkoutTracker-gugjzwqwyjqwbtaovaznehevomif/Build/Intermediates.noindex/Firebase.build/Debug-iphonesimulator/FirebaseAuth.build/FirebaseAuth.DependencyMetadataFileList --static-metadata-file-list /Users/borisserzhanovich/Library/Developer/Xcode/DerivedData/WorkoutTracker-gugjzwqwyjqwbtaovaznehevomif/Build/Intermediates.noindex/Firebase.build/Debug-iphonesimulator/FirebaseAuth.build/FirebaseAuth.DependencyStaticMetadataFileList --swift-const-vals-list /Users/borisserzhanovich/Library/Developer/Xcode/DerivedData/WorkoutTracker-gugjzwqwyjqwbtaovaznehevomif/Build/Intermediates.noindex/Firebase.build/Debug-iphonesimulator/FirebaseAuth.build/Objects-normal/arm64/FirebaseAuth.SwiftConstValuesFileList --force --compile-time-extraction --deployment-aware-processing --validate-assistant-intents --no-app-shortcuts-localization
2026-06-13 22:32:15.977 appintentsmetadataprocessor[58390:10976761] Starting appintentsmetadataprocessor export
2026-06-13 22:32:16.162 appintentsmetadataprocessor[58390:10976761] Extracted no relevant App Intents symbols, skipping writing output

RegisterExecutionPolicyException /Users/borisserzhanovich/Library/Developer/Xcode/DerivedData/WorkoutTracker-gugjzwqwyjqwbtaovaznehevomif/Build/Products/Debug-iphonesimulator/GoogleSignIn.o (in target 'GoogleSignIn' from project 'GoogleSignIn')
    cd /Users/borisserzhanovich/Library/Developer/Xcode/DerivedData/WorkoutTracker-gugjzwqwyjqwbtaovaznehevomif/SourcePackages/checkouts/GoogleSignIn-iOS
    builtin-RegisterExecutionPolicyException /Users/borisserzhanovich/Library/Developer/Xcode/DerivedData/WorkoutTracker-gugjzwqwyjqwbtaovaznehevomif/Build/Products/Debug-iphonesimulator/GoogleSignIn.o

RegisterExecutionPolicyException /Users/borisserzhanovich/Library/Developer/Xcode/DerivedData/WorkoutTracker-gugjzwqwyjqwbtaovaznehevomif/Build/Products/Debug-iphonesimulator/FirebaseAnalyticsWrapper.o (in target 'FirebaseAnalyticsWrapper' from project 'Firebase')
    cd /Users/borisserzhanovich/Library/Developer/Xcode/DerivedData/WorkoutTracker-gugjzwqwyjqwbtaovaznehevomif/SourcePackages/checkouts/firebase-ios-sdk
    builtin-RegisterExecutionPolicyException /Users/borisserzhanovich/Library/Developer/Xcode/DerivedData/WorkoutTracker-gugjzwqwyjqwbtaovaznehevomif/Build/Products/Debug-iphonesimulator/FirebaseAnalyticsWrapper.o

Ld /Users/borisserzhanovich/Library/Developer/Xcode/DerivedData/WorkoutTracker-gugjzwqwyjqwbtaovaznehevomif/Build/Products/Debug-iphonesimulator/FirebaseFunctions.o normal (in target 'FirebaseFunctions' from project 'Firebase')
    cd /Users/borisserzhanovich/Library/Developer/Xcode/DerivedData/WorkoutTracker-gugjzwqwyjqwbtaovaznehevomif/SourcePackages/checkouts/firebase-ios-sdk
    /Applications/Xcode.app/Contents/Developer/Toolchains/XcodeDefault.xctoolchain/usr/bin/clang -Xlinker -reproducible -target arm64-apple-ios15.0-simulator -r -isysroot /Applications/Xcode.app/Contents/Developer/Platforms/iPhoneSimulator.platform/Developer/SDKs/iPhoneSimulator26.2.sdk -O0 -w -L/Users/borisserzhanovich/Library/Developer/Xcode/DerivedData/WorkoutTracker-gugjzwqwyjqwbtaovaznehevomif/Build/Intermediates.noindex/EagerLinkingTBDs/Debug-iphonesimulator -L/Users/borisserzhanovich/Library/Developer/Xcode/DerivedData/WorkoutTracker-gugjzwqwyjqwbtaovaznehevomif/Build/Products/Debug-iphonesimulator -L/Applications/Xcode.app/Contents/Developer/Platforms/iPhoneSimulator.platform/Developer/usr/lib -F/Users/borisserzhanovich/Library/Developer/Xcode/DerivedData/WorkoutTracker-gugjzwqwyjqwbtaovaznehevomif/Build/Intermediates.noindex/EagerLinkingTBDs/Debug-iphonesimulator -F/Users/borisserzhanovich/Library/Developer/Xcode/DerivedData/WorkoutTracker-gugjzwqwyjqwbtaovaznehevomif/Build/Products/Debug-iphonesimulator/PackageFrameworks -F/Users/borisserzhanovich/Library/Developer/Xcode/DerivedData/WorkoutTracker-gugjzwqwyjqwbtaovaznehevomif/Build/Products/Debug-iphonesimulator/PackageFrameworks -F/Users/borisserzhanovich/Library/Developer/Xcode/DerivedData/WorkoutTracker-gugjzwqwyjqwbtaovaznehevomif/Build/Products/Debug-iphonesimulator/PackageFrameworks -F/Users/borisserzhanovich/Library/Developer/Xcode/DerivedData/WorkoutTracker-gugjzwqwyjqwbtaovaznehevomif/Build/Products/Debug-iphonesimulator/PackageFrameworks -F/Users/borisserzhanovich/Library/Developer/Xcode/DerivedData/WorkoutTracker-gugjzwqwyjqwbtaovaznehevomif/Build/Products/Debug-iphonesimulator/PackageFrameworks -F/Users/borisserzhanovich/Library/Developer/Xcode/DerivedData/WorkoutTracker-gugjzwqwyjqwbtaovaznehevomif/Build/Products/Debug-iphonesimulator/PackageFrameworks -F/Users/borisserzhanovich/Library/Developer/Xcode/DerivedData/WorkoutTracker-gugjzwqwyjqwbtaovaznehevomif/Build/Products/Debug-iphonesimulator/PackageFrameworks -F/Users/borisserzhanovich/Library/Developer/Xcode/DerivedData/WorkoutTracker-gugjzwqwyjqwbtaovaznehevomif/Build/Products/Debug-iphonesimulator/PackageFrameworks -F/Users/borisserzhanovich/Library/Developer/Xcode/DerivedData/WorkoutTracker-gugjzwqwyjqwbtaovaznehevomif/Build/Products/Debug-iphonesimulator/PackageFrameworks -F/Users/borisserzhanovich/Library/Developer/Xcode/DerivedData/WorkoutTracker-gugjzwqwyjqwbtaovaznehevomif/Build/Products/Debug-iphonesimulator/PackageFrameworks -F/Users/borisserzhanovich/Library/Developer/Xcode/DerivedData/WorkoutTracker-gugjzwqwyjqwbtaovaznehevomif/Build/Products/Debug-iphonesimulator/PackageFrameworks -F/Users/borisserzhanovich/Library/Developer/Xcode/DerivedData/WorkoutTracker-gugjzwqwyjqwbtaovaznehevomif/Build/Products/Debug-iphonesimulator/PackageFrameworks -F/Users/borisserzhanovich/Library/Developer/Xcode/DerivedData/WorkoutTracker-gugjzwqwyjqwbtaovaznehevomif/Build/Products/Debug-iphonesimulator/PackageFrameworks -F/Users/borisserzhanovich/Library/Developer/Xcode/DerivedData/WorkoutTracker-gugjzwqwyjqwbtaovaznehevomif/Build/Products/Debug-iphonesimulator -iframework /Applications/Xcode.app/Contents/Developer/Platforms/iPhoneSimulator.platform/Developer/Library/Frameworks -iframework /Applications/Xcode.app/Contents/Developer/Platforms/iPhoneSimulator.platform/Developer/SDKs/iPhoneSimulator26.2.sdk/Developer/Library/Frameworks -filelist /Users/borisserzhanovich/Library/Developer/Xcode/DerivedData/WorkoutTracker-gugjzwqwyjqwbtaovaznehevomif/Build/Intermediates.noindex/Firebase.build/Debug-iphonesimulator/FirebaseFunctions.build/Objects-normal/arm64/FirebaseFunctions.LinkFileList -nostdlib -Xlinker -object_path_lto -Xlinker /Users/borisserzhanovich/Library/Developer/Xcode/DerivedData/WorkoutTracker-gugjzwqwyjqwbtaovaznehevomif/Build/Intermediates.noindex/Firebase.build/Debug-iphonesimulator/FirebaseFunctions.build/Objects-normal/arm64/FirebaseFunctions_lto.o -rdynamic -Xlinker -no_deduplicate -Xlinker -objc_abi_version -Xlinker 2 -Xlinker -dependency_info -Xlinker /Users/borisserzhanovich/Library/Developer/Xcode/DerivedData/WorkoutTracker-gugjzwqwyjqwbtaovaznehevomif/Build/Intermediates.noindex/Firebase.build/Debug-iphonesimulator/FirebaseFunctions.build/Objects-normal/arm64/FirebaseFunctions_dependency_info.dat -fobjc-link-runtime -L/Applications/Xcode.app/Contents/Developer/Toolchains/XcodeDefault.xctoolchain/usr/lib/swift/iphonesimulator -L/usr/lib/swift -Xlinker -add_ast_path -Xlinker /Users/borisserzhanovich/Library/Developer/Xcode/DerivedData/WorkoutTracker-gugjzwqwyjqwbtaovaznehevomif/Build/Intermediates.noindex/Firebase.build/Debug-iphonesimulator/FirebaseFunctions.build/Objects-normal/arm64/FirebaseFunctions.swiftmodule @/Users/borisserzhanovich/Library/Developer/Xcode/DerivedData/WorkoutTracker-gugjzwqwyjqwbtaovaznehevomif/Build/Intermediates.noindex/Firebase.build/Debug-iphonesimulator/FirebaseFunctions.build/Objects-normal/arm64/FirebaseFunctions-linker-args.resp -o /Users/borisserzhanovich/Library/Developer/Xcode/DerivedData/WorkoutTracker-gugjzwqwyjqwbtaovaznehevomif/Build/Products/Debug-iphonesimulator/FirebaseFunctions.o

CodeSign /Users/borisserzhanovich/Library/Developer/Xcode/DerivedData/WorkoutTracker-gugjzwqwyjqwbtaovaznehevomif/Build/Products/Debug-iphonesimulator/StatsWidgetExtension.appex/StatsWidgetExtension.debug.dylib (in target 'StatsWidgetExtension' from project 'WorkoutTracker')
    cd /Users/borisserzhanovich/projects/Workout/WorkoutTracker\ copy
    
    Signing Identity:     "Sign to Run Locally"
    
    /usr/bin/codesign --force --sign - --timestamp\=none --generate-entitlement-der /Users/borisserzhanovich/Library/Developer/Xcode/DerivedData/WorkoutTracker-gugjzwqwyjqwbtaovaznehevomif/Build/Products/Debug-iphonesimulator/StatsWidgetExtension.appex/StatsWidgetExtension.debug.dylib

RegisterExecutionPolicyException /Users/borisserzhanovich/Library/Developer/Xcode/DerivedData/WorkoutTracker-gugjzwqwyjqwbtaovaznehevomif/Build/Products/Debug-iphonesimulator/FirebaseABTesting.o (in target 'FirebaseABTesting' from project 'Firebase')
    cd /Users/borisserzhanovich/Library/Developer/Xcode/DerivedData/WorkoutTracker-gugjzwqwyjqwbtaovaznehevomif/SourcePackages/checkouts/firebase-ios-sdk
    builtin-RegisterExecutionPolicyException /Users/borisserzhanovich/Library/Developer/Xcode/DerivedData/WorkoutTracker-gugjzwqwyjqwbtaovaznehevomif/Build/Products/Debug-iphonesimulator/FirebaseABTesting.o

ExtractAppIntentsMetadata (in target 'FirebaseSessions' from project 'Firebase')
    cd /Users/borisserzhanovich/Library/Developer/Xcode/DerivedData/WorkoutTracker-gugjzwqwyjqwbtaovaznehevomif/SourcePackages/checkouts/firebase-ios-sdk
    /Applications/Xcode.app/Contents/Developer/Toolchains/XcodeDefault.xctoolchain/usr/bin/appintentsmetadataprocessor --toolchain-dir /Applications/Xcode.app/Contents/Developer/Toolchains/XcodeDefault.xctoolchain --module-name FirebaseSessions --sdk-root /Applications/Xcode.app/Contents/Developer/Platforms/iPhoneSimulator.platform/Developer/SDKs/iPhoneSimulator26.2.sdk --xcode-version 17C529 --platform-family iOS --deployment-target 15.0 --bundle-identifier firebase-ios-sdk.FirebaseSessions --output /Users/borisserzhanovich/Library/Developer/Xcode/DerivedData/WorkoutTracker-gugjzwqwyjqwbtaovaznehevomif/Build/Products/Debug-iphonesimulator/FirebaseSessions.appintents --target-triple arm64-apple-ios15.0-simulator --binary-file /Users/borisserzhanovich/Library/Developer/Xcode/DerivedData/WorkoutTracker-gugjzwqwyjqwbtaovaznehevomif/Build/Products/Debug-iphonesimulator/FirebaseSessions.o --dependency-file /Users/borisserzhanovich/Library/Developer/Xcode/DerivedData/WorkoutTracker-gugjzwqwyjqwbtaovaznehevomif/Build/Intermediates.noindex/Firebase.build/Debug-iphonesimulator/FirebaseSessions.build/Objects-normal/arm64/FirebaseSessions_dependency_info.dat --stringsdata-file /Users/borisserzhanovich/Library/Developer/Xcode/DerivedData/WorkoutTracker-gugjzwqwyjqwbtaovaznehevomif/Build/Intermediates.noindex/Firebase.build/Debug-iphonesimulator/FirebaseSessions.build/Objects-normal/arm64/ExtractedAppShortcutsMetadata.stringsdata --source-file-list /Users/borisserzhanovich/Library/Developer/Xcode/DerivedData/WorkoutTracker-gugjzwqwyjqwbtaovaznehevomif/Build/Intermediates.noindex/Firebase.build/Debug-iphonesimulator/FirebaseSessions.build/Objects-normal/arm64/FirebaseSessions.SwiftFileList --metadata-file-list /Users/borisserzhanovich/Library/Developer/Xcode/DerivedData/WorkoutTracker-gugjzwqwyjqwbtaovaznehevomif/Build/Intermediates.noindex/Firebase.build/Debug-iphonesimulator/FirebaseSessions.build/FirebaseSessions.DependencyMetadataFileList --static-metadata-file-list /Users/borisserzhanovich/Library/Developer/Xcode/DerivedData/WorkoutTracker-gugjzwqwyjqwbtaovaznehevomif/Build/Intermediates.noindex/Firebase.build/Debug-iphonesimulator/FirebaseSessions.build/FirebaseSessions.DependencyStaticMetadataFileList --swift-const-vals-list /Users/borisserzhanovich/Library/Developer/Xcode/DerivedData/WorkoutTracker-gugjzwqwyjqwbtaovaznehevomif/Build/Intermediates.noindex/Firebase.build/Debug-iphonesimulator/FirebaseSessions.build/Objects-normal/arm64/FirebaseSessions.SwiftConstValuesFileList --force --compile-time-extraction --deployment-aware-processing --validate-assistant-intents --no-app-shortcuts-localization
2026-06-13 22:32:15.987 appintentsmetadataprocessor[58394:10976777] Starting appintentsmetadataprocessor export
2026-06-13 22:32:16.121 appintentsmetadataprocessor[58394:10976777] Extracted no relevant App Intents symbols, skipping writing output

Ld /Users/borisserzhanovich/Library/Developer/Xcode/DerivedData/WorkoutTracker-gugjzwqwyjqwbtaovaznehevomif/Build/Products/Debug-iphonesimulator/FirebaseAnalyticsTarget.o normal (in target 'FirebaseAnalyticsTarget' from project 'Firebase')
    cd /Users/borisserzhanovich/Library/Developer/Xcode/DerivedData/WorkoutTracker-gugjzwqwyjqwbtaovaznehevomif/SourcePackages/checkouts/firebase-ios-sdk
    /Applications/Xcode.app/Contents/Developer/Toolchains/XcodeDefault.xctoolchain/usr/bin/clang -Xlinker -reproducible -target arm64-apple-ios15.0-simulator -r -isysroot /Applications/Xcode.app/Contents/Developer/Platforms/iPhoneSimulator.platform/Developer/SDKs/iPhoneSimulator26.2.sdk -O0 -w -L/Users/borisserzhanovich/Library/Developer/Xcode/DerivedData/WorkoutTracker-gugjzwqwyjqwbtaovaznehevomif/Build/Intermediates.noindex/EagerLinkingTBDs/Debug-iphonesimulator -L/Users/borisserzhanovich/Library/Developer/Xcode/DerivedData/WorkoutTracker-gugjzwqwyjqwbtaovaznehevomif/Build/Products/Debug-iphonesimulator -L/Applications/Xcode.app/Contents/Developer/Platforms/iPhoneSimulator.platform/Developer/usr/lib -F/Users/borisserzhanovich/Library/Developer/Xcode/DerivedData/WorkoutTracker-gugjzwqwyjqwbtaovaznehevomif/Build/Intermediates.noindex/EagerLinkingTBDs/Debug-iphonesimulator -F/Users/borisserzhanovich/Library/Developer/Xcode/DerivedData/WorkoutTracker-gugjzwqwyjqwbtaovaznehevomif/Build/Products/Debug-iphonesimulator/PackageFrameworks -F/Users/borisserzhanovich/Library/Developer/Xcode/DerivedData/WorkoutTracker-gugjzwqwyjqwbtaovaznehevomif/Build/Products/Debug-iphonesimulator/PackageFrameworks -F/Users/borisserzhanovich/Library/Developer/Xcode/DerivedData/WorkoutTracker-gugjzwqwyjqwbtaovaznehevomif/Build/Products/Debug-iphonesimulator/PackageFrameworks -F/Users/borisserzhanovich/Library/Developer/Xcode/DerivedData/WorkoutTracker-gugjzwqwyjqwbtaovaznehevomif/Build/Products/Debug-iphonesimulator/PackageFrameworks -F/Users/borisserzhanovich/Library/Developer/Xcode/DerivedData/WorkoutTracker-gugjzwqwyjqwbtaovaznehevomif/Build/Products/Debug-iphonesimulator/PackageFrameworks -F/Users/borisserzhanovich/Library/Developer/Xcode/DerivedData/WorkoutTracker-gugjzwqwyjqwbtaovaznehevomif/Build/Products/Debug-iphonesimulator/PackageFrameworks -F/Users/borisserzhanovich/Library/Developer/Xcode/DerivedData/WorkoutTracker-gugjzwqwyjqwbtaovaznehevomif/Build/Products/Debug-iphonesimulator/PackageFrameworks -F/Users/borisserzhanovich/Library/Developer/Xcode/DerivedData/WorkoutTracker-gugjzwqwyjqwbtaovaznehevomif/Build/Products/Debug-iphonesimulator/PackageFrameworks -F/Users/borisserzhanovich/Library/Developer/Xcode/DerivedData/WorkoutTracker-gugjzwqwyjqwbtaovaznehevomif/Build/Products/Debug-iphonesimulator/PackageFrameworks -F/Users/borisserzhanovich/Library/Developer/Xcode/DerivedData/WorkoutTracker-gugjzwqwyjqwbtaovaznehevomif/Build/Products/Debug-iphonesimulator/PackageFrameworks -F/Users/borisserzhanovich/Library/Developer/Xcode/DerivedData/WorkoutTracker-gugjzwqwyjqwbtaovaznehevomif/Build/Products/Debug-iphonesimulator/PackageFrameworks -F/Users/borisserzhanovich/Library/Developer/Xcode/DerivedData/WorkoutTracker-gugjzwqwyjqwbtaovaznehevomif/Build/Products/Debug-iphonesimulator/PackageFrameworks -F/Users/borisserzhanovich/Library/Developer/Xcode/DerivedData/WorkoutTracker-gugjzwqwyjqwbtaovaznehevomif/Build/Products/Debug-iphonesimulator/PackageFrameworks -F/Users/borisserzhanovich/Library/Developer/Xcode/DerivedData/WorkoutTracker-gugjzwqwyjqwbtaovaznehevomif/Build/Products/Debug-iphonesimulator/PackageFrameworks -F/Users/borisserzhanovich/Library/Developer/Xcode/DerivedData/WorkoutTracker-gugjzwqwyjqwbtaovaznehevomif/Build/Products/Debug-iphonesimulator/PackageFrameworks -F/Users/borisserzhanovich/Library/Developer/Xcode/DerivedData/WorkoutTracker-gugjzwqwyjqwbtaovaznehevomif/Build/Products/Debug-iphonesimulator/PackageFrameworks -F/Users/borisserzhanovich/Library/Developer/Xcode/DerivedData/WorkoutTracker-gugjzwqwyjqwbtaovaznehevomif/Build/Products/Debug-iphonesimulator/PackageFrameworks -F/Users/borisserzhanovich/Library/Developer/Xcode/DerivedData/WorkoutTracker-gugjzwqwyjqwbtaovaznehevomif/Build/Products/Debug-iphonesimulator/PackageFrameworks -F/Users/borisserzhanovich/Library/Developer/Xcode/DerivedData/WorkoutTracker-gugjzwqwyjqwbtaovaznehevomif/Build/Products/Debug-iphonesimulator -iframework /Applications/Xcode.app/Contents/Developer/Platforms/iPhoneSimulator.platform/Developer/Library/Frameworks -iframework /Applications/Xcode.app/Contents/Developer/Platforms/iPhoneSimulator.platform/Developer/SDKs/iPhoneSimulator26.2.sdk/Developer/Library/Frameworks -filelist /Users/borisserzhanovich/Library/Developer/Xcode/DerivedData/WorkoutTracker-gugjzwqwyjqwbtaovaznehevomif/Build/Intermediates.noindex/Firebase.build/Debug-iphonesimulator/FirebaseAnalyticsTarget.build/Objects-normal/arm64/FirebaseAnalyticsTarget.LinkFileList -nostdlib -Xlinker -object_path_lto -Xlinker /Users/borisserzhanovich/Library/Developer/Xcode/DerivedData/WorkoutTracker-gugjzwqwyjqwbtaovaznehevomif/Build/Intermediates.noindex/Firebase.build/Debug-iphonesimulator/FirebaseAnalyticsTarget.build/Objects-normal/arm64/FirebaseAnalyticsTarget_lto.o -rdynamic -Xlinker -no_deduplicate -Xlinker -objc_abi_version -Xlinker 2 -Xlinker -dependency_info -Xlinker /Users/borisserzhanovich/Library/Developer/Xcode/DerivedData/WorkoutTracker-gugjzwqwyjqwbtaovaznehevomif/Build/Intermediates.noindex/Firebase.build/Debug-iphonesimulator/FirebaseAnalyticsTarget.build/Objects-normal/arm64/FirebaseAnalyticsTarget_dependency_info.dat -fobjc-arc -fobjc-link-runtime -o /Users/borisserzhanovich/Library/Developer/Xcode/DerivedData/WorkoutTracker-gugjzwqwyjqwbtaovaznehevomif/Build/Products/Debug-iphonesimulator/FirebaseAnalyticsTarget.o

Ld /Users/borisserzhanovich/Library/Developer/Xcode/DerivedData/WorkoutTracker-gugjzwqwyjqwbtaovaznehevomif/Build/Products/Debug-iphonesimulator/FirebaseRemoteConfigInternal.o normal (in target 'FirebaseRemoteConfigInternal' from project 'Firebase')
    cd /Users/borisserzhanovich/Library/Developer/Xcode/DerivedData/WorkoutTracker-gugjzwqwyjqwbtaovaznehevomif/SourcePackages/checkouts/firebase-ios-sdk
    /Applications/Xcode.app/Contents/Developer/Toolchains/XcodeDefault.xctoolchain/usr/bin/clang -Xlinker -reproducible -target arm64-apple-ios15.0-simulator -r -isysroot /Applications/Xcode.app/Contents/Developer/Platforms/iPhoneSimulator.platform/Developer/SDKs/iPhoneSimulator26.2.sdk -O0 -w -L/Users/borisserzhanovich/Library/Developer/Xcode/DerivedData/WorkoutTracker-gugjzwqwyjqwbtaovaznehevomif/Build/Intermediates.noindex/EagerLinkingTBDs/Debug-iphonesimulator -L/Users/borisserzhanovich/Library/Developer/Xcode/DerivedData/WorkoutTracker-gugjzwqwyjqwbtaovaznehevomif/Build/Products/Debug-iphonesimulator -L/Applications/Xcode.app/Contents/Developer/Platforms/iPhoneSimulator.platform/Developer/usr/lib -F/Users/borisserzhanovich/Library/Developer/Xcode/DerivedData/WorkoutTracker-gugjzwqwyjqwbtaovaznehevomif/Build/Intermediates.noindex/EagerLinkingTBDs/Debug-iphonesimulator -F/Users/borisserzhanovich/Library/Developer/Xcode/DerivedData/WorkoutTracker-gugjzwqwyjqwbtaovaznehevomif/Build/Products/Debug-iphonesimulator/PackageFrameworks -F/Users/borisserzhanovich/Library/Developer/Xcode/DerivedData/WorkoutTracker-gugjzwqwyjqwbtaovaznehevomif/Build/Products/Debug-iphonesimulator/PackageFrameworks -F/Users/borisserzhanovich/Library/Developer/Xcode/DerivedData/WorkoutTracker-gugjzwqwyjqwbtaovaznehevomif/Build/Products/Debug-iphonesimulator/PackageFrameworks -F/Users/borisserzhanovich/Library/Developer/Xcode/DerivedData/WorkoutTracker-gugjzwqwyjqwbtaovaznehevomif/Build/Products/Debug-iphonesimulator/PackageFrameworks -F/Users/borisserzhanovich/Library/Developer/Xcode/DerivedData/WorkoutTracker-gugjzwqwyjqwbtaovaznehevomif/Build/Products/Debug-iphonesimulator/PackageFrameworks -F/Users/borisserzhanovich/Library/Developer/Xcode/DerivedData/WorkoutTracker-gugjzwqwyjqwbtaovaznehevomif/Build/Products/Debug-iphonesimulator/PackageFrameworks -F/Users/borisserzhanovich/Library/Developer/Xcode/DerivedData/WorkoutTracker-gugjzwqwyjqwbtaovaznehevomif/Build/Products/Debug-iphonesimulator/PackageFrameworks -F/Users/borisserzhanovich/Library/Developer/Xcode/DerivedData/WorkoutTracker-gugjzwqwyjqwbtaovaznehevomif/Build/Products/Debug-iphonesimulator/PackageFrameworks -F/Users/borisserzhanovich/Library/Developer/Xcode/DerivedData/WorkoutTracker-gugjzwqwyjqwbtaovaznehevomif/Build/Products/Debug-iphonesimulator/PackageFrameworks -F/Users/borisserzhanovich/Library/Developer/Xcode/DerivedData/WorkoutTracker-gugjzwqwyjqwbtaovaznehevomif/Build/Products/Debug-iphonesimulator/PackageFrameworks -F/Users/borisserzhanovich/Library/Developer/Xcode/DerivedData/WorkoutTracker-gugjzwqwyjqwbtaovaznehevomif/Build/Products/Debug-iphonesimulator/PackageFrameworks -F/Users/borisserzhanovich/Library/Developer/Xcode/DerivedData/WorkoutTracker-gugjzwqwyjqwbtaovaznehevomif/Build/Products/Debug-iphonesimulator/PackageFrameworks -F/Users/borisserzhanovich/Library/Developer/Xcode/DerivedData/WorkoutTracker-gugjzwqwyjqwbtaovaznehevomif/Build/Products/Debug-iphonesimulator -iframework /Applications/Xcode.app/Contents/Developer/Platforms/iPhoneSimulator.platform/Developer/Library/Frameworks -iframework /Applications/Xcode.app/Contents/Developer/Platforms/iPhoneSimulator.platform/Developer/SDKs/iPhoneSimulator26.2.sdk/Developer/Library/Frameworks -filelist /Users/borisserzhanovich/Library/Developer/Xcode/DerivedData/WorkoutTracker-gugjzwqwyjqwbtaovaznehevomif/Build/Intermediates.noindex/Firebase.build/Debug-iphonesimulator/FirebaseRemoteConfigInternal.build/Objects-normal/arm64/FirebaseRemoteConfigInternal.LinkFileList -nostdlib -Xlinker -object_path_lto -Xlinker /Users/borisserzhanovich/Library/Developer/Xcode/DerivedData/WorkoutTracker-gugjzwqwyjqwbtaovaznehevomif/Build/Intermediates.noindex/Firebase.build/Debug-iphonesimulator/FirebaseRemoteConfigInternal.build/Objects-normal/arm64/FirebaseRemoteConfigInternal_lto.o -rdynamic -Xlinker -no_deduplicate -Xlinker -objc_abi_version -Xlinker 2 -Xlinker -dependency_info -Xlinker /Users/borisserzhanovich/Library/Developer/Xcode/DerivedData/WorkoutTracker-gugjzwqwyjqwbtaovaznehevomif/Build/Intermediates.noindex/Firebase.build/Debug-iphonesimulator/FirebaseRemoteConfigInternal.build/Objects-normal/arm64/FirebaseRemoteConfigInternal_dependency_info.dat -fobjc-arc -fobjc-link-runtime -o /Users/borisserzhanovich/Library/Developer/Xcode/DerivedData/WorkoutTracker-gugjzwqwyjqwbtaovaznehevomif/Build/Products/Debug-iphonesimulator/FirebaseRemoteConfigInternal.o

CodeSign /Users/borisserzhanovich/Library/Developer/Xcode/DerivedData/WorkoutTracker-gugjzwqwyjqwbtaovaznehevomif/Build/Products/Debug-iphonesimulator/StatsWidgetExtension.appex (in target 'StatsWidgetExtension' from project 'WorkoutTracker')
    cd /Users/borisserzhanovich/projects/Workout/WorkoutTracker\ copy
    
    Signing Identity:     "Sign to Run Locally"
    
    /usr/bin/codesign --force --sign - --entitlements /Users/borisserzhanovich/Library/Developer/Xcode/DerivedData/WorkoutTracker-gugjzwqwyjqwbtaovaznehevomif/Build/Intermediates.noindex/WorkoutTracker.build/Debug-iphonesimulator/StatsWidgetExtension.build/StatsWidgetExtension.appex.xcent --timestamp\=none --generate-entitlement-der /Users/borisserzhanovich/Library/Developer/Xcode/DerivedData/WorkoutTracker-gugjzwqwyjqwbtaovaznehevomif/Build/Products/Debug-iphonesimulator/StatsWidgetExtension.appex

ExtractAppIntentsMetadata (in target 'FirebaseFirestore' from project 'Firebase')
    cd /Users/borisserzhanovich/Library/Developer/Xcode/DerivedData/WorkoutTracker-gugjzwqwyjqwbtaovaznehevomif/SourcePackages/checkouts/firebase-ios-sdk
    /Applications/Xcode.app/Contents/Developer/Toolchains/XcodeDefault.xctoolchain/usr/bin/appintentsmetadataprocessor --toolchain-dir /Applications/Xcode.app/Contents/Developer/Toolchains/XcodeDefault.xctoolchain --module-name FirebaseFirestore --sdk-root /Applications/Xcode.app/Contents/Developer/Platforms/iPhoneSimulator.platform/Developer/SDKs/iPhoneSimulator26.2.sdk --xcode-version 17C529 --platform-family iOS --deployment-target 15.0 --bundle-identifier firebase-ios-sdk.FirebaseFirestore --output /Users/borisserzhanovich/Library/Developer/Xcode/DerivedData/WorkoutTracker-gugjzwqwyjqwbtaovaznehevomif/Build/Products/Debug-iphonesimulator/FirebaseFirestore.appintents --target-triple arm64-apple-ios15.0-simulator --binary-file /Users/borisserzhanovich/Library/Developer/Xcode/DerivedData/WorkoutTracker-gugjzwqwyjqwbtaovaznehevomif/Build/Products/Debug-iphonesimulator/FirebaseFirestore.o --dependency-file /Users/borisserzhanovich/Library/Developer/Xcode/DerivedData/WorkoutTracker-gugjzwqwyjqwbtaovaznehevomif/Build/Intermediates.noindex/Firebase.build/Debug-iphonesimulator/FirebaseFirestore.build/Objects-normal/arm64/FirebaseFirestore_dependency_info.dat --stringsdata-file /Users/borisserzhanovich/Library/Developer/Xcode/DerivedData/WorkoutTracker-gugjzwqwyjqwbtaovaznehevomif/Build/Intermediates.noindex/Firebase.build/Debug-iphonesimulator/FirebaseFirestore.build/Objects-normal/arm64/ExtractedAppShortcutsMetadata.stringsdata --source-file-list /Users/borisserzhanovich/Library/Developer/Xcode/DerivedData/WorkoutTracker-gugjzwqwyjqwbtaovaznehevomif/Build/Intermediates.noindex/Firebase.build/Debug-iphonesimulator/FirebaseFirestore.build/Objects-normal/arm64/FirebaseFirestore.SwiftFileList --metadata-file-list /Users/borisserzhanovich/Library/Developer/Xcode/DerivedData/WorkoutTracker-gugjzwqwyjqwbtaovaznehevomif/Build/Intermediates.noindex/Firebase.build/Debug-iphonesimulator/FirebaseFirestore.build/FirebaseFirestore.DependencyMetadataFileList --static-metadata-file-list /Users/borisserzhanovich/Library/Developer/Xcode/DerivedData/WorkoutTracker-gugjzwqwyjqwbtaovaznehevomif/Build/Intermediates.noindex/Firebase.build/Debug-iphonesimulator/FirebaseFirestore.build/FirebaseFirestore.DependencyStaticMetadataFileList --swift-const-vals-list /Users/borisserzhanovich/Library/Developer/Xcode/DerivedData/WorkoutTracker-gugjzwqwyjqwbtaovaznehevomif/Build/Intermediates.noindex/Firebase.build/Debug-iphonesimulator/FirebaseFirestore.build/Objects-normal/arm64/FirebaseFirestore.SwiftConstValuesFileList --force --compile-time-extraction --deployment-aware-processing --validate-assistant-intents --no-app-shortcuts-localization
2026-06-13 22:32:16.002 appintentsmetadataprocessor[58399:10976795] Starting appintentsmetadataprocessor export
2026-06-13 22:32:16.122 appintentsmetadataprocessor[58399:10976795] Extracted no relevant App Intents symbols, skipping writing output

ExtractAppIntentsMetadata (in target 'FirebaseFunctions' from project 'Firebase')
    cd /Users/borisserzhanovich/Library/Developer/Xcode/DerivedData/WorkoutTracker-gugjzwqwyjqwbtaovaznehevomif/SourcePackages/checkouts/firebase-ios-sdk
    /Applications/Xcode.app/Contents/Developer/Toolchains/XcodeDefault.xctoolchain/usr/bin/appintentsmetadataprocessor --toolchain-dir /Applications/Xcode.app/Contents/Developer/Toolchains/XcodeDefault.xctoolchain --module-name FirebaseFunctions --sdk-root /Applications/Xcode.app/Contents/Developer/Platforms/iPhoneSimulator.platform/Developer/SDKs/iPhoneSimulator26.2.sdk --xcode-version 17C529 --platform-family iOS --deployment-target 15.0 --bundle-identifier firebase-ios-sdk.FirebaseFunctions --output /Users/borisserzhanovich/Library/Developer/Xcode/DerivedData/WorkoutTracker-gugjzwqwyjqwbtaovaznehevomif/Build/Products/Debug-iphonesimulator/FirebaseFunctions.appintents --target-triple arm64-apple-ios15.0-simulator --binary-file /Users/borisserzhanovich/Library/Developer/Xcode/DerivedData/WorkoutTracker-gugjzwqwyjqwbtaovaznehevomif/Build/Products/Debug-iphonesimulator/FirebaseFunctions.o --dependency-file /Users/borisserzhanovich/Library/Developer/Xcode/DerivedData/WorkoutTracker-gugjzwqwyjqwbtaovaznehevomif/Build/Intermediates.noindex/Firebase.build/Debug-iphonesimulator/FirebaseFunctions.build/Objects-normal/arm64/FirebaseFunctions_dependency_info.dat --stringsdata-file /Users/borisserzhanovich/Library/Developer/Xcode/DerivedData/WorkoutTracker-gugjzwqwyjqwbtaovaznehevomif/Build/Intermediates.noindex/Firebase.build/Debug-iphonesimulator/FirebaseFunctions.build/Objects-normal/arm64/ExtractedAppShortcutsMetadata.stringsdata --source-file-list /Users/borisserzhanovich/Library/Developer/Xcode/DerivedData/WorkoutTracker-gugjzwqwyjqwbtaovaznehevomif/Build/Intermediates.noindex/Firebase.build/Debug-iphonesimulator/FirebaseFunctions.build/Objects-normal/arm64/FirebaseFunctions.SwiftFileList --metadata-file-list /Users/borisserzhanovich/Library/Developer/Xcode/DerivedData/WorkoutTracker-gugjzwqwyjqwbtaovaznehevomif/Build/Intermediates.noindex/Firebase.build/Debug-iphonesimulator/FirebaseFunctions.build/FirebaseFunctions.DependencyMetadataFileList --static-metadata-file-list /Users/borisserzhanovich/Library/Developer/Xcode/DerivedData/WorkoutTracker-gugjzwqwyjqwbtaovaznehevomif/Build/Intermediates.noindex/Firebase.build/Debug-iphonesimulator/FirebaseFunctions.build/FirebaseFunctions.DependencyStaticMetadataFileList --swift-const-vals-list /Users/borisserzhanovich/Library/Developer/Xcode/DerivedData/WorkoutTracker-gugjzwqwyjqwbtaovaznehevomif/Build/Intermediates.noindex/Firebase.build/Debug-iphonesimulator/FirebaseFunctions.build/Objects-normal/arm64/FirebaseFunctions.SwiftConstValuesFileList --force --compile-time-extraction --deployment-aware-processing --validate-assistant-intents --no-app-shortcuts-localization
2026-06-13 22:32:16.018 appintentsmetadataprocessor[58401:10976812] Starting appintentsmetadataprocessor export
2026-06-13 22:32:16.143 appintentsmetadataprocessor[58401:10976812] Extracted no relevant App Intents symbols, skipping writing output

RegisterExecutionPolicyException /Users/borisserzhanovich/Library/Developer/Xcode/DerivedData/WorkoutTracker-gugjzwqwyjqwbtaovaznehevomif/Build/Products/Debug-iphonesimulator/FirebaseAnalyticsTarget.o (in target 'FirebaseAnalyticsTarget' from project 'Firebase')
    cd /Users/borisserzhanovich/Library/Developer/Xcode/DerivedData/WorkoutTracker-gugjzwqwyjqwbtaovaznehevomif/SourcePackages/checkouts/firebase-ios-sdk
    builtin-RegisterExecutionPolicyException /Users/borisserzhanovich/Library/Developer/Xcode/DerivedData/WorkoutTracker-gugjzwqwyjqwbtaovaznehevomif/Build/Products/Debug-iphonesimulator/FirebaseAnalyticsTarget.o

RegisterExecutionPolicyException /Users/borisserzhanovich/Library/Developer/Xcode/DerivedData/WorkoutTracker-gugjzwqwyjqwbtaovaznehevomif/Build/Products/Debug-iphonesimulator/FirebaseRemoteConfigInternal.o (in target 'FirebaseRemoteConfigInternal' from project 'Firebase')
    cd /Users/borisserzhanovich/Library/Developer/Xcode/DerivedData/WorkoutTracker-gugjzwqwyjqwbtaovaznehevomif/SourcePackages/checkouts/firebase-ios-sdk
    builtin-RegisterExecutionPolicyException /Users/borisserzhanovich/Library/Developer/Xcode/DerivedData/WorkoutTracker-gugjzwqwyjqwbtaovaznehevomif/Build/Products/Debug-iphonesimulator/FirebaseRemoteConfigInternal.o

CopyStringsFile /Users/borisserzhanovich/Library/Developer/Xcode/DerivedData/WorkoutTracker-gugjzwqwyjqwbtaovaznehevomif/Build/Products/Debug-iphonesimulator/WorkoutTracker.app/pt-PT.lproj/Localizable.strings /Users/borisserzhanovich/Library/Developer/Xcode/DerivedData/WorkoutTracker-gugjzwqwyjqwbtaovaznehevomif/Build/Intermediates.noindex/WorkoutTracker.build/Debug-iphonesimulator/WorkoutTracker.build/pt-PT.lproj/Localizable.strings (in target 'WorkoutTracker' from project 'WorkoutTracker')
    cd /Users/borisserzhanovich/projects/Workout/WorkoutTracker\ copy
    builtin-copyStrings --validate --outputencoding binary --outfilename Localizable.strings --outdir /Users/borisserzhanovich/Library/Developer/Xcode/DerivedData/WorkoutTracker-gugjzwqwyjqwbtaovaznehevomif/Build/Products/Debug-iphonesimulator/WorkoutTracker.app/pt-PT.lproj -- /Users/borisserzhanovich/Library/Developer/Xcode/DerivedData/WorkoutTracker-gugjzwqwyjqwbtaovaznehevomif/Build/Intermediates.noindex/WorkoutTracker.build/Debug-iphonesimulator/WorkoutTracker.build/pt-PT.lproj/Localizable.strings
/Users/borisserzhanovich/Library/Developer/Xcode/DerivedData/WorkoutTracker-gugjzwqwyjqwbtaovaznehevomif/Build/Intermediates.noindex/WorkoutTracker.build/Debug-iphonesimulator/WorkoutTracker.build/pt-PT.lproj/Localizable.strings:1:1: note: detected encoding of input file as Unicode (UTF-8) (in target 'WorkoutTracker' from project 'WorkoutTracker')

CopyStringsFile /Users/borisserzhanovich/Library/Developer/Xcode/DerivedData/WorkoutTracker-gugjzwqwyjqwbtaovaznehevomif/Build/Products/Debug-iphonesimulator/WorkoutTracker.app/ru.lproj/Localizable.strings /Users/borisserzhanovich/Library/Developer/Xcode/DerivedData/WorkoutTracker-gugjzwqwyjqwbtaovaznehevomif/Build/Intermediates.noindex/WorkoutTracker.build/Debug-iphonesimulator/WorkoutTracker.build/ru.lproj/Localizable.strings (in target 'WorkoutTracker' from project 'WorkoutTracker')
    cd /Users/borisserzhanovich/projects/Workout/WorkoutTracker\ copy
    builtin-copyStrings --validate --outputencoding binary --outfilename Localizable.strings --outdir /Users/borisserzhanovich/Library/Developer/Xcode/DerivedData/WorkoutTracker-gugjzwqwyjqwbtaovaznehevomif/Build/Products/Debug-iphonesimulator/WorkoutTracker.app/ru.lproj -- /Users/borisserzhanovich/Library/Developer/Xcode/DerivedData/WorkoutTracker-gugjzwqwyjqwbtaovaznehevomif/Build/Intermediates.noindex/WorkoutTracker.build/Debug-iphonesimulator/WorkoutTracker.build/ru.lproj/Localizable.strings
/Users/borisserzhanovich/Library/Developer/Xcode/DerivedData/WorkoutTracker-gugjzwqwyjqwbtaovaznehevomif/Build/Intermediates.noindex/WorkoutTracker.build/Debug-iphonesimulator/WorkoutTracker.build/ru.lproj/Localizable.strings:1:1: note: detected encoding of input file as Unicode (UTF-8) (in target 'WorkoutTracker' from project 'WorkoutTracker')

CopyStringsFile /Users/borisserzhanovich/Library/Developer/Xcode/DerivedData/WorkoutTracker-gugjzwqwyjqwbtaovaznehevomif/Build/Products/Debug-iphonesimulator/WorkoutTracker.app/it.lproj/Localizable.strings /Users/borisserzhanovich/Library/Developer/Xcode/DerivedData/WorkoutTracker-gugjzwqwyjqwbtaovaznehevomif/Build/Intermediates.noindex/WorkoutTracker.build/Debug-iphonesimulator/WorkoutTracker.build/it.lproj/Localizable.strings (in target 'WorkoutTracker' from project 'WorkoutTracker')
    cd /Users/borisserzhanovich/projects/Workout/WorkoutTracker\ copy
    builtin-copyStrings --validate --outputencoding binary --outfilename Localizable.strings --outdir /Users/borisserzhanovich/Library/Developer/Xcode/DerivedData/WorkoutTracker-gugjzwqwyjqwbtaovaznehevomif/Build/Products/Debug-iphonesimulator/WorkoutTracker.app/it.lproj -- /Users/borisserzhanovich/Library/Developer/Xcode/DerivedData/WorkoutTracker-gugjzwqwyjqwbtaovaznehevomif/Build/Intermediates.noindex/WorkoutTracker.build/Debug-iphonesimulator/WorkoutTracker.build/it.lproj/Localizable.strings
/Users/borisserzhanovich/Library/Developer/Xcode/DerivedData/WorkoutTracker-gugjzwqwyjqwbtaovaznehevomif/Build/Intermediates.noindex/WorkoutTracker.build/Debug-iphonesimulator/WorkoutTracker.build/it.lproj/Localizable.strings:1:1: note: detected encoding of input file as Unicode (UTF-8) (in target 'WorkoutTracker' from project 'WorkoutTracker')

CopyStringsFile /Users/borisserzhanovich/Library/Developer/Xcode/DerivedData/WorkoutTracker-gugjzwqwyjqwbtaovaznehevomif/Build/Products/Debug-iphonesimulator/WorkoutTracker.app/fr.lproj/Localizable.strings /Users/borisserzhanovich/Library/Developer/Xcode/DerivedData/WorkoutTracker-gugjzwqwyjqwbtaovaznehevomif/Build/Intermediates.noindex/WorkoutTracker.build/Debug-iphonesimulator/WorkoutTracker.build/fr.lproj/Localizable.strings (in target 'WorkoutTracker' from project 'WorkoutTracker')
    cd /Users/borisserzhanovich/projects/Workout/WorkoutTracker\ copy
    builtin-copyStrings --validate --outputencoding binary --outfilename Localizable.strings --outdir /Users/borisserzhanovich/Library/Developer/Xcode/DerivedData/WorkoutTracker-gugjzwqwyjqwbtaovaznehevomif/Build/Products/Debug-iphonesimulator/WorkoutTracker.app/fr.lproj -- /Users/borisserzhanovich/Library/Developer/Xcode/DerivedData/WorkoutTracker-gugjzwqwyjqwbtaovaznehevomif/Build/Intermediates.noindex/WorkoutTracker.build/Debug-iphonesimulator/WorkoutTracker.build/fr.lproj/Localizable.strings
/Users/borisserzhanovich/Library/Developer/Xcode/DerivedData/WorkoutTracker-gugjzwqwyjqwbtaovaznehevomif/Build/Intermediates.noindex/WorkoutTracker.build/Debug-iphonesimulator/WorkoutTracker.build/fr.lproj/Localizable.strings:1:1: note: detected encoding of input file as Unicode (UTF-8) (in target 'WorkoutTracker' from project 'WorkoutTracker')

CopyStringsFile /Users/borisserzhanovich/Library/Developer/Xcode/DerivedData/WorkoutTracker-gugjzwqwyjqwbtaovaznehevomif/Build/Products/Debug-iphonesimulator/WorkoutTracker.app/es.lproj/Localizable.strings /Users/borisserzhanovich/Library/Developer/Xcode/DerivedData/WorkoutTracker-gugjzwqwyjqwbtaovaznehevomif/Build/Intermediates.noindex/WorkoutTracker.build/Debug-iphonesimulator/WorkoutTracker.build/es.lproj/Localizable.strings (in target 'WorkoutTracker' from project 'WorkoutTracker')
    cd /Users/borisserzhanovich/projects/Workout/WorkoutTracker\ copy
    builtin-copyStrings --validate --outputencoding binary --outfilename Localizable.strings --outdir /Users/borisserzhanovich/Library/Developer/Xcode/DerivedData/WorkoutTracker-gugjzwqwyjqwbtaovaznehevomif/Build/Products/Debug-iphonesimulator/WorkoutTracker.app/es.lproj -- /Users/borisserzhanovich/Library/Developer/Xcode/DerivedData/WorkoutTracker-gugjzwqwyjqwbtaovaznehevomif/Build/Intermediates.noindex/WorkoutTracker.build/Debug-iphonesimulator/WorkoutTracker.build/es.lproj/Localizable.strings
/Users/borisserzhanovich/Library/Developer/Xcode/DerivedData/WorkoutTracker-gugjzwqwyjqwbtaovaznehevomif/Build/Intermediates.noindex/WorkoutTracker.build/Debug-iphonesimulator/WorkoutTracker.build/es.lproj/Localizable.strings:1:1: note: detected encoding of input file as Unicode (UTF-8) (in target 'WorkoutTracker' from project 'WorkoutTracker')

CopyStringsFile /Users/borisserzhanovich/Library/Developer/Xcode/DerivedData/WorkoutTracker-gugjzwqwyjqwbtaovaznehevomif/Build/Products/Debug-iphonesimulator/WorkoutTracker.app/en.lproj/Localizable.strings /Users/borisserzhanovich/Library/Developer/Xcode/DerivedData/WorkoutTracker-gugjzwqwyjqwbtaovaznehevomif/Build/Intermediates.noindex/WorkoutTracker.build/Debug-iphonesimulator/WorkoutTracker.build/en.lproj/Localizable.strings (in target 'WorkoutTracker' from project 'WorkoutTracker')
    cd /Users/borisserzhanovich/projects/Workout/WorkoutTracker\ copy
    builtin-copyStrings --validate --outputencoding binary --outfilename Localizable.strings --outdir /Users/borisserzhanovich/Library/Developer/Xcode/DerivedData/WorkoutTracker-gugjzwqwyjqwbtaovaznehevomif/Build/Products/Debug-iphonesimulator/WorkoutTracker.app/en.lproj -- /Users/borisserzhanovich/Library/Developer/Xcode/DerivedData/WorkoutTracker-gugjzwqwyjqwbtaovaznehevomif/Build/Intermediates.noindex/WorkoutTracker.build/Debug-iphonesimulator/WorkoutTracker.build/en.lproj/Localizable.strings
/Users/borisserzhanovich/Library/Developer/Xcode/DerivedData/WorkoutTracker-gugjzwqwyjqwbtaovaznehevomif/Build/Intermediates.noindex/WorkoutTracker.build/Debug-iphonesimulator/WorkoutTracker.build/en.lproj/Localizable.strings:1:1: note: detected encoding of input file as Unicode (UTF-8) (in target 'WorkoutTracker' from project 'WorkoutTracker')

CopyStringsFile /Users/borisserzhanovich/Library/Developer/Xcode/DerivedData/WorkoutTracker-gugjzwqwyjqwbtaovaznehevomif/Build/Products/Debug-iphonesimulator/WorkoutTracker.app/de.lproj/Localizable.strings /Users/borisserzhanovich/Library/Developer/Xcode/DerivedData/WorkoutTracker-gugjzwqwyjqwbtaovaznehevomif/Build/Intermediates.noindex/WorkoutTracker.build/Debug-iphonesimulator/WorkoutTracker.build/de.lproj/Localizable.strings (in target 'WorkoutTracker' from project 'WorkoutTracker')
    cd /Users/borisserzhanovich/projects/Workout/WorkoutTracker\ copy
    builtin-copyStrings --validate --outputencoding binary --outfilename Localizable.strings --outdir /Users/borisserzhanovich/Library/Developer/Xcode/DerivedData/WorkoutTracker-gugjzwqwyjqwbtaovaznehevomif/Build/Products/Debug-iphonesimulator/WorkoutTracker.app/de.lproj -- /Users/borisserzhanovich/Library/Developer/Xcode/DerivedData/WorkoutTracker-gugjzwqwyjqwbtaovaznehevomif/Build/Intermediates.noindex/WorkoutTracker.build/Debug-iphonesimulator/WorkoutTracker.build/de.lproj/Localizable.strings
/Users/borisserzhanovich/Library/Developer/Xcode/DerivedData/WorkoutTracker-gugjzwqwyjqwbtaovaznehevomif/Build/Intermediates.noindex/WorkoutTracker.build/Debug-iphonesimulator/WorkoutTracker.build/de.lproj/Localizable.strings:1:1: note: detected encoding of input file as Unicode (UTF-8) (in target 'WorkoutTracker' from project 'WorkoutTracker')

Ld /Users/borisserzhanovich/Library/Developer/Xcode/DerivedData/WorkoutTracker-gugjzwqwyjqwbtaovaznehevomif/Build/Products/Debug-iphonesimulator/FirebaseRemoteConfig.o normal (in target 'FirebaseRemoteConfig' from project 'Firebase')
    cd /Users/borisserzhanovich/Library/Developer/Xcode/DerivedData/WorkoutTracker-gugjzwqwyjqwbtaovaznehevomif/SourcePackages/checkouts/firebase-ios-sdk
    /Applications/Xcode.app/Contents/Developer/Toolchains/XcodeDefault.xctoolchain/usr/bin/clang -Xlinker -reproducible -target arm64-apple-ios15.0-simulator -r -isysroot /Applications/Xcode.app/Contents/Developer/Platforms/iPhoneSimulator.platform/Developer/SDKs/iPhoneSimulator26.2.sdk -O0 -w -L/Users/borisserzhanovich/Library/Developer/Xcode/DerivedData/WorkoutTracker-gugjzwqwyjqwbtaovaznehevomif/Build/Intermediates.noindex/EagerLinkingTBDs/Debug-iphonesimulator -L/Users/borisserzhanovich/Library/Developer/Xcode/DerivedData/WorkoutTracker-gugjzwqwyjqwbtaovaznehevomif/Build/Products/Debug-iphonesimulator -L/Applications/Xcode.app/Contents/Developer/Platforms/iPhoneSimulator.platform/Developer/usr/lib -F/Users/borisserzhanovich/Library/Developer/Xcode/DerivedData/WorkoutTracker-gugjzwqwyjqwbtaovaznehevomif/Build/Intermediates.noindex/EagerLinkingTBDs/Debug-iphonesimulator -F/Users/borisserzhanovich/Library/Developer/Xcode/DerivedData/WorkoutTracker-gugjzwqwyjqwbtaovaznehevomif/Build/Products/Debug-iphonesimulator/PackageFrameworks -F/Users/borisserzhanovich/Library/Developer/Xcode/DerivedData/WorkoutTracker-gugjzwqwyjqwbtaovaznehevomif/Build/Products/Debug-iphonesimulator/PackageFrameworks -F/Users/borisserzhanovich/Library/Developer/Xcode/DerivedData/WorkoutTracker-gugjzwqwyjqwbtaovaznehevomif/Build/Products/Debug-iphonesimulator/PackageFrameworks -F/Users/borisserzhanovich/Library/Developer/Xcode/DerivedData/WorkoutTracker-gugjzwqwyjqwbtaovaznehevomif/Build/Products/Debug-iphonesimulator/PackageFrameworks -F/Users/borisserzhanovich/Library/Developer/Xcode/DerivedData/WorkoutTracker-gugjzwqwyjqwbtaovaznehevomif/Build/Products/Debug-iphonesimulator/PackageFrameworks -F/Users/borisserzhanovich/Library/Developer/Xcode/DerivedData/WorkoutTracker-gugjzwqwyjqwbtaovaznehevomif/Build/Products/Debug-iphonesimulator/PackageFrameworks -F/Users/borisserzhanovich/Library/Developer/Xcode/DerivedData/WorkoutTracker-gugjzwqwyjqwbtaovaznehevomif/Build/Products/Debug-iphonesimulator/PackageFrameworks -F/Users/borisserzhanovich/Library/Developer/Xcode/DerivedData/WorkoutTracker-gugjzwqwyjqwbtaovaznehevomif/Build/Products/Debug-iphonesimulator/PackageFrameworks -F/Users/borisserzhanovich/Library/Developer/Xcode/DerivedData/WorkoutTracker-gugjzwqwyjqwbtaovaznehevomif/Build/Products/Debug-iphonesimulator/PackageFrameworks -F/Users/borisserzhanovich/Library/Developer/Xcode/DerivedData/WorkoutTracker-gugjzwqwyjqwbtaovaznehevomif/Build/Products/Debug-iphonesimulator/PackageFrameworks -F/Users/borisserzhanovich/Library/Developer/Xcode/DerivedData/WorkoutTracker-gugjzwqwyjqwbtaovaznehevomif/Build/Products/Debug-iphonesimulator/PackageFrameworks -F/Users/borisserzhanovich/Library/Developer/Xcode/DerivedData/WorkoutTracker-gugjzwqwyjqwbtaovaznehevomif/Build/Products/Debug-iphonesimulator/PackageFrameworks -F/Users/borisserzhanovich/Library/Developer/Xcode/DerivedData/WorkoutTracker-gugjzwqwyjqwbtaovaznehevomif/Build/Products/Debug-iphonesimulator/PackageFrameworks -F/Users/borisserzhanovich/Library/Developer/Xcode/DerivedData/WorkoutTracker-gugjzwqwyjqwbtaovaznehevomif/Build/Products/Debug-iphonesimulator/PackageFrameworks -F/Users/borisserzhanovich/Library/Developer/Xcode/DerivedData/WorkoutTracker-gugjzwqwyjqwbtaovaznehevomif/Build/Products/Debug-iphonesimulator -iframework /Applications/Xcode.app/Contents/Developer/Platforms/iPhoneSimulator.platform/Developer/Library/Frameworks -iframework /Applications/Xcode.app/Contents/Developer/Platforms/iPhoneSimulator.platform/Developer/SDKs/iPhoneSimulator26.2.sdk/Developer/Library/Frameworks -filelist /Users/borisserzhanovich/Library/Developer/Xcode/DerivedData/WorkoutTracker-gugjzwqwyjqwbtaovaznehevomif/Build/Intermediates.noindex/Firebase.build/Debug-iphonesimulator/FirebaseRemoteConfig.build/Objects-normal/arm64/FirebaseRemoteConfig.LinkFileList -nostdlib -Xlinker -object_path_lto -Xlinker /Users/borisserzhanovich/Library/Developer/Xcode/DerivedData/WorkoutTracker-gugjzwqwyjqwbtaovaznehevomif/Build/Intermediates.noindex/Firebase.build/Debug-iphonesimulator/FirebaseRemoteConfig.build/Objects-normal/arm64/FirebaseRemoteConfig_lto.o -rdynamic -Xlinker -no_deduplicate -Xlinker -objc_abi_version -Xlinker 2 -Xlinker -dependency_info -Xlinker /Users/borisserzhanovich/Library/Developer/Xcode/DerivedData/WorkoutTracker-gugjzwqwyjqwbtaovaznehevomif/Build/Intermediates.noindex/Firebase.build/Debug-iphonesimulator/FirebaseRemoteConfig.build/Objects-normal/arm64/FirebaseRemoteConfig_dependency_info.dat -fobjc-link-runtime -L/Applications/Xcode.app/Contents/Developer/Toolchains/XcodeDefault.xctoolchain/usr/lib/swift/iphonesimulator -L/usr/lib/swift -Xlinker -add_ast_path -Xlinker /Users/borisserzhanovich/Library/Developer/Xcode/DerivedData/WorkoutTracker-gugjzwqwyjqwbtaovaznehevomif/Build/Intermediates.noindex/Firebase.build/Debug-iphonesimulator/FirebaseRemoteConfig.build/Objects-normal/arm64/FirebaseRemoteConfig.swiftmodule @/Users/borisserzhanovich/Library/Developer/Xcode/DerivedData/WorkoutTracker-gugjzwqwyjqwbtaovaznehevomif/Build/Intermediates.noindex/Firebase.build/Debug-iphonesimulator/FirebaseRemoteConfig.build/Objects-normal/arm64/FirebaseRemoteConfig-linker-args.resp -o /Users/borisserzhanovich/Library/Developer/Xcode/DerivedData/WorkoutTracker-gugjzwqwyjqwbtaovaznehevomif/Build/Products/Debug-iphonesimulator/FirebaseRemoteConfig.o

RegisterExecutionPolicyException /Users/borisserzhanovich/Library/Developer/Xcode/DerivedData/WorkoutTracker-gugjzwqwyjqwbtaovaznehevomif/Build/Products/Debug-iphonesimulator/FirebaseStorage.o (in target 'FirebaseStorage' from project 'Firebase')
    cd /Users/borisserzhanovich/Library/Developer/Xcode/DerivedData/WorkoutTracker-gugjzwqwyjqwbtaovaznehevomif/SourcePackages/checkouts/firebase-ios-sdk
    builtin-RegisterExecutionPolicyException /Users/borisserzhanovich/Library/Developer/Xcode/DerivedData/WorkoutTracker-gugjzwqwyjqwbtaovaznehevomif/Build/Products/Debug-iphonesimulator/FirebaseStorage.o

RegisterExecutionPolicyException /Users/borisserzhanovich/Library/Developer/Xcode/DerivedData/WorkoutTracker-gugjzwqwyjqwbtaovaznehevomif/Build/Products/Debug-iphonesimulator/FirebaseSessions.o (in target 'FirebaseSessions' from project 'Firebase')
    cd /Users/borisserzhanovich/Library/Developer/Xcode/DerivedData/WorkoutTracker-gugjzwqwyjqwbtaovaznehevomif/SourcePackages/checkouts/firebase-ios-sdk
    builtin-RegisterExecutionPolicyException /Users/borisserzhanovich/Library/Developer/Xcode/DerivedData/WorkoutTracker-gugjzwqwyjqwbtaovaznehevomif/Build/Products/Debug-iphonesimulator/FirebaseSessions.o

RegisterExecutionPolicyException /Users/borisserzhanovich/Library/Developer/Xcode/DerivedData/WorkoutTracker-gugjzwqwyjqwbtaovaznehevomif/Build/Products/Debug-iphonesimulator/FirebaseFirestore.o (in target 'FirebaseFirestore' from project 'Firebase')
    cd /Users/borisserzhanovich/Library/Developer/Xcode/DerivedData/WorkoutTracker-gugjzwqwyjqwbtaovaznehevomif/SourcePackages/checkouts/firebase-ios-sdk
    builtin-RegisterExecutionPolicyException /Users/borisserzhanovich/Library/Developer/Xcode/DerivedData/WorkoutTracker-gugjzwqwyjqwbtaovaznehevomif/Build/Products/Debug-iphonesimulator/FirebaseFirestore.o

Ld /Users/borisserzhanovich/Library/Developer/Xcode/DerivedData/WorkoutTracker-gugjzwqwyjqwbtaovaznehevomif/Build/Products/Debug-iphonesimulator/FirebasePerformance.o normal (in target 'FirebasePerformance' from project 'Firebase')
    cd /Users/borisserzhanovich/Library/Developer/Xcode/DerivedData/WorkoutTracker-gugjzwqwyjqwbtaovaznehevomif/SourcePackages/checkouts/firebase-ios-sdk
    /Applications/Xcode.app/Contents/Developer/Toolchains/XcodeDefault.xctoolchain/usr/bin/clang -Xlinker -reproducible -target arm64-apple-ios15.0-simulator -r -isysroot /Applications/Xcode.app/Contents/Developer/Platforms/iPhoneSimulator.platform/Developer/SDKs/iPhoneSimulator26.2.sdk -O0 -w -L/Users/borisserzhanovich/Library/Developer/Xcode/DerivedData/WorkoutTracker-gugjzwqwyjqwbtaovaznehevomif/Build/Intermediates.noindex/EagerLinkingTBDs/Debug-iphonesimulator -L/Users/borisserzhanovich/Library/Developer/Xcode/DerivedData/WorkoutTracker-gugjzwqwyjqwbtaovaznehevomif/Build/Products/Debug-iphonesimulator -L/Applications/Xcode.app/Contents/Developer/Platforms/iPhoneSimulator.platform/Developer/usr/lib -F/Users/borisserzhanovich/Library/Developer/Xcode/DerivedData/WorkoutTracker-gugjzwqwyjqwbtaovaznehevomif/Build/Intermediates.noindex/EagerLinkingTBDs/Debug-iphonesimulator -F/Users/borisserzhanovich/Library/Developer/Xcode/DerivedData/WorkoutTracker-gugjzwqwyjqwbtaovaznehevomif/Build/Products/Debug-iphonesimulator/PackageFrameworks -F/Users/borisserzhanovich/Library/Developer/Xcode/DerivedData/WorkoutTracker-gugjzwqwyjqwbtaovaznehevomif/Build/Products/Debug-iphonesimulator/PackageFrameworks -F/Users/borisserzhanovich/Library/Developer/Xcode/DerivedData/WorkoutTracker-gugjzwqwyjqwbtaovaznehevomif/Build/Products/Debug-iphonesimulator/PackageFrameworks -F/Users/borisserzhanovich/Library/Developer/Xcode/DerivedData/WorkoutTracker-gugjzwqwyjqwbtaovaznehevomif/Build/Products/Debug-iphonesimulator/PackageFrameworks -F/Users/borisserzhanovich/Library/Developer/Xcode/DerivedData/WorkoutTracker-gugjzwqwyjqwbtaovaznehevomif/Build/Products/Debug-iphonesimulator/PackageFrameworks -F/Users/borisserzhanovich/Library/Developer/Xcode/DerivedData/WorkoutTracker-gugjzwqwyjqwbtaovaznehevomif/Build/Products/Debug-iphonesimulator/PackageFrameworks -F/Users/borisserzhanovich/Library/Developer/Xcode/DerivedData/WorkoutTracker-gugjzwqwyjqwbtaovaznehevomif/Build/Products/Debug-iphonesimulator/PackageFrameworks -F/Users/borisserzhanovich/Library/Developer/Xcode/DerivedData/WorkoutTracker-gugjzwqwyjqwbtaovaznehevomif/Build/Products/Debug-iphonesimulator/PackageFrameworks -F/Users/borisserzhanovich/Library/Developer/Xcode/DerivedData/WorkoutTracker-gugjzwqwyjqwbtaovaznehevomif/Build/Products/Debug-iphonesimulator/PackageFrameworks -F/Users/borisserzhanovich/Library/Developer/Xcode/DerivedData/WorkoutTracker-gugjzwqwyjqwbtaovaznehevomif/Build/Products/Debug-iphonesimulator/PackageFrameworks -F/Users/borisserzhanovich/Library/Developer/Xcode/DerivedData/WorkoutTracker-gugjzwqwyjqwbtaovaznehevomif/Build/Products/Debug-iphonesimulator/PackageFrameworks -F/Users/borisserzhanovich/Library/Developer/Xcode/DerivedData/WorkoutTracker-gugjzwqwyjqwbtaovaznehevomif/Build/Products/Debug-iphonesimulator/PackageFrameworks -F/Users/borisserzhanovich/Library/Developer/Xcode/DerivedData/WorkoutTracker-gugjzwqwyjqwbtaovaznehevomif/Build/Products/Debug-iphonesimulator/PackageFrameworks -F/Users/borisserzhanovich/Library/Developer/Xcode/DerivedData/WorkoutTracker-gugjzwqwyjqwbtaovaznehevomif/Build/Products/Debug-iphonesimulator/PackageFrameworks -F/Users/borisserzhanovich/Library/Developer/Xcode/DerivedData/WorkoutTracker-gugjzwqwyjqwbtaovaznehevomif/Build/Products/Debug-iphonesimulator/PackageFrameworks -F/Users/borisserzhanovich/Library/Developer/Xcode/DerivedData/WorkoutTracker-gugjzwqwyjqwbtaovaznehevomif/Build/Products/Debug-iphonesimulator/PackageFrameworks -F/Users/borisserzhanovich/Library/Developer/Xcode/DerivedData/WorkoutTracker-gugjzwqwyjqwbtaovaznehevomif/Build/Products/Debug-iphonesimulator/PackageFrameworks -F/Users/borisserzhanovich/Library/Developer/Xcode/DerivedData/WorkoutTracker-gugjzwqwyjqwbtaovaznehevomif/Build/Products/Debug-iphonesimulator/PackageFrameworks -F/Users/borisserzhanovich/Library/Developer/Xcode/DerivedData/WorkoutTracker-gugjzwqwyjqwbtaovaznehevomif/Build/Products/Debug-iphonesimulator/PackageFrameworks -F/Users/borisserzhanovich/Library/Developer/Xcode/DerivedData/WorkoutTracker-gugjzwqwyjqwbtaovaznehevomif/Build/Products/Debug-iphonesimulator/PackageFrameworks -F/Users/borisserzhanovich/Library/Developer/Xcode/DerivedData/WorkoutTracker-gugjzwqwyjqwbtaovaznehevomif/Build/Products/Debug-iphonesimulator -iframework /Applications/Xcode.app/Contents/Developer/Platforms/iPhoneSimulator.platform/Developer/Library/Frameworks -iframework /Applications/Xcode.app/Contents/Developer/Platforms/iPhoneSimulator.platform/Developer/SDKs/iPhoneSimulator26.2.sdk/Developer/Library/Frameworks -filelist /Users/borisserzhanovich/Library/Developer/Xcode/DerivedData/WorkoutTracker-gugjzwqwyjqwbtaovaznehevomif/Build/Intermediates.noindex/Firebase.build/Debug-iphonesimulator/FirebasePerformance.build/Objects-normal/arm64/FirebasePerformance.LinkFileList -nostdlib -Xlinker -object_path_lto -Xlinker /Users/borisserzhanovich/Library/Developer/Xcode/DerivedData/WorkoutTracker-gugjzwqwyjqwbtaovaznehevomif/Build/Intermediates.noindex/Firebase.build/Debug-iphonesimulator/FirebasePerformance.build/Objects-normal/arm64/FirebasePerformance_lto.o -rdynamic -Xlinker -no_deduplicate -Xlinker -objc_abi_version -Xlinker 2 -Xlinker -dependency_info -Xlinker /Users/borisserzhanovich/Library/Developer/Xcode/DerivedData/WorkoutTracker-gugjzwqwyjqwbtaovaznehevomif/Build/Intermediates.noindex/Firebase.build/Debug-iphonesimulator/FirebasePerformance.build/Objects-normal/arm64/FirebasePerformance_dependency_info.dat -fobjc-arc -fobjc-link-runtime -o /Users/borisserzhanovich/Library/Developer/Xcode/DerivedData/WorkoutTracker-gugjzwqwyjqwbtaovaznehevomif/Build/Products/Debug-iphonesimulator/FirebasePerformance.o

RegisterExecutionPolicyException /Users/borisserzhanovich/Library/Developer/Xcode/DerivedData/WorkoutTracker-gugjzwqwyjqwbtaovaznehevomif/Build/Products/Debug-iphonesimulator/FirebaseCrashlyticsSwift.o (in target 'FirebaseCrashlyticsSwift' from project 'Firebase')
    cd /Users/borisserzhanovich/Library/Developer/Xcode/DerivedData/WorkoutTracker-gugjzwqwyjqwbtaovaznehevomif/SourcePackages/checkouts/firebase-ios-sdk
    builtin-RegisterExecutionPolicyException /Users/borisserzhanovich/Library/Developer/Xcode/DerivedData/WorkoutTracker-gugjzwqwyjqwbtaovaznehevomif/Build/Products/Debug-iphonesimulator/FirebaseCrashlyticsSwift.o

ExtractAppIntentsMetadata (in target 'FirebaseRemoteConfig' from project 'Firebase')
    cd /Users/borisserzhanovich/Library/Developer/Xcode/DerivedData/WorkoutTracker-gugjzwqwyjqwbtaovaznehevomif/SourcePackages/checkouts/firebase-ios-sdk
    /Applications/Xcode.app/Contents/Developer/Toolchains/XcodeDefault.xctoolchain/usr/bin/appintentsmetadataprocessor --toolchain-dir /Applications/Xcode.app/Contents/Developer/Toolchains/XcodeDefault.xctoolchain --module-name FirebaseRemoteConfig --sdk-root /Applications/Xcode.app/Contents/Developer/Platforms/iPhoneSimulator.platform/Developer/SDKs/iPhoneSimulator26.2.sdk --xcode-version 17C529 --platform-family iOS --deployment-target 15.0 --bundle-identifier firebase-ios-sdk.FirebaseRemoteConfig --output /Users/borisserzhanovich/Library/Developer/Xcode/DerivedData/WorkoutTracker-gugjzwqwyjqwbtaovaznehevomif/Build/Products/Debug-iphonesimulator/FirebaseRemoteConfig.appintents --target-triple arm64-apple-ios15.0-simulator --binary-file /Users/borisserzhanovich/Library/Developer/Xcode/DerivedData/WorkoutTracker-gugjzwqwyjqwbtaovaznehevomif/Build/Products/Debug-iphonesimulator/FirebaseRemoteConfig.o --dependency-file /Users/borisserzhanovich/Library/Developer/Xcode/DerivedData/WorkoutTracker-gugjzwqwyjqwbtaovaznehevomif/Build/Intermediates.noindex/Firebase.build/Debug-iphonesimulator/FirebaseRemoteConfig.build/Objects-normal/arm64/FirebaseRemoteConfig_dependency_info.dat --stringsdata-file /Users/borisserzhanovich/Library/Developer/Xcode/DerivedData/WorkoutTracker-gugjzwqwyjqwbtaovaznehevomif/Build/Intermediates.noindex/Firebase.build/Debug-iphonesimulator/FirebaseRemoteConfig.build/Objects-normal/arm64/ExtractedAppShortcutsMetadata.stringsdata --source-file-list /Users/borisserzhanovich/Library/Developer/Xcode/DerivedData/WorkoutTracker-gugjzwqwyjqwbtaovaznehevomif/Build/Intermediates.noindex/Firebase.build/Debug-iphonesimulator/FirebaseRemoteConfig.build/Objects-normal/arm64/FirebaseRemoteConfig.SwiftFileList --metadata-file-list /Users/borisserzhanovich/Library/Developer/Xcode/DerivedData/WorkoutTracker-gugjzwqwyjqwbtaovaznehevomif/Build/Intermediates.noindex/Firebase.build/Debug-iphonesimulator/FirebaseRemoteConfig.build/FirebaseRemoteConfig.DependencyMetadataFileList --static-metadata-file-list /Users/borisserzhanovich/Library/Developer/Xcode/DerivedData/WorkoutTracker-gugjzwqwyjqwbtaovaznehevomif/Build/Intermediates.noindex/Firebase.build/Debug-iphonesimulator/FirebaseRemoteConfig.build/FirebaseRemoteConfig.DependencyStaticMetadataFileList --swift-const-vals-list /Users/borisserzhanovich/Library/Developer/Xcode/DerivedData/WorkoutTracker-gugjzwqwyjqwbtaovaznehevomif/Build/Intermediates.noindex/Firebase.build/Debug-iphonesimulator/FirebaseRemoteConfig.build/Objects-normal/arm64/FirebaseRemoteConfig.SwiftConstValuesFileList --force --compile-time-extraction --deployment-aware-processing --validate-assistant-intents --no-app-shortcuts-localization
2026-06-13 22:32:16.156 appintentsmetadataprocessor[58405:10976840] Starting appintentsmetadataprocessor export
2026-06-13 22:32:16.241 appintentsmetadataprocessor[58405:10976840] Extracted no relevant App Intents symbols, skipping writing output

Ld /Users/borisserzhanovich/Library/Developer/Xcode/DerivedData/WorkoutTracker-gugjzwqwyjqwbtaovaznehevomif/Build/Products/Debug-iphonesimulator/FirebaseFirestoreTarget.o normal (in target 'FirebaseFirestoreTarget' from project 'Firebase')
    cd /Users/borisserzhanovich/Library/Developer/Xcode/DerivedData/WorkoutTracker-gugjzwqwyjqwbtaovaznehevomif/SourcePackages/checkouts/firebase-ios-sdk
    /Applications/Xcode.app/Contents/Developer/Toolchains/XcodeDefault.xctoolchain/usr/bin/clang -Xlinker -reproducible -target arm64-apple-ios15.0-simulator -r -isysroot /Applications/Xcode.app/Contents/Developer/Platforms/iPhoneSimulator.platform/Developer/SDKs/iPhoneSimulator26.2.sdk -O0 -w -L/Users/borisserzhanovich/Library/Developer/Xcode/DerivedData/WorkoutTracker-gugjzwqwyjqwbtaovaznehevomif/Build/Intermediates.noindex/EagerLinkingTBDs/Debug-iphonesimulator -L/Users/borisserzhanovich/Library/Developer/Xcode/DerivedData/WorkoutTracker-gugjzwqwyjqwbtaovaznehevomif/Build/Products/Debug-iphonesimulator -L/Applications/Xcode.app/Contents/Developer/Platforms/iPhoneSimulator.platform/Developer/usr/lib -F/Users/borisserzhanovich/Library/Developer/Xcode/DerivedData/WorkoutTracker-gugjzwqwyjqwbtaovaznehevomif/Build/Intermediates.noindex/EagerLinkingTBDs/Debug-iphonesimulator -F/Users/borisserzhanovich/Library/Developer/Xcode/DerivedData/WorkoutTracker-gugjzwqwyjqwbtaovaznehevomif/Build/Products/Debug-iphonesimulator/PackageFrameworks -F/Users/borisserzhanovich/Library/Developer/Xcode/DerivedData/WorkoutTracker-gugjzwqwyjqwbtaovaznehevomif/Build/Products/Debug-iphonesimulator/PackageFrameworks -F/Users/borisserzhanovich/Library/Developer/Xcode/DerivedData/WorkoutTracker-gugjzwqwyjqwbtaovaznehevomif/Build/Products/Debug-iphonesimulator/PackageFrameworks -F/Users/borisserzhanovich/Library/Developer/Xcode/DerivedData/WorkoutTracker-gugjzwqwyjqwbtaovaznehevomif/Build/Products/Debug-iphonesimulator/PackageFrameworks -F/Users/borisserzhanovich/Library/Developer/Xcode/DerivedData/WorkoutTracker-gugjzwqwyjqwbtaovaznehevomif/Build/Products/Debug-iphonesimulator/PackageFrameworks -F/Users/borisserzhanovich/Library/Developer/Xcode/DerivedData/WorkoutTracker-gugjzwqwyjqwbtaovaznehevomif/Build/Products/Debug-iphonesimulator/PackageFrameworks -F/Users/borisserzhanovich/Library/Developer/Xcode/DerivedData/WorkoutTracker-gugjzwqwyjqwbtaovaznehevomif/Build/Products/Debug-iphonesimulator/PackageFrameworks -F/Users/borisserzhanovich/Library/Developer/Xcode/DerivedData/WorkoutTracker-gugjzwqwyjqwbtaovaznehevomif/Build/Products/Debug-iphonesimulator/PackageFrameworks -F/Users/borisserzhanovich/Library/Developer/Xcode/DerivedData/WorkoutTracker-gugjzwqwyjqwbtaovaznehevomif/Build/Products/Debug-iphonesimulator/PackageFrameworks -F/Users/borisserzhanovich/Library/Developer/Xcode/DerivedData/WorkoutTracker-gugjzwqwyjqwbtaovaznehevomif/Build/Products/Debug-iphonesimulator/PackageFrameworks -F/Users/borisserzhanovich/Library/Developer/Xcode/DerivedData/WorkoutTracker-gugjzwqwyjqwbtaovaznehevomif/Build/Products/Debug-iphonesimulator/PackageFrameworks -F/Users/borisserzhanovich/Library/Developer/Xcode/DerivedData/WorkoutTracker-gugjzwqwyjqwbtaovaznehevomif/Build/Products/Debug-iphonesimulator/PackageFrameworks -F/Users/borisserzhanovich/Library/Developer/Xcode/DerivedData/WorkoutTracker-gugjzwqwyjqwbtaovaznehevomif/Build/Products/Debug-iphonesimulator/PackageFrameworks -F/Users/borisserzhanovich/Library/Developer/Xcode/DerivedData/WorkoutTracker-gugjzwqwyjqwbtaovaznehevomif/Build/Products/Debug-iphonesimulator/PackageFrameworks -F/Users/borisserzhanovich/Library/Developer/Xcode/DerivedData/WorkoutTracker-gugjzwqwyjqwbtaovaznehevomif/Build/Products/Debug-iphonesimulator/PackageFrameworks -F/Users/borisserzhanovich/Library/Developer/Xcode/DerivedData/WorkoutTracker-gugjzwqwyjqwbtaovaznehevomif/Build/Products/Debug-iphonesimulator/PackageFrameworks -F/Users/borisserzhanovich/Library/Developer/Xcode/DerivedData/WorkoutTracker-gugjzwqwyjqwbtaovaznehevomif/Build/Products/Debug-iphonesimulator/PackageFrameworks -F/Users/borisserzhanovich/Library/Developer/Xcode/DerivedData/WorkoutTracker-gugjzwqwyjqwbtaovaznehevomif/Build/Products/Debug-iphonesimulator/PackageFrameworks -F/Users/borisserzhanovich/Library/Developer/Xcode/DerivedData/WorkoutTracker-gugjzwqwyjqwbtaovaznehevomif/Build/Products/Debug-iphonesimulator -iframework /Applications/Xcode.app/Contents/Developer/Platforms/iPhoneSimulator.platform/Developer/Library/Frameworks -iframework /Applications/Xcode.app/Contents/Developer/Platforms/iPhoneSimulator.platform/Developer/SDKs/iPhoneSimulator26.2.sdk/Developer/Library/Frameworks -filelist /Users/borisserzhanovich/Library/Developer/Xcode/DerivedData/WorkoutTracker-gugjzwqwyjqwbtaovaznehevomif/Build/Intermediates.noindex/Firebase.build/Debug-iphonesimulator/FirebaseFirestoreTarget.build/Objects-normal/arm64/FirebaseFirestoreTarget.LinkFileList -nostdlib -Xlinker -object_path_lto -Xlinker /Users/borisserzhanovich/Library/Developer/Xcode/DerivedData/WorkoutTracker-gugjzwqwyjqwbtaovaznehevomif/Build/Intermediates.noindex/Firebase.build/Debug-iphonesimulator/FirebaseFirestoreTarget.build/Objects-normal/arm64/FirebaseFirestoreTarget_lto.o -rdynamic -Xlinker -no_deduplicate -Xlinker -objc_abi_version -Xlinker 2 -Xlinker -dependency_info -Xlinker /Users/borisserzhanovich/Library/Developer/Xcode/DerivedData/WorkoutTracker-gugjzwqwyjqwbtaovaznehevomif/Build/Intermediates.noindex/Firebase.build/Debug-iphonesimulator/FirebaseFirestoreTarget.build/Objects-normal/arm64/FirebaseFirestoreTarget_dependency_info.dat -fobjc-arc -fobjc-link-runtime -o /Users/borisserzhanovich/Library/Developer/Xcode/DerivedData/WorkoutTracker-gugjzwqwyjqwbtaovaznehevomif/Build/Products/Debug-iphonesimulator/FirebaseFirestoreTarget.o

RegisterExecutionPolicyException /Users/borisserzhanovich/Library/Developer/Xcode/DerivedData/WorkoutTracker-gugjzwqwyjqwbtaovaznehevomif/Build/Products/Debug-iphonesimulator/FirebaseFunctions.o (in target 'FirebaseFunctions' from project 'Firebase')
    cd /Users/borisserzhanovich/Library/Developer/Xcode/DerivedData/WorkoutTracker-gugjzwqwyjqwbtaovaznehevomif/SourcePackages/checkouts/firebase-ios-sdk
    builtin-RegisterExecutionPolicyException /Users/borisserzhanovich/Library/Developer/Xcode/DerivedData/WorkoutTracker-gugjzwqwyjqwbtaovaznehevomif/Build/Products/Debug-iphonesimulator/FirebaseFunctions.o

Ld /Users/borisserzhanovich/Library/Developer/Xcode/DerivedData/WorkoutTracker-gugjzwqwyjqwbtaovaznehevomif/Build/Products/Debug-iphonesimulator/FirebaseCrashlytics.o normal (in target 'FirebaseCrashlytics' from project 'Firebase')
    cd /Users/borisserzhanovich/Library/Developer/Xcode/DerivedData/WorkoutTracker-gugjzwqwyjqwbtaovaznehevomif/SourcePackages/checkouts/firebase-ios-sdk
    /Applications/Xcode.app/Contents/Developer/Toolchains/XcodeDefault.xctoolchain/usr/bin/clang++ -Xlinker -reproducible -target arm64-apple-ios15.0-simulator -r -isysroot /Applications/Xcode.app/Contents/Developer/Platforms/iPhoneSimulator.platform/Developer/SDKs/iPhoneSimulator26.2.sdk -O0 -w -L/Users/borisserzhanovich/Library/Developer/Xcode/DerivedData/WorkoutTracker-gugjzwqwyjqwbtaovaznehevomif/Build/Intermediates.noindex/EagerLinkingTBDs/Debug-iphonesimulator -L/Users/borisserzhanovich/Library/Developer/Xcode/DerivedData/WorkoutTracker-gugjzwqwyjqwbtaovaznehevomif/Build/Products/Debug-iphonesimulator -L/Applications/Xcode.app/Contents/Developer/Platforms/iPhoneSimulator.platform/Developer/usr/lib -F/Users/borisserzhanovich/Library/Developer/Xcode/DerivedData/WorkoutTracker-gugjzwqwyjqwbtaovaznehevomif/Build/Intermediates.noindex/EagerLinkingTBDs/Debug-iphonesimulator -F/Users/borisserzhanovich/Library/Developer/Xcode/DerivedData/WorkoutTracker-gugjzwqwyjqwbtaovaznehevomif/Build/Products/Debug-iphonesimulator/PackageFrameworks -F/Users/borisserzhanovich/Library/Developer/Xcode/DerivedData/WorkoutTracker-gugjzwqwyjqwbtaovaznehevomif/Build/Products/Debug-iphonesimulator/PackageFrameworks -F/Users/borisserzhanovich/Library/Developer/Xcode/DerivedData/WorkoutTracker-gugjzwqwyjqwbtaovaznehevomif/Build/Products/Debug-iphonesimulator/PackageFrameworks -F/Users/borisserzhanovich/Library/Developer/Xcode/DerivedData/WorkoutTracker-gugjzwqwyjqwbtaovaznehevomif/Build/Products/Debug-iphonesimulator/PackageFrameworks -F/Users/borisserzhanovich/Library/Developer/Xcode/DerivedData/WorkoutTracker-gugjzwqwyjqwbtaovaznehevomif/Build/Products/Debug-iphonesimulator/PackageFrameworks -F/Users/borisserzhanovich/Library/Developer/Xcode/DerivedData/WorkoutTracker-gugjzwqwyjqwbtaovaznehevomif/Build/Products/Debug-iphonesimulator/PackageFrameworks -F/Users/borisserzhanovich/Library/Developer/Xcode/DerivedData/WorkoutTracker-gugjzwqwyjqwbtaovaznehevomif/Build/Products/Debug-iphonesimulator/PackageFrameworks -F/Users/borisserzhanovich/Library/Developer/Xcode/DerivedData/WorkoutTracker-gugjzwqwyjqwbtaovaznehevomif/Build/Products/Debug-iphonesimulator/PackageFrameworks -F/Users/borisserzhanovich/Library/Developer/Xcode/DerivedData/WorkoutTracker-gugjzwqwyjqwbtaovaznehevomif/Build/Products/Debug-iphonesimulator/PackageFrameworks -F/Users/borisserzhanovich/Library/Developer/Xcode/DerivedData/WorkoutTracker-gugjzwqwyjqwbtaovaznehevomif/Build/Products/Debug-iphonesimulator/PackageFrameworks -F/Users/borisserzhanovich/Library/Developer/Xcode/DerivedData/WorkoutTracker-gugjzwqwyjqwbtaovaznehevomif/Build/Products/Debug-iphonesimulator/PackageFrameworks -F/Users/borisserzhanovich/Library/Developer/Xcode/DerivedData/WorkoutTracker-gugjzwqwyjqwbtaovaznehevomif/Build/Products/Debug-iphonesimulator/PackageFrameworks -F/Users/borisserzhanovich/Library/Developer/Xcode/DerivedData/WorkoutTracker-gugjzwqwyjqwbtaovaznehevomif/Build/Products/Debug-iphonesimulator/PackageFrameworks -F/Users/borisserzhanovich/Library/Developer/Xcode/DerivedData/WorkoutTracker-gugjzwqwyjqwbtaovaznehevomif/Build/Products/Debug-iphonesimulator/PackageFrameworks -F/Users/borisserzhanovich/Library/Developer/Xcode/DerivedData/WorkoutTracker-gugjzwqwyjqwbtaovaznehevomif/Build/Products/Debug-iphonesimulator/PackageFrameworks -F/Users/borisserzhanovich/Library/Developer/Xcode/DerivedData/WorkoutTracker-gugjzwqwyjqwbtaovaznehevomif/Build/Products/Debug-iphonesimulator/PackageFrameworks -F/Users/borisserzhanovich/Library/Developer/Xcode/DerivedData/WorkoutTracker-gugjzwqwyjqwbtaovaznehevomif/Build/Products/Debug-iphonesimulator/PackageFrameworks -F/Users/borisserzhanovich/Library/Developer/Xcode/DerivedData/WorkoutTracker-gugjzwqwyjqwbtaovaznehevomif/Build/Products/Debug-iphonesimulator/PackageFrameworks -F/Users/borisserzhanovich/Library/Developer/Xcode/DerivedData/WorkoutTracker-gugjzwqwyjqwbtaovaznehevomif/Build/Products/Debug-iphonesimulator -iframework /Applications/Xcode.app/Contents/Developer/Platforms/iPhoneSimulator.platform/Developer/Library/Frameworks -iframework /Applications/Xcode.app/Contents/Developer/Platforms/iPhoneSimulator.platform/Developer/SDKs/iPhoneSimulator26.2.sdk/Developer/Library/Frameworks -filelist /Users/borisserzhanovich/Library/Developer/Xcode/DerivedData/WorkoutTracker-gugjzwqwyjqwbtaovaznehevomif/Build/Intermediates.noindex/Firebase.build/Debug-iphonesimulator/FirebaseCrashlytics.build/Objects-normal/arm64/FirebaseCrashlytics.LinkFileList -nostdlib -Xlinker -object_path_lto -Xlinker /Users/borisserzhanovich/Library/Developer/Xcode/DerivedData/WorkoutTracker-gugjzwqwyjqwbtaovaznehevomif/Build/Intermediates.noindex/Firebase.build/Debug-iphonesimulator/FirebaseCrashlytics.build/Objects-normal/arm64/FirebaseCrashlytics_lto.o -rdynamic -Xlinker -no_deduplicate -Xlinker -objc_abi_version -Xlinker 2 -Xlinker -dependency_info -Xlinker /Users/borisserzhanovich/Library/Developer/Xcode/DerivedData/WorkoutTracker-gugjzwqwyjqwbtaovaznehevomif/Build/Intermediates.noindex/Firebase.build/Debug-iphonesimulator/FirebaseCrashlytics.build/Objects-normal/arm64/FirebaseCrashlytics_dependency_info.dat -fobjc-arc -fobjc-link-runtime -o /Users/borisserzhanovich/Library/Developer/Xcode/DerivedData/WorkoutTracker-gugjzwqwyjqwbtaovaznehevomif/Build/Products/Debug-iphonesimulator/FirebaseCrashlytics.o

RegisterExecutionPolicyException /Users/borisserzhanovich/Library/Developer/Xcode/DerivedData/WorkoutTracker-gugjzwqwyjqwbtaovaznehevomif/Build/Products/Debug-iphonesimulator/FirebaseAuth.o (in target 'FirebaseAuth' from project 'Firebase')
    cd /Users/borisserzhanovich/Library/Developer/Xcode/DerivedData/WorkoutTracker-gugjzwqwyjqwbtaovaznehevomif/SourcePackages/checkouts/firebase-ios-sdk
    builtin-RegisterExecutionPolicyException /Users/borisserzhanovich/Library/Developer/Xcode/DerivedData/WorkoutTracker-gugjzwqwyjqwbtaovaznehevomif/Build/Products/Debug-iphonesimulator/FirebaseAuth.o

RegisterExecutionPolicyException /Users/borisserzhanovich/Library/Developer/Xcode/DerivedData/WorkoutTracker-gugjzwqwyjqwbtaovaznehevomif/Build/Products/Debug-iphonesimulator/FirebaseFirestoreTarget.o (in target 'FirebaseFirestoreTarget' from project 'Firebase')
    cd /Users/borisserzhanovich/Library/Developer/Xcode/DerivedData/WorkoutTracker-gugjzwqwyjqwbtaovaznehevomif/SourcePackages/checkouts/firebase-ios-sdk
    builtin-RegisterExecutionPolicyException /Users/borisserzhanovich/Library/Developer/Xcode/DerivedData/WorkoutTracker-gugjzwqwyjqwbtaovaznehevomif/Build/Products/Debug-iphonesimulator/FirebaseFirestoreTarget.o

RegisterExecutionPolicyException /Users/borisserzhanovich/Library/Developer/Xcode/DerivedData/WorkoutTracker-gugjzwqwyjqwbtaovaznehevomif/Build/Products/Debug-iphonesimulator/FirebasePerformance.o (in target 'FirebasePerformance' from project 'Firebase')
    cd /Users/borisserzhanovich/Library/Developer/Xcode/DerivedData/WorkoutTracker-gugjzwqwyjqwbtaovaznehevomif/SourcePackages/checkouts/firebase-ios-sdk
    builtin-RegisterExecutionPolicyException /Users/borisserzhanovich/Library/Developer/Xcode/DerivedData/WorkoutTracker-gugjzwqwyjqwbtaovaznehevomif/Build/Products/Debug-iphonesimulator/FirebasePerformance.o

RegisterExecutionPolicyException /Users/borisserzhanovich/Library/Developer/Xcode/DerivedData/WorkoutTracker-gugjzwqwyjqwbtaovaznehevomif/Build/Products/Debug-iphonesimulator/FirebaseCrashlytics.o (in target 'FirebaseCrashlytics' from project 'Firebase')
    cd /Users/borisserzhanovich/Library/Developer/Xcode/DerivedData/WorkoutTracker-gugjzwqwyjqwbtaovaznehevomif/SourcePackages/checkouts/firebase-ios-sdk
    builtin-RegisterExecutionPolicyException /Users/borisserzhanovich/Library/Developer/Xcode/DerivedData/WorkoutTracker-gugjzwqwyjqwbtaovaznehevomif/Build/Products/Debug-iphonesimulator/FirebaseCrashlytics.o

Ld /Users/borisserzhanovich/Library/Developer/Xcode/DerivedData/WorkoutTracker-gugjzwqwyjqwbtaovaznehevomif/Build/Products/Debug-iphonesimulator/FirebasePerformanceTarget.o normal (in target 'FirebasePerformanceTarget' from project 'Firebase')
    cd /Users/borisserzhanovich/Library/Developer/Xcode/DerivedData/WorkoutTracker-gugjzwqwyjqwbtaovaznehevomif/SourcePackages/checkouts/firebase-ios-sdk
    /Applications/Xcode.app/Contents/Developer/Toolchains/XcodeDefault.xctoolchain/usr/bin/clang -Xlinker -reproducible -target arm64-apple-ios15.0-simulator -r -isysroot /Applications/Xcode.app/Contents/Developer/Platforms/iPhoneSimulator.platform/Developer/SDKs/iPhoneSimulator26.2.sdk -O0 -w -L/Users/borisserzhanovich/Library/Developer/Xcode/DerivedData/WorkoutTracker-gugjzwqwyjqwbtaovaznehevomif/Build/Intermediates.noindex/EagerLinkingTBDs/Debug-iphonesimulator -L/Users/borisserzhanovich/Library/Developer/Xcode/DerivedData/WorkoutTracker-gugjzwqwyjqwbtaovaznehevomif/Build/Products/Debug-iphonesimulator -L/Applications/Xcode.app/Contents/Developer/Platforms/iPhoneSimulator.platform/Developer/usr/lib -F/Users/borisserzhanovich/Library/Developer/Xcode/DerivedData/WorkoutTracker-gugjzwqwyjqwbtaovaznehevomif/Build/Intermediates.noindex/EagerLinkingTBDs/Debug-iphonesimulator -F/Users/borisserzhanovich/Library/Developer/Xcode/DerivedData/WorkoutTracker-gugjzwqwyjqwbtaovaznehevomif/Build/Products/Debug-iphonesimulator/PackageFrameworks -F/Users/borisserzhanovich/Library/Developer/Xcode/DerivedData/WorkoutTracker-gugjzwqwyjqwbtaovaznehevomif/Build/Products/Debug-iphonesimulator/PackageFrameworks -F/Users/borisserzhanovich/Library/Developer/Xcode/DerivedData/WorkoutTracker-gugjzwqwyjqwbtaovaznehevomif/Build/Products/Debug-iphonesimulator/PackageFrameworks -F/Users/borisserzhanovich/Library/Developer/Xcode/DerivedData/WorkoutTracker-gugjzwqwyjqwbtaovaznehevomif/Build/Products/Debug-iphonesimulator/PackageFrameworks -F/Users/borisserzhanovich/Library/Developer/Xcode/DerivedData/WorkoutTracker-gugjzwqwyjqwbtaovaznehevomif/Build/Products/Debug-iphonesimulator/PackageFrameworks -F/Users/borisserzhanovich/Library/Developer/Xcode/DerivedData/WorkoutTracker-gugjzwqwyjqwbtaovaznehevomif/Build/Products/Debug-iphonesimulator/PackageFrameworks -F/Users/borisserzhanovich/Library/Developer/Xcode/DerivedData/WorkoutTracker-gugjzwqwyjqwbtaovaznehevomif/Build/Products/Debug-iphonesimulator/PackageFrameworks -F/Users/borisserzhanovich/Library/Developer/Xcode/DerivedData/WorkoutTracker-gugjzwqwyjqwbtaovaznehevomif/Build/Products/Debug-iphonesimulator/PackageFrameworks -F/Users/borisserzhanovich/Library/Developer/Xcode/DerivedData/WorkoutTracker-gugjzwqwyjqwbtaovaznehevomif/Build/Products/Debug-iphonesimulator/PackageFrameworks -F/Users/borisserzhanovich/Library/Developer/Xcode/DerivedData/WorkoutTracker-gugjzwqwyjqwbtaovaznehevomif/Build/Products/Debug-iphonesimulator/PackageFrameworks -F/Users/borisserzhanovich/Library/Developer/Xcode/DerivedData/WorkoutTracker-gugjzwqwyjqwbtaovaznehevomif/Build/Products/Debug-iphonesimulator/PackageFrameworks -F/Users/borisserzhanovich/Library/Developer/Xcode/DerivedData/WorkoutTracker-gugjzwqwyjqwbtaovaznehevomif/Build/Products/Debug-iphonesimulator/PackageFrameworks -F/Users/borisserzhanovich/Library/Developer/Xcode/DerivedData/WorkoutTracker-gugjzwqwyjqwbtaovaznehevomif/Build/Products/Debug-iphonesimulator/PackageFrameworks -F/Users/borisserzhanovich/Library/Developer/Xcode/DerivedData/WorkoutTracker-gugjzwqwyjqwbtaovaznehevomif/Build/Products/Debug-iphonesimulator/PackageFrameworks -F/Users/borisserzhanovich/Library/Developer/Xcode/DerivedData/WorkoutTracker-gugjzwqwyjqwbtaovaznehevomif/Build/Products/Debug-iphonesimulator/PackageFrameworks -F/Users/borisserzhanovich/Library/Developer/Xcode/DerivedData/WorkoutTracker-gugjzwqwyjqwbtaovaznehevomif/Build/Products/Debug-iphonesimulator/PackageFrameworks -F/Users/borisserzhanovich/Library/Developer/Xcode/DerivedData/WorkoutTracker-gugjzwqwyjqwbtaovaznehevomif/Build/Products/Debug-iphonesimulator/PackageFrameworks -F/Users/borisserzhanovich/Library/Developer/Xcode/DerivedData/WorkoutTracker-gugjzwqwyjqwbtaovaznehevomif/Build/Products/Debug-iphonesimulator/PackageFrameworks -F/Users/borisserzhanovich/Library/Developer/Xcode/DerivedData/WorkoutTracker-gugjzwqwyjqwbtaovaznehevomif/Build/Products/Debug-iphonesimulator/PackageFrameworks -F/Users/borisserzhanovich/Library/Developer/Xcode/DerivedData/WorkoutTracker-gugjzwqwyjqwbtaovaznehevomif/Build/Products/Debug-iphonesimulator/PackageFrameworks -F/Users/borisserzhanovich/Library/Developer/Xcode/DerivedData/WorkoutTracker-gugjzwqwyjqwbtaovaznehevomif/Build/Products/Debug-iphonesimulator/PackageFrameworks -F/Users/borisserzhanovich/Library/Developer/Xcode/DerivedData/WorkoutTracker-gugjzwqwyjqwbtaovaznehevomif/Build/Products/Debug-iphonesimulator -iframework /Applications/Xcode.app/Contents/Developer/Platforms/iPhoneSimulator.platform/Developer/Library/Frameworks -iframework /Applications/Xcode.app/Contents/Developer/Platforms/iPhoneSimulator.platform/Developer/SDKs/iPhoneSimulator26.2.sdk/Developer/Library/Frameworks -filelist /Users/borisserzhanovich/Library/Developer/Xcode/DerivedData/WorkoutTracker-gugjzwqwyjqwbtaovaznehevomif/Build/Intermediates.noindex/Firebase.build/Debug-iphonesimulator/FirebasePerformanceTarget.build/Objects-normal/arm64/FirebasePerformanceTarget.LinkFileList -nostdlib -Xlinker -object_path_lto -Xlinker /Users/borisserzhanovich/Library/Developer/Xcode/DerivedData/WorkoutTracker-gugjzwqwyjqwbtaovaznehevomif/Build/Intermediates.noindex/Firebase.build/Debug-iphonesimulator/FirebasePerformanceTarget.build/Objects-normal/arm64/FirebasePerformanceTarget_lto.o -rdynamic -Xlinker -no_deduplicate -Xlinker -objc_abi_version -Xlinker 2 -Xlinker -dependency_info -Xlinker /Users/borisserzhanovich/Library/Developer/Xcode/DerivedData/WorkoutTracker-gugjzwqwyjqwbtaovaznehevomif/Build/Intermediates.noindex/Firebase.build/Debug-iphonesimulator/FirebasePerformanceTarget.build/Objects-normal/arm64/FirebasePerformanceTarget_dependency_info.dat -fobjc-arc -fobjc-link-runtime -o /Users/borisserzhanovich/Library/Developer/Xcode/DerivedData/WorkoutTracker-gugjzwqwyjqwbtaovaznehevomif/Build/Products/Debug-iphonesimulator/FirebasePerformanceTarget.o

RegisterExecutionPolicyException /Users/borisserzhanovich/Library/Developer/Xcode/DerivedData/WorkoutTracker-gugjzwqwyjqwbtaovaznehevomif/Build/Products/Debug-iphonesimulator/FirebasePerformanceTarget.o (in target 'FirebasePerformanceTarget' from project 'Firebase')
    cd /Users/borisserzhanovich/Library/Developer/Xcode/DerivedData/WorkoutTracker-gugjzwqwyjqwbtaovaznehevomif/SourcePackages/checkouts/firebase-ios-sdk
    builtin-RegisterExecutionPolicyException /Users/borisserzhanovich/Library/Developer/Xcode/DerivedData/WorkoutTracker-gugjzwqwyjqwbtaovaznehevomif/Build/Products/Debug-iphonesimulator/FirebasePerformanceTarget.o

RegisterExecutionPolicyException /Users/borisserzhanovich/Library/Developer/Xcode/DerivedData/WorkoutTracker-gugjzwqwyjqwbtaovaznehevomif/Build/Products/Debug-iphonesimulator/FirebaseRemoteConfig.o (in target 'FirebaseRemoteConfig' from project 'Firebase')
    cd /Users/borisserzhanovich/Library/Developer/Xcode/DerivedData/WorkoutTracker-gugjzwqwyjqwbtaovaznehevomif/SourcePackages/checkouts/firebase-ios-sdk
    builtin-RegisterExecutionPolicyException /Users/borisserzhanovich/Library/Developer/Xcode/DerivedData/WorkoutTracker-gugjzwqwyjqwbtaovaznehevomif/Build/Products/Debug-iphonesimulator/FirebaseRemoteConfig.o

SwiftEmitModule normal arm64 Emitting\ module\ for\ WorkoutTracker (in target 'WorkoutTracker' from project 'WorkoutTracker')
EmitSwiftModule normal arm64 (in target 'WorkoutTracker' from project 'WorkoutTracker')
    cd /Users/borisserzhanovich/projects/Workout/WorkoutTracker\ copy
    
/Users/borisserzhanovich/projects/Workout/WorkoutTracker copy/WorkoutTracker/DataLayer/Repositories/PresetRepository.swift:70:10: warning: non-Sendable type '[WorkoutPreset]' cannot be returned from actor-isolated implementation to caller of protocol requirement 'fetchPresets(matching:)'; this is an error in the Swift 6 language mode
    func fetchPresets(matching descriptor: FetchDescriptor<WorkoutPreset>) async throws -> [WorkoutPreset] {
         ^
Swift.Array:1:23: note: generic struct 'Array' does not conform to the 'Sendable' protocol
@frozen public struct Array<Element> : _DestructorSafeContainer {
                      ^
/Users/borisserzhanovich/projects/Workout/WorkoutTracker copy/WorkoutTracker/DataLayer/Repositories/PresetRepository.swift:67:10: warning: non-Sendable type 'WorkoutPreset?' cannot be returned from actor-isolated implementation to caller of protocol requirement 'fetchPreset(by:)'; this is an error in the Swift 6 language mode
    func fetchPreset(by id: PersistentIdentifier) async throws -> WorkoutPreset? {
         ^
Swift.Optional:1:21: note: generic enum 'Optional' does not conform to the 'Sendable' protocol
@frozen public enum Optional<Wrapped> : ~Copyable, ~Escapable where Wrapped : ~Copyable, Wrapped : ~Escapable {
                    ^
/Users/borisserzhanovich/projects/Workout/WorkoutTracker copy/WorkoutTracker/DataLayer/Repositories/UserRepository.swift:41:10: warning: non-Sendable parameter type 'BodyMeasurement' cannot be sent from caller of protocol requirement 'saveBodyMeasurement' into actor-isolated implementation; this is an error in the Swift 6 language mode
    func saveBodyMeasurement(_ measurement: BodyMeasurement) async throws {
         ^
/Users/borisserzhanovich/projects/Workout/WorkoutTracker copy/WorkoutTracker/DataLayer/Models/BodyMeasurement.swift:5:7: note: class 'BodyMeasurement' does not conform to the 'Sendable' protocol
class BodyMeasurement {
      ^
/Users/borisserzhanovich/projects/Workout/WorkoutTracker copy/WorkoutTracker/DataLayer/Repositories/UserRepository.swift:73:10: warning: non-Sendable type 'ExerciseNote?' cannot be returned from actor-isolated implementation to caller of protocol requirement 'fetchExerciseNote(exerciseName:)'; this is an error in the Swift 6 language mode
    func fetchExerciseNote(exerciseName: String) async throws -> ExerciseNote? {
         ^
Swift.Optional:1:21: note: generic enum 'Optional' does not conform to the 'Sendable' protocol
@frozen public enum Optional<Wrapped> : ~Copyable, ~Escapable where Wrapped : ~Copyable, Wrapped : ~Escapable {
                    ^
/Users/borisserzhanovich/projects/Workout/WorkoutTracker copy/WorkoutTracker/DataLayer/Repositories/UserRepository.swift:93:10: warning: non-Sendable type '[AIChatSession]' cannot be returned from actor-isolated implementation to caller of protocol requirement 'fetchAIChatSessions()'; this is an error in the Swift 6 language mode
    func fetchAIChatSessions() async throws -> [AIChatSession] {
         ^
Swift.Array:1:23: note: generic struct 'Array' does not conform to the 'Sendable' protocol
@frozen public struct Array<Element> : _DestructorSafeContainer {
                      ^
/Users/borisserzhanovich/projects/Workout/WorkoutTracker copy/WorkoutTracker/DataLayer/Repositories/UserRepository.swift:98:10: warning: non-Sendable parameter type 'AIChatSession' cannot be sent from caller of protocol requirement 'saveAIChatSession' into actor-isolated implementation; this is an error in the Swift 6 language mode
    func saveAIChatSession(_ session: AIChatSession) async throws {
         ^
/Users/borisserzhanovich/projects/Workout/WorkoutTracker copy/WorkoutTracker/DataLayer/Models/AIChatModels.swift:102:13: note: class 'AIChatSession' does not conform to the 'Sendable' protocol
final class AIChatSession {
            ^
/Users/borisserzhanovich/projects/Workout/WorkoutTracker copy/WorkoutTracker/Services/System/NotificationManager.swift:57:22: warning: instance method 'userNotificationcenter(_:didReceive:withCompletionHandler:)' nearly matches optional requirement 'userNotificationCenter(_:didReceive:withCompletionHandler:)' of protocol 'UNUserNotificationCenterDelegate'
    nonisolated func userNotificationcenter(_ center: UNUserNotificationCenter, didReceive response: UNNotificationResponse, withCompletionHandler completionHandler: @escaping () -> Void) {
                     ^
/Users/borisserzhanovich/projects/Workout/WorkoutTracker copy/WorkoutTracker/Services/System/NotificationManager.swift:57:22: note: rename to 'userNotificationCenter(_:didReceive:withCompletionHandler:)' to satisfy this requirement
    nonisolated func userNotificationcenter(_ center: UNUserNotificationCenter, didReceive response: UNNotificationResponse, withCompletionHandler completionHandler: @escaping () -> Void) {
                     ^~~~~~~~~~~~~~~~~~~~~~
                     userNotificationCenter
/Users/borisserzhanovich/projects/Workout/WorkoutTracker copy/WorkoutTracker/Services/System/NotificationManager.swift:57:22: note: move 'userNotificationcenter(_:didReceive:withCompletionHandler:)' to an extension to silence this warning
    nonisolated func userNotificationcenter(_ center: UNUserNotificationCenter, didReceive response: UNNotificationResponse, withCompletionHandler completionHandler: @escaping () -> Void) {
                     ^
/Users/borisserzhanovich/projects/Workout/WorkoutTracker copy/WorkoutTracker/Services/System/NotificationManager.swift:57:22: note: make 'userNotificationcenter(_:didReceive:withCompletionHandler:)' private to silence this warning
    nonisolated func userNotificationcenter(_ center: UNUserNotificationCenter, didReceive response: UNNotificationResponse, withCompletionHandler completionHandler: @escaping () -> Void) {
                     ^
    private 
UserNotifications.UNUserNotificationCenterDelegate.userNotificationCenter:3:17: note: requirement 'userNotificationCenter(_:didReceive:withCompletionHandler:)' declared here
  optional func userNotificationCenter(_ center: UNUserNotificationCenter, didReceive response: UNNotificationResponse, withCompletionHandler completionHandler: @escaping @Sendable () -> Void)}
                ^

SwiftCompile normal arm64 Compiling\ WorkoutHubView.swift /Users/borisserzhanovich/projects/Workout/WorkoutTracker\ copy/WorkoutTracker/Features/Workout/Views/WorkoutHubView.swift (in target 'WorkoutTracker' from project 'WorkoutTracker')
SwiftCompile normal arm64 /Users/borisserzhanovich/projects/Workout/WorkoutTracker\ copy/WorkoutTracker/Features/Workout/Views/WorkoutHubView.swift (in target 'WorkoutTracker' from project 'WorkoutTracker')
    cd /Users/borisserzhanovich/projects/Workout/WorkoutTracker\ copy
    

LinkAssetCatalog /Users/borisserzhanovich/projects/Workout/WorkoutTracker\ copy/WorkoutTracker/Assets.xcassets (in target 'WorkoutTracker' from project 'WorkoutTracker')
    cd /Users/borisserzhanovich/projects/Workout/WorkoutTracker\ copy
    builtin-linkAssetCatalog --thinned /Users/borisserzhanovich/Library/Developer/Xcode/DerivedData/WorkoutTracker-gugjzwqwyjqwbtaovaznehevomif/Build/Intermediates.noindex/WorkoutTracker.build/Debug-iphonesimulator/WorkoutTracker.build/assetcatalog_output/thinned --thinned-dependencies /Users/borisserzhanovich/Library/Developer/Xcode/DerivedData/WorkoutTracker-gugjzwqwyjqwbtaovaznehevomif/Build/Intermediates.noindex/WorkoutTracker.build/Debug-iphonesimulator/WorkoutTracker.build/assetcatalog_dependencies_thinned --thinned-info-plist-content /Users/borisserzhanovich/Library/Developer/Xcode/DerivedData/WorkoutTracker-gugjzwqwyjqwbtaovaznehevomif/Build/Intermediates.noindex/WorkoutTracker.build/Debug-iphonesimulator/WorkoutTracker.build/assetcatalog_generated_info.plist_thinned --unthinned /Users/borisserzhanovich/Library/Developer/Xcode/DerivedData/WorkoutTracker-gugjzwqwyjqwbtaovaznehevomif/Build/Intermediates.noindex/WorkoutTracker.build/Debug-iphonesimulator/WorkoutTracker.build/assetcatalog_output/unthinned --unthinned-dependencies /Users/borisserzhanovich/Library/Developer/Xcode/DerivedData/WorkoutTracker-gugjzwqwyjqwbtaovaznehevomif/Build/Intermediates.noindex/WorkoutTracker.build/Debug-iphonesimulator/WorkoutTracker.build/assetcatalog_dependencies_unthinned --unthinned-info-plist-content /Users/borisserzhanovich/Library/Developer/Xcode/DerivedData/WorkoutTracker-gugjzwqwyjqwbtaovaznehevomif/Build/Intermediates.noindex/WorkoutTracker.build/Debug-iphonesimulator/WorkoutTracker.build/assetcatalog_generated_info.plist_unthinned --output /Users/borisserzhanovich/Library/Developer/Xcode/DerivedData/WorkoutTracker-gugjzwqwyjqwbtaovaznehevomif/Build/Products/Debug-iphonesimulator/WorkoutTracker.app --plist-output /Users/borisserzhanovich/Library/Developer/Xcode/DerivedData/WorkoutTracker-gugjzwqwyjqwbtaovaznehevomif/Build/Intermediates.noindex/WorkoutTracker.build/Debug-iphonesimulator/WorkoutTracker.build/assetcatalog_generated_info.plist
note: Emplaced /Users/borisserzhanovich/Library/Developer/Xcode/DerivedData/WorkoutTracker-gugjzwqwyjqwbtaovaznehevomif/Build/Products/Debug-iphonesimulator/WorkoutTracker.app/Assets.car (in target 'WorkoutTracker' from project 'WorkoutTracker')
note: Emplaced /Users/borisserzhanovich/Library/Developer/Xcode/DerivedData/WorkoutTracker-gugjzwqwyjqwbtaovaznehevomif/Build/Products/Debug-iphonesimulator/WorkoutTracker.app/AppIcon76x76@2x~ipad.png (in target 'WorkoutTracker' from project 'WorkoutTracker')
note: Emplaced /Users/borisserzhanovich/Library/Developer/Xcode/DerivedData/WorkoutTracker-gugjzwqwyjqwbtaovaznehevomif/Build/Products/Debug-iphonesimulator/WorkoutTracker.app/AppIcon60x60@2x.png (in target 'WorkoutTracker' from project 'WorkoutTracker')

ProcessInfoPlistFile /Users/borisserzhanovich/Library/Developer/Xcode/DerivedData/WorkoutTracker-gugjzwqwyjqwbtaovaznehevomif/Build/Products/Debug-iphonesimulator/WorkoutTracker.app/Info.plist /Users/borisserzhanovich/projects/Workout/WorkoutTracker\ copy/WorkoutTracker/Info.plist (in target 'WorkoutTracker' from project 'WorkoutTracker')
    cd /Users/borisserzhanovich/projects/Workout/WorkoutTracker\ copy
    builtin-infoPlistUtility /Users/borisserzhanovich/projects/Workout/WorkoutTracker\ copy/WorkoutTracker/Info.plist -producttype com.apple.product-type.application -genpkginfo /Users/borisserzhanovich/Library/Developer/Xcode/DerivedData/WorkoutTracker-gugjzwqwyjqwbtaovaznehevomif/Build/Products/Debug-iphonesimulator/WorkoutTracker.app/PkgInfo -expandbuildsettings -format binary -platform iphonesimulator -additionalcontentfile /Users/borisserzhanovich/Library/Developer/Xcode/DerivedData/WorkoutTracker-gugjzwqwyjqwbtaovaznehevomif/Build/Intermediates.noindex/WorkoutTracker.build/Debug-iphonesimulator/WorkoutTracker.build/WorkoutClassifier-CoreMLPartialInfo.plist -additionalcontentfile /Users/borisserzhanovich/Library/Developer/Xcode/DerivedData/WorkoutTracker-gugjzwqwyjqwbtaovaznehevomif/Build/Intermediates.noindex/WorkoutTracker.build/Debug-iphonesimulator/WorkoutTracker.build/assetcatalog_generated_info.plist -scanforprivacyfile /Users/borisserzhanovich/Library/Developer/Xcode/DerivedData/WorkoutTracker-gugjzwqwyjqwbtaovaznehevomif/Build/Products/Debug-iphonesimulator/WorkoutTracker.app/AppAuth_AppAuth.bundle -scanforprivacyfile /Users/borisserzhanovich/Library/Developer/Xcode/DerivedData/WorkoutTracker-gugjzwqwyjqwbtaovaznehevomif/Build/Products/Debug-iphonesimulator/WorkoutTracker.app/AppAuth_AppAuthCore.bundle -scanforprivacyfile /Users/borisserzhanovich/Library/Developer/Xcode/DerivedData/WorkoutTracker-gugjzwqwyjqwbtaovaznehevomif/Build/Products/Debug-iphonesimulator/WorkoutTracker.app/Firebase_FirebaseABTesting.bundle -scanforprivacyfile /Users/borisserzhanovich/Library/Developer/Xcode/DerivedData/WorkoutTracker-gugjzwqwyjqwbtaovaznehevomif/Build/Products/Debug-iphonesimulator/WorkoutTracker.app/Firebase_FirebaseAuth.bundle -scanforprivacyfile /Users/borisserzhanovich/Library/Developer/Xcode/DerivedData/WorkoutTracker-gugjzwqwyjqwbtaovaznehevomif/Build/Products/Debug-iphonesimulator/WorkoutTracker.app/Firebase_FirebaseCore.bundle -scanforprivacyfile /Users/borisserzhanovich/Library/Developer/Xcode/DerivedData/WorkoutTracker-gugjzwqwyjqwbtaovaznehevomif/Build/Products/Debug-iphonesimulator/WorkoutTracker.app/Firebase_FirebaseCoreExtension.bundle -scanforprivacyfile /Users/borisserzhanovich/Library/Developer/Xcode/DerivedData/WorkoutTracker-gugjzwqwyjqwbtaovaznehevomif/Build/Products/Debug-iphonesimulator/WorkoutTracker.app/Firebase_FirebaseCoreInternal.bundle -scanforprivacyfile /Users/borisserzhanovich/Library/Developer/Xcode/DerivedData/WorkoutTracker-gugjzwqwyjqwbtaovaznehevomif/Build/Products/Debug-iphonesimulator/WorkoutTracker.app/Firebase_FirebaseCrashlytics.bundle -scanforprivacyfile /Users/borisserzhanovich/Library/Developer/Xcode/DerivedData/WorkoutTracker-gugjzwqwyjqwbtaovaznehevomif/Build/Products/Debug-iphonesimulator/WorkoutTracker.app/Firebase_FirebaseCrashlyticsSwift.bundle -scanforprivacyfile /Users/borisserzhanovich/Library/Developer/Xcode/DerivedData/WorkoutTracker-gugjzwqwyjqwbtaovaznehevomif/Build/Products/Debug-iphonesimulator/WorkoutTracker.app/Firebase_FirebaseFirestore.bundle -scanforprivacyfile /Users/borisserzhanovich/Library/Developer/Xcode/DerivedData/WorkoutTracker-gugjzwqwyjqwbtaovaznehevomif/Build/Products/Debug-iphonesimulator/WorkoutTracker.app/Firebase_FirebaseInstallations.bundle -scanforprivacyfile /Users/borisserzhanovich/Library/Developer/Xcode/DerivedData/WorkoutTracker-gugjzwqwyjqwbtaovaznehevomif/Build/Products/Debug-iphonesimulator/WorkoutTracker.app/Firebase_FirebaseRemoteConfig.bundle -scanforprivacyfile /Users/borisserzhanovich/Library/Developer/Xcode/DerivedData/WorkoutTracker-gugjzwqwyjqwbtaovaznehevomif/Build/Products/Debug-iphonesimulator/WorkoutTracker.app/Frameworks/FirebaseAnalytics.framework -scanforprivacyfile /Users/borisserzhanovich/Library/Developer/Xcode/DerivedData/WorkoutTracker-gugjzwqwyjqwbtaovaznehevomif/Build/Products/Debug-iphonesimulator/WorkoutTracker.app/Frameworks/FirebaseFirestoreInternal.framework -scanforprivacyfile /Users/borisserzhanovich/Library/Developer/Xcode/DerivedData/WorkoutTracker-gugjzwqwyjqwbtaovaznehevomif/Build/Products/Debug-iphonesimulator/WorkoutTracker.app/Frameworks/GoogleAdsOnDeviceConversion.framework -scanforprivacyfile /Users/borisserzhanovich/Library/Developer/Xcode/DerivedData/WorkoutTracker-gugjzwqwyjqwbtaovaznehevomif/Build/Products/Debug-iphonesimulator/WorkoutTracker.app/Frameworks/GoogleAppMeasurement.framework -scanforprivacyfile /Users/borisserzhanovich/Library/Developer/Xcode/DerivedData/WorkoutTracker-gugjzwqwyjqwbtaovaznehevomif/Build/Products/Debug-iphonesimulator/WorkoutTracker.app/Frameworks/GoogleAppMeasurementIdentitySupport.framework -scanforprivacyfile /Users/borisserzhanovich/Library/Developer/Xcode/DerivedData/WorkoutTracker-gugjzwqwyjqwbtaovaznehevomif/Build/Products/Debug-iphonesimulator/WorkoutTracker.app/Frameworks/absl.framework -scanforprivacyfile /Users/borisserzhanovich/Library/Developer/Xcode/DerivedData/WorkoutTracker-gugjzwqwyjqwbtaovaznehevomif/Build/Products/Debug-iphonesimulator/WorkoutTracker.app/Frameworks/grpc.framework -scanforprivacyfile /Users/borisserzhanovich/Library/Developer/Xcode/DerivedData/WorkoutTracker-gugjzwqwyjqwbtaovaznehevomif/Build/Products/Debug-iphonesimulator/WorkoutTracker.app/Frameworks/grpcpp.framework -scanforprivacyfile /Users/borisserzhanovich/Library/Developer/Xcode/DerivedData/WorkoutTracker-gugjzwqwyjqwbtaovaznehevomif/Build/Products/Debug-iphonesimulator/WorkoutTracker.app/Frameworks/openssl_grpc.framework -scanforprivacyfile /Users/borisserzhanovich/Library/Developer/Xcode/DerivedData/WorkoutTracker-gugjzwqwyjqwbtaovaznehevomif/Build/Products/Debug-iphonesimulator/WorkoutTracker.app/GTMAppAuth_GTMAppAuth.bundle -scanforprivacyfile /Users/borisserzhanovich/Library/Developer/Xcode/DerivedData/WorkoutTracker-gugjzwqwyjqwbtaovaznehevomif/Build/Products/Debug-iphonesimulator/WorkoutTracker.app/GTMSessionFetcher_GTMSessionFetcherCore.bundle -scanforprivacyfile /Users/borisserzhanovich/Library/Developer/Xcode/DerivedData/WorkoutTracker-gugjzwqwyjqwbtaovaznehevomif/Build/Products/Debug-iphonesimulator/WorkoutTracker.app/GoogleDataTransport_GoogleDataTransport.bundle -scanforprivacyfile /Users/borisserzhanovich/Library/Developer/Xcode/DerivedData/WorkoutTracker-gugjzwqwyjqwbtaovaznehevomif/Build/Products/Debug-iphonesimulator/WorkoutTracker.app/GoogleSignIn_GoogleSignIn.bundle -scanforprivacyfile /Users/borisserzhanovich/Library/Developer/Xcode/DerivedData/WorkoutTracker-gugjzwqwyjqwbtaovaznehevomif/Build/Products/Debug-iphonesimulator/WorkoutTracker.app/GoogleUtilities_GoogleUtilities-AppDelegateSwizzler.bundle -scanforprivacyfile /Users/borisserzhanovich/Library/Developer/Xcode/DerivedData/WorkoutTracker-gugjzwqwyjqwbtaovaznehevomif/Build/Products/Debug-iphonesimulator/WorkoutTracker.app/GoogleUtilities_GoogleUtilities-Environment.bundle -scanforprivacyfile /Users/borisserzhanovich/Library/Developer/Xcode/DerivedData/WorkoutTracker-gugjzwqwyjqwbtaovaznehevomif/Build/Products/Debug-iphonesimulator/WorkoutTracker.app/GoogleUtilities_GoogleUtilities-Logger.bundle -scanforprivacyfile /Users/borisserzhanovich/Library/Developer/Xcode/DerivedData/WorkoutTracker-gugjzwqwyjqwbtaovaznehevomif/Build/Products/Debug-iphonesimulator/WorkoutTracker.app/GoogleUtilities_GoogleUtilities-MethodSwizzler.bundle -scanforprivacyfile /Users/borisserzhanovich/Library/Developer/Xcode/DerivedData/WorkoutTracker-gugjzwqwyjqwbtaovaznehevomif/Build/Products/Debug-iphonesimulator/WorkoutTracker.app/GoogleUtilities_GoogleUtilities-NSData.bundle -scanforprivacyfile /Users/borisserzhanovich/Library/Developer/Xcode/DerivedData/WorkoutTracker-gugjzwqwyjqwbtaovaznehevomif/Build/Products/Debug-iphonesimulator/WorkoutTracker.app/GoogleUtilities_GoogleUtilities-Network.bundle -scanforprivacyfile /Users/borisserzhanovich/Library/Developer/Xcode/DerivedData/WorkoutTracker-gugjzwqwyjqwbtaovaznehevomif/Build/Products/Debug-iphonesimulator/WorkoutTracker.app/GoogleUtilities_GoogleUtilities-Reachability.bundle -scanforprivacyfile /Users/borisserzhanovich/Library/Developer/Xcode/DerivedData/WorkoutTracker-gugjzwqwyjqwbtaovaznehevomif/Build/Products/Debug-iphonesimulator/WorkoutTracker.app/GoogleUtilities_GoogleUtilities-UserDefaults.bundle -scanforprivacyfile /Users/borisserzhanovich/Library/Developer/Xcode/DerivedData/WorkoutTracker-gugjzwqwyjqwbtaovaznehevomif/Build/Products/Debug-iphonesimulator/WorkoutTracker.app/Promises_FBLPromises.bundle -scanforprivacyfile /Users/borisserzhanovich/Library/Developer/Xcode/DerivedData/WorkoutTracker-gugjzwqwyjqwbtaovaznehevomif/Build/Products/Debug-iphonesimulator/WorkoutTracker.app/Promises_Promises.bundle -scanforprivacyfile /Users/borisserzhanovich/Library/Developer/Xcode/DerivedData/WorkoutTracker-gugjzwqwyjqwbtaovaznehevomif/Build/Products/Debug-iphonesimulator/WorkoutTracker.app/abseil_abslWrapper.bundle -scanforprivacyfile /Users/borisserzhanovich/Library/Developer/Xcode/DerivedData/WorkoutTracker-gugjzwqwyjqwbtaovaznehevomif/Build/Products/Debug-iphonesimulator/WorkoutTracker.app/gRPC_grpcWrapper.bundle -scanforprivacyfile /Users/borisserzhanovich/Library/Developer/Xcode/DerivedData/WorkoutTracker-gugjzwqwyjqwbtaovaznehevomif/Build/Products/Debug-iphonesimulator/WorkoutTracker.app/gRPC_grpcppWrapper.bundle -scanforprivacyfile /Users/borisserzhanovich/Library/Developer/Xcode/DerivedData/WorkoutTracker-gugjzwqwyjqwbtaovaznehevomif/Build/Products/Debug-iphonesimulator/WorkoutTracker.app/gRPC_opensslWrapper.bundle -scanforprivacyfile /Users/borisserzhanovich/Library/Developer/Xcode/DerivedData/WorkoutTracker-gugjzwqwyjqwbtaovaznehevomif/Build/Products/Debug-iphonesimulator/WorkoutTracker.app/leveldb_leveldb.bundle -scanforprivacyfile /Users/borisserzhanovich/Library/Developer/Xcode/DerivedData/WorkoutTracker-gugjzwqwyjqwbtaovaznehevomif/Build/Products/Debug-iphonesimulator/WorkoutTracker.app/nanopb_nanopb.bundle -o /Users/borisserzhanovich/Library/Developer/Xcode/DerivedData/WorkoutTracker-gugjzwqwyjqwbtaovaznehevomif/Build/Products/Debug-iphonesimulator/WorkoutTracker.app/Info.plist

SwiftDriverJobDiscovery normal arm64 Emitting module for WorkoutTracker (in target 'WorkoutTracker' from project 'WorkoutTracker')

SwiftDriver\ Compilation\ Requirements WorkoutTracker normal arm64 com.apple.xcode.tools.swift.compiler (in target 'WorkoutTracker' from project 'WorkoutTracker')
    cd /Users/borisserzhanovich/projects/Workout/WorkoutTracker\ copy
    builtin-Swift-Compilation-Requirements -- /Applications/Xcode.app/Contents/Developer/Toolchains/XcodeDefault.xctoolchain/usr/bin/swiftc -module-name WorkoutTracker -Onone -enforce-exclusivity\=checked @/Users/borisserzhanovich/Library/Developer/Xcode/DerivedData/WorkoutTracker-gugjzwqwyjqwbtaovaznehevomif/Build/Intermediates.noindex/WorkoutTracker.build/Debug-iphonesimulator/WorkoutTracker.build/Objects-normal/arm64/WorkoutTracker.SwiftFileList -DDEBUG -Xcc -fmodule-map-file\=/Users/borisserzhanovich/Library/Developer/Xcode/DerivedData/WorkoutTracker-gugjzwqwyjqwbtaovaznehevomif/Build/Intermediates.noindex/GeneratedModuleMaps-iphonesimulator/abslWrapper.modulemap -Xcc -fmodule-map-file\=/Users/borisserzhanovich/Library/Developer/Xcode/DerivedData/WorkoutTracker-gugjzwqwyjqwbtaovaznehevomif/Build/Intermediates.noindex/GeneratedModuleMaps-iphonesimulator/opensslWrapper.modulemap -Xcc -fmodule-map-file\=/Users/borisserzhanovich/Library/Developer/Xcode/DerivedData/WorkoutTracker-gugjzwqwyjqwbtaovaznehevomif/Build/Intermediates.noindex/GeneratedModuleMaps-iphonesimulator/grpcWrapper.modulemap -Xcc -fmodule-map-file\=/Users/borisserzhanovich/Library/Developer/Xcode/DerivedData/WorkoutTracker-gugjzwqwyjqwbtaovaznehevomif/Build/Intermediates.noindex/GeneratedModuleMaps-iphonesimulator/grpcppWrapper.modulemap -Xcc -fmodule-map-file\=/Users/borisserzhanovich/Library/Developer/Xcode/DerivedData/WorkoutTracker-gugjzwqwyjqwbtaovaznehevomif/Build/Intermediates.noindex/GeneratedModuleMaps-iphonesimulator/leveldb.modulemap -Xcc -fmodule-map-file\=/Users/borisserzhanovich/Library/Developer/Xcode/DerivedData/WorkoutTracker-gugjzwqwyjqwbtaovaznehevomif/Build/Intermediates.noindex/GeneratedModuleMaps-iphonesimulator/FirebaseFirestoreInternalWrapper.modulemap -Xcc -fmodule-map-file\=/Users/borisserzhanovich/Library/Developer/Xcode/DerivedData/WorkoutTracker-gugjzwqwyjqwbtaovaznehevomif/Build/Intermediates.noindex/GeneratedModuleMaps-iphonesimulator/FirebaseFirestoreTarget.modulemap -Xcc -fmodule-map-file\=/Users/borisserzhanovich/Library/Developer/Xcode/DerivedData/WorkoutTracker-gugjzwqwyjqwbtaovaznehevomif/Build/Intermediates.noindex/GeneratedModuleMaps-iphonesimulator/RecaptchaInterop.modulemap -Xcc -fmodule-map-file\=/Users/borisserzhanovich/Library/Developer/Xcode/DerivedData/WorkoutTracker-gugjzwqwyjqwbtaovaznehevomif/Build/Intermediates.noindex/GeneratedModuleMaps-iphonesimulator/FirebaseAuthInternal.modulemap -Xcc -fmodule-map-file\=/Users/borisserzhanovich/Library/Developer/Xcode/DerivedData/WorkoutTracker-gugjzwqwyjqwbtaovaznehevomif/Build/Intermediates.noindex/GeneratedModuleMaps-iphonesimulator/FirebaseMessagingInterop.modulemap -Xcc -fmodule-map-file\=/Users/borisserzhanovich/Library/Developer/Xcode/DerivedData/WorkoutTracker-gugjzwqwyjqwbtaovaznehevomif/Build/Intermediates.noindex/GeneratedModuleMaps-iphonesimulator/FirebaseAuthInterop.modulemap -Xcc -fmodule-map-file\=/Users/borisserzhanovich/Library/Developer/Xcode/DerivedData/WorkoutTracker-gugjzwqwyjqwbtaovaznehevomif/Build/Intermediates.noindex/GeneratedModuleMaps-iphonesimulator/FirebaseAppCheckInterop.modulemap -Xcc -fmodule-map-file\=/Users/borisserzhanovich/Library/Developer/Xcode/DerivedData/WorkoutTracker-gugjzwqwyjqwbtaovaznehevomif/Build/Intermediates.noindex/GeneratedModuleMaps-iphonesimulator/FirebaseAppCheck.modulemap -Xcc -fmodule-map-file\=/Users/borisserzhanovich/Library/Developer/Xcode/DerivedData/WorkoutTracker-gugjzwqwyjqwbtaovaznehevomif/Build/Intermediates.noindex/GeneratedModuleMaps-iphonesimulator/AppAuth.modulemap -Xcc -fmodule-map-file\=/Users/borisserzhanovich/Library/Developer/Xcode/DerivedData/WorkoutTracker-gugjzwqwyjqwbtaovaznehevomif/Build/Intermediates.noindex/GeneratedModuleMaps-iphonesimulator/AppAuthCore.modulemap -Xcc -fmodule-map-file\=/Users/borisserzhanovich/Library/Developer/Xcode/DerivedData/WorkoutTracker-gugjzwqwyjqwbtaovaznehevomif/Build/Intermediates.noindex/GeneratedModuleMaps-iphonesimulator/AppCheckCore.modulemap -Xcc -fmodule-map-file\=/Users/borisserzhanovich/Library/Developer/Xcode/DerivedData/WorkoutTracker-gugjzwqwyjqwbtaovaznehevomif/Build/Intermediates.noindex/GeneratedModuleMaps-iphonesimulator/GTMSessionFetcherCore.modulemap -Xcc -fmodule-map-file\=/Users/borisserzhanovich/Library/Developer/Xcode/DerivedData/WorkoutTracker-gugjzwqwyjqwbtaovaznehevomif/Build/Intermediates.noindex/GeneratedModuleMaps-iphonesimulator/GoogleSignIn.modulemap -Xcc -fmodule-map-file\=/Users/borisserzhanovich/Library/Developer/Xcode/DerivedData/WorkoutTracker-gugjzwqwyjqwbtaovaznehevomif/Build/Intermediates.noindex/GeneratedModuleMaps-iphonesimulator/GoogleAdsOnDeviceConversionTarget.modulemap -Xcc -fmodule-map-file\=/Users/borisserzhanovich/Library/Developer/Xcode/DerivedData/WorkoutTracker-gugjzwqwyjqwbtaovaznehevomif/Build/Intermediates.noindex/GeneratedModuleMaps-iphonesimulator/GoogleAppMeasurementTarget.modulemap -Xcc -fmodule-map-file\=/Users/borisserzhanovich/Library/Developer/Xcode/DerivedData/WorkoutTracker-gugjzwqwyjqwbtaovaznehevomif/Build/Intermediates.noindex/GeneratedModuleMaps-iphonesimulator/GoogleUtilities-AppDelegateSwizzler.modulemap -Xcc -fmodule-map-file\=/Users/borisserzhanovich/Library/Developer/Xcode/DerivedData/WorkoutTracker-gugjzwqwyjqwbtaovaznehevomif/Build/Intermediates.noindex/GeneratedModuleMaps-iphonesimulator/GoogleUtilities-Reachability.modulemap -Xcc -fmodule-map-file\=/Users/borisserzhanovich/Library/Developer/Xcode/DerivedData/WorkoutTracker-gugjzwqwyjqwbtaovaznehevomif/Build/Intermediates.noindex/GeneratedModuleMaps-iphonesimulator/GoogleUtilities-Network.modulemap -Xcc -fmodule-map-file\=/Users/borisserzhanovich/Library/Developer/Xcode/DerivedData/WorkoutTracker-gugjzwqwyjqwbtaovaznehevomif/Build/Intermediates.noindex/GeneratedModuleMaps-iphonesimulator/FirebaseAnalyticsWrapper.modulemap -Xcc -fmodule-map-file\=/Users/borisserzhanovich/Library/Developer/Xcode/DerivedData/WorkoutTracker-gugjzwqwyjqwbtaovaznehevomif/Build/Intermediates.noindex/GeneratedModuleMaps-iphonesimulator/FirebaseAnalyticsTarget.modulemap -Xcc -fmodule-map-file\=/Users/borisserzhanovich/Library/Developer/Xcode/DerivedData/WorkoutTracker-gugjzwqwyjqwbtaovaznehevomif/Build/Intermediates.noindex/GeneratedModuleMaps-iphonesimulator/FirebaseCrashlytics.modulemap -Xcc -fmodule-map-file\=/Users/borisserzhanovich/Library/Developer/Xcode/DerivedData/WorkoutTracker-gugjzwqwyjqwbtaovaznehevomif/Build/Intermediates.noindex/GeneratedModuleMaps-iphonesimulator/GoogleUtilities-NSData.modulemap -Xcc -fmodule-map-file\=/Users/borisserzhanovich/Library/Developer/Xcode/DerivedData/WorkoutTracker-gugjzwqwyjqwbtaovaznehevomif/Build/Intermediates.noindex/GeneratedModuleMaps-iphonesimulator/GoogleUtilities-UserDefaults.modulemap -Xcc -fmodule-map-file\=/Users/borisserzhanovich/Library/Developer/Xcode/DerivedData/WorkoutTracker-gugjzwqwyjqwbtaovaznehevomif/Build/Intermediates.noindex/GeneratedModuleMaps-iphonesimulator/nanopb.modulemap -Xcc -fmodule-map-file\=/Users/borisserzhanovich/Library/Developer/Xcode/DerivedData/WorkoutTracker-gugjzwqwyjqwbtaovaznehevomif/Build/Intermediates.noindex/GeneratedModuleMaps-iphonesimulator/GoogleDataTransport.modulemap -Xcc -fmodule-map-file\=/Users/borisserzhanovich/Library/Developer/Xcode/DerivedData/WorkoutTracker-gugjzwqwyjqwbtaovaznehevomif/Build/Intermediates.noindex/GeneratedModuleMaps-iphonesimulator/GoogleUtilities-Logger.modulemap -Xcc -fmodule-map-file\=/Users/borisserzhanovich/Library/Developer/Xcode/DerivedData/WorkoutTracker-gugjzwqwyjqwbtaovaznehevomif/Build/Intermediates.noindex/GeneratedModuleMaps-iphonesimulator/GoogleUtilities-Environment.modulemap -Xcc -fmodule-map-file\=/Users/borisserzhanovich/Library/Developer/Xcode/DerivedData/WorkoutTracker-gugjzwqwyjqwbtaovaznehevomif/Build/Intermediates.noindex/GeneratedModuleMaps-iphonesimulator/third-party-IsAppEncrypted.modulemap -Xcc -fmodule-map-file\=/Users/borisserzhanovich/Library/Developer/Xcode/DerivedData/WorkoutTracker-gugjzwqwyjqwbtaovaznehevomif/Build/Intermediates.noindex/GeneratedModuleMaps-iphonesimulator/GoogleUtilities-MethodSwizzler.modulemap -Xcc -fmodule-map-file\=/Users/borisserzhanovich/Library/Developer/Xcode/DerivedData/WorkoutTracker-gugjzwqwyjqwbtaovaznehevomif/Build/Intermediates.noindex/GeneratedModuleMaps-iphonesimulator/FirebasePerformance.modulemap -Xcc -fmodule-map-file\=/Users/borisserzhanovich/Library/Developer/Xcode/DerivedData/WorkoutTracker-gugjzwqwyjqwbtaovaznehevomif/Build/Intermediates.noindex/GeneratedModuleMaps-iphonesimulator/FirebaseSessionsObjC.modulemap -Xcc -fmodule-map-file\=/Users/borisserzhanovich/Library/Developer/Xcode/DerivedData/WorkoutTracker-gugjzwqwyjqwbtaovaznehevomif/Build/Intermediates.noindex/GeneratedModuleMaps-iphonesimulator/FirebaseCoreExtension.modulemap -Xcc -fmodule-map-file\=/Users/borisserzhanovich/Library/Developer/Xcode/DerivedData/WorkoutTracker-gugjzwqwyjqwbtaovaznehevomif/Build/Intermediates.noindex/GeneratedModuleMaps-iphonesimulator/FirebaseRemoteConfigInternal.modulemap -Xcc -fmodule-map-file\=/Users/borisserzhanovich/Library/Developer/Xcode/DerivedData/WorkoutTracker-gugjzwqwyjqwbtaovaznehevomif/Build/Intermediates.noindex/GeneratedModuleMaps-iphonesimulator/FirebaseABTesting.modulemap -Xcc -fmodule-map-file\=/Users/borisserzhanovich/Library/Developer/Xcode/DerivedData/WorkoutTracker-gugjzwqwyjqwbtaovaznehevomif/Build/Intermediates.noindex/GeneratedModuleMaps-iphonesimulator/FirebaseInstallations.modulemap -Xcc -fmodule-map-file\=/Users/borisserzhanovich/Library/Developer/Xcode/DerivedData/WorkoutTracker-gugjzwqwyjqwbtaovaznehevomif/Build/Intermediates.noindex/GeneratedModuleMaps-iphonesimulator/FirebaseCore.modulemap -Xcc -fmodule-map-file\=/Users/borisserzhanovich/Library/Developer/Xcode/DerivedData/WorkoutTracker-gugjzwqwyjqwbtaovaznehevomif/Build/Intermediates.noindex/GeneratedModuleMaps-iphonesimulator/FirebasePerformanceTarget.modulemap -default-isolation\=MainActor -enable-bare-slash-regex -enable-upcoming-feature DisableOutwardActorInference -enable-upcoming-feature InferSendableFromCaptures -enable-upcoming-feature GlobalActorIsolatedTypesUsability -enable-upcoming-feature MemberImportVisibility -enable-upcoming-feature InferIsolatedConformances -enable-upcoming-feature NonisolatedNonsendingByDefault -enable-experimental-feature DebugDescriptionMacro -sdk /Applications/Xcode.app/Contents/Developer/Platforms/iPhoneSimulator.platform/Developer/SDKs/iPhoneSimulator26.2.sdk -target arm64-apple-ios17.6-simulator -g -module-cache-path /Users/borisserzhanovich/Library/Developer/Xcode/DerivedData/ModuleCache.noindex -Xfrontend -serialize-debugging-options -enable-testing -index-store-path /Users/borisserzhanovich/Library/Developer/Xcode/DerivedData/WorkoutTracker-gugjzwqwyjqwbtaovaznehevomif/Index.noindex/DataStore -Xcc -D_LIBCPP_HARDENING_MODE\=_LIBCPP_HARDENING_MODE_DEBUG -swift-version 5 -I /Users/borisserzhanovich/Library/Developer/Xcode/DerivedData/WorkoutTracker-gugjzwqwyjqwbtaovaznehevomif/Build/Products/Debug-iphonesimulator -F /Users/borisserzhanovich/Library/Developer/Xcode/DerivedData/WorkoutTracker-gugjzwqwyjqwbtaovaznehevomif/Build/Products/Debug-iphonesimulator/PackageFrameworks -F /Users/borisserzhanovich/Library/Developer/Xcode/DerivedData/WorkoutTracker-gugjzwqwyjqwbtaovaznehevomif/Build/Products/Debug-iphonesimulator/PackageFrameworks -F /Users/borisserzhanovich/Library/Developer/Xcode/DerivedData/WorkoutTracker-gugjzwqwyjqwbtaovaznehevomif/Build/Products/Debug-iphonesimulator/PackageFrameworks -F /Users/borisserzhanovich/Library/Developer/Xcode/DerivedData/WorkoutTracker-gugjzwqwyjqwbtaovaznehevomif/Build/Products/Debug-iphonesimulator/PackageFrameworks -F /Users/borisserzhanovich/Library/Developer/Xcode/DerivedData/WorkoutTracker-gugjzwqwyjqwbtaovaznehevomif/Build/Products/Debug-iphonesimulator/PackageFrameworks -F /Users/borisserzhanovich/Library/Developer/Xcode/DerivedData/WorkoutTracker-gugjzwqwyjqwbtaovaznehevomif/Build/Products/Debug-iphonesimulator/PackageFrameworks -F /Users/borisserzhanovich/Library/Developer/Xcode/DerivedData/WorkoutTracker-gugjzwqwyjqwbtaovaznehevomif/Build/Products/Debug-iphonesimulator/PackageFrameworks -F /Users/borisserzhanovich/Library/Developer/Xcode/DerivedData/WorkoutTracker-gugjzwqwyjqwbtaovaznehevomif/Build/Products/Debug-iphonesimulator/PackageFrameworks -F /Users/borisserzhanovich/Library/Developer/Xcode/DerivedData/WorkoutTracker-gugjzwqwyjqwbtaovaznehevomif/Build/Products/Debug-iphonesimulator/PackageFrameworks -F /Users/borisserzhanovich/Library/Developer/Xcode/DerivedData/WorkoutTracker-gugjzwqwyjqwbtaovaznehevomif/Build/Products/Debug-iphonesimulator/PackageFrameworks -F /Users/borisserzhanovich/Library/Developer/Xcode/DerivedData/WorkoutTracker-gugjzwqwyjqwbtaovaznehevomif/Build/Products/Debug-iphonesimulator/PackageFrameworks -F /Users/borisserzhanovich/Library/Developer/Xcode/DerivedData/WorkoutTracker-gugjzwqwyjqwbtaovaznehevomif/Build/Products/Debug-iphonesimulator/PackageFrameworks -F /Users/borisserzhanovich/Library/Developer/Xcode/DerivedData/WorkoutTracker-gugjzwqwyjqwbtaovaznehevomif/Build/Products/Debug-iphonesimulator/PackageFrameworks -F /Users/borisserzhanovich/Library/Developer/Xcode/DerivedData/WorkoutTracker-gugjzwqwyjqwbtaovaznehevomif/Build/Products/Debug-iphonesimulator/PackageFrameworks -F /Users/borisserzhanovich/Library/Developer/Xcode/DerivedData/WorkoutTracker-gugjzwqwyjqwbtaovaznehevomif/Build/Products/Debug-iphonesimulator/PackageFrameworks -F /Users/borisserzhanovich/Library/Developer/Xcode/DerivedData/WorkoutTracker-gugjzwqwyjqwbtaovaznehevomif/Build/Products/Debug-iphonesimulator/PackageFrameworks -F /Users/borisserzhanovich/Library/Developer/Xcode/DerivedData/WorkoutTracker-gugjzwqwyjqwbtaovaznehevomif/Build/Products/Debug-iphonesimulator/PackageFrameworks -F /Users/borisserzhanovich/Library/Developer/Xcode/DerivedData/WorkoutTracker-gugjzwqwyjqwbtaovaznehevomif/Build/Products/Debug-iphonesimulator/PackageFrameworks -F /Users/borisserzhanovich/Library/Developer/Xcode/DerivedData/WorkoutTracker-gugjzwqwyjqwbtaovaznehevomif/Build/Products/Debug-iphonesimulator/PackageFrameworks -F /Users/borisserzhanovich/Library/Developer/Xcode/DerivedData/WorkoutTracker-gugjzwqwyjqwbtaovaznehevomif/Build/Products/Debug-iphonesimulator/PackageFrameworks -F /Users/borisserzhanovich/Library/Developer/Xcode/DerivedData/WorkoutTracker-gugjzwqwyjqwbtaovaznehevomif/Build/Products/Debug-iphonesimulator/PackageFrameworks -F /Users/borisserzhanovich/Library/Developer/Xcode/DerivedData/WorkoutTracker-gugjzwqwyjqwbtaovaznehevomif/Build/Products/Debug-iphonesimulator/PackageFrameworks -F /Users/borisserzhanovich/Library/Developer/Xcode/DerivedData/WorkoutTracker-gugjzwqwyjqwbtaovaznehevomif/Build/Products/Debug-iphonesimulator/PackageFrameworks -F /Users/borisserzhanovich/Library/Developer/Xcode/DerivedData/WorkoutTracker-gugjzwqwyjqwbtaovaznehevomif/Build/Products/Debug-iphonesimulator/PackageFrameworks -F /Users/borisserzhanovich/Library/Developer/Xcode/DerivedData/WorkoutTracker-gugjzwqwyjqwbtaovaznehevomif/Build/Products/Debug-iphonesimulator/PackageFrameworks -F /Users/borisserzhanovich/Library/Developer/Xcode/DerivedData/WorkoutTracker-gugjzwqwyjqwbtaovaznehevomif/Build/Products/Debug-iphonesimulator/PackageFrameworks -F /Users/borisserzhanovich/Library/Developer/Xcode/DerivedData/WorkoutTracker-gugjzwqwyjqwbtaovaznehevomif/Build/Products/Debug-iphonesimulator/PackageFrameworks -F /Users/borisserzhanovich/Library/Developer/Xcode/DerivedData/WorkoutTracker-gugjzwqwyjqwbtaovaznehevomif/Build/Products/Debug-iphonesimulator/PackageFrameworks -F /Users/borisserzhanovich/Library/Developer/Xcode/DerivedData/WorkoutTracker-gugjzwqwyjqwbtaovaznehevomif/Build/Products/Debug-iphonesimulator/PackageFrameworks -F /Users/borisserzhanovich/Library/Developer/Xcode/DerivedData/WorkoutTracker-gugjzwqwyjqwbtaovaznehevomif/Build/Products/Debug-iphonesimulator/PackageFrameworks -F /Users/borisserzhanovich/Library/Developer/Xcode/DerivedData/WorkoutTracker-gugjzwqwyjqwbtaovaznehevomif/Build/Products/Debug-iphonesimulator/PackageFrameworks -F /Users/borisserzhanovich/Library/Developer/Xcode/DerivedData/WorkoutTracker-gugjzwqwyjqwbtaovaznehevomif/Build/Products/Debug-iphonesimulator/PackageFrameworks -F /Users/borisserzhanovich/Library/Developer/Xcode/DerivedData/WorkoutTracker-gugjzwqwyjqwbtaovaznehevomif/Build/Products/Debug-iphonesimulator/PackageFrameworks -F /Users/borisserzhanovich/Library/Developer/Xcode/DerivedData/WorkoutTracker-gugjzwqwyjqwbtaovaznehevomif/Build/Products/Debug-iphonesimulator/PackageFrameworks -F /Users/borisserzhanovich/Library/Developer/Xcode/DerivedData/WorkoutTracker-gugjzwqwyjqwbtaovaznehevomif/Build/Products/Debug-iphonesimulator/PackageFrameworks -F /Users/borisserzhanovich/Library/Developer/Xcode/DerivedData/WorkoutTracker-gugjzwqwyjqwbtaovaznehevomif/Build/Products/Debug-iphonesimulator/PackageFrameworks -F /Users/borisserzhanovich/Library/Developer/Xcode/DerivedData/WorkoutTracker-gugjzwqwyjqwbtaovaznehevomif/Build/Products/Debug-iphonesimulator/PackageFrameworks -F /Users/borisserzhanovich/Library/Developer/Xcode/DerivedData/WorkoutTracker-gugjzwqwyjqwbtaovaznehevomif/Build/Products/Debug-iphonesimulator/PackageFrameworks -F /Users/borisserzhanovich/Library/Developer/Xcode/DerivedData/WorkoutTracker-gugjzwqwyjqwbtaovaznehevomif/Build/Products/Debug-iphonesimulator/PackageFrameworks -F /Users/borisserzhanovich/Library/Developer/Xcode/DerivedData/WorkoutTracker-gugjzwqwyjqwbtaovaznehevomif/Build/Products/Debug-iphonesimulator/PackageFrameworks -F /Users/borisserzhanovich/Library/Developer/Xcode/DerivedData/WorkoutTracker-gugjzwqwyjqwbtaovaznehevomif/Build/Products/Debug-iphonesimulator/PackageFrameworks -F /Users/borisserzhanovich/Library/Developer/Xcode/DerivedData/WorkoutTracker-gugjzwqwyjqwbtaovaznehevomif/Build/Products/Debug-iphonesimulator/PackageFrameworks -F /Users/borisserzhanovich/Library/Developer/Xcode/DerivedData/WorkoutTracker-gugjzwqwyjqwbtaovaznehevomif/Build/Products/Debug-iphonesimulator/PackageFrameworks -F /Users/borisserzhanovich/Library/Developer/Xcode/DerivedData/WorkoutTracker-gugjzwqwyjqwbtaovaznehevomif/Build/Products/Debug-iphonesimulator/PackageFrameworks -F /Users/borisserzhanovich/Library/Developer/Xcode/DerivedData/WorkoutTracker-gugjzwqwyjqwbtaovaznehevomif/Build/Products/Debug-iphonesimulator/PackageFrameworks -F /Users/borisserzhanovich/Library/Developer/Xcode/DerivedData/WorkoutTracker-gugjzwqwyjqwbtaovaznehevomif/Build/Products/Debug-iphonesimulator/PackageFrameworks -F /Users/borisserzhanovich/Library/Developer/Xcode/DerivedData/WorkoutTracker-gugjzwqwyjqwbtaovaznehevomif/Build/Products/Debug-iphonesimulator/PackageFrameworks -F /Users/borisserzhanovich/Library/Developer/Xcode/DerivedData/WorkoutTracker-gugjzwqwyjqwbtaovaznehevomif/Build/Products/Debug-iphonesimulator/PackageFrameworks -F /Users/borisserzhanovich/Library/Developer/Xcode/DerivedData/WorkoutTracker-gugjzwqwyjqwbtaovaznehevomif/Build/Products/Debug-iphonesimulator/PackageFrameworks -F /Users/borisserzhanovich/Library/Developer/Xcode/DerivedData/WorkoutTracker-gugjzwqwyjqwbtaovaznehevomif/Build/Products/Debug-iphonesimulator/PackageFrameworks -F /Users/borisserzhanovich/Library/Developer/Xcode/DerivedData/WorkoutTracker-gugjzwqwyjqwbtaovaznehevomif/Build/Products/Debug-iphonesimulator/PackageFrameworks -F /Users/borisserzhanovich/Library/Developer/Xcode/DerivedData/WorkoutTracker-gugjzwqwyjqwbtaovaznehevomif/Build/Products/Debug-iphonesimulator/PackageFrameworks -F /Users/borisserzhanovich/Library/Developer/Xcode/DerivedData/WorkoutTracker-gugjzwqwyjqwbtaovaznehevomif/Build/Products/Debug-iphonesimulator/PackageFrameworks -F /Users/borisserzhanovich/Library/Developer/Xcode/DerivedData/WorkoutTracker-gugjzwqwyjqwbtaovaznehevomif/Build/Products/Debug-iphonesimulator/PackageFrameworks -F /Users/borisserzhanovich/Library/Developer/Xcode/DerivedData/WorkoutTracker-gugjzwqwyjqwbtaovaznehevomif/Build/Products/Debug-iphonesimulator/PackageFrameworks -F /Users/borisserzhanovich/Library/Developer/Xcode/DerivedData/WorkoutTracker-gugjzwqwyjqwbtaovaznehevomif/Build/Products/Debug-iphonesimulator/PackageFrameworks -F /Users/borisserzhanovich/Library/Developer/Xcode/DerivedData/WorkoutTracker-gugjzwqwyjqwbtaovaznehevomif/Build/Products/Debug-iphonesimulator -emit-localized-strings -emit-localized-strings-path /Users/borisserzhanovich/Library/Developer/Xcode/DerivedData/WorkoutTracker-gugjzwqwyjqwbtaovaznehevomif/Build/Intermediates.noindex/WorkoutTracker.build/Debug-iphonesimulator/WorkoutTracker.build/Objects-normal/arm64 -c -j10 -enable-batch-mode -incremental -Xcc -ivfsstatcache -Xcc /Users/borisserzhanovich/Library/Developer/Xcode/DerivedData/SDKStatCaches.noindex/iphonesimulator26.2-23C57-7d00a8b37fbd7999ea79df8ebc024bf0.sdkstatcache -output-file-map /Users/borisserzhanovich/Library/Developer/Xcode/DerivedData/WorkoutTracker-gugjzwqwyjqwbtaovaznehevomif/Build/Intermediates.noindex/WorkoutTracker.build/Debug-iphonesimulator/WorkoutTracker.build/Objects-normal/arm64/WorkoutTracker-OutputFileMap.json -use-frontend-parseable-output -save-temps -no-color-diagnostics -explicit-module-build -module-cache-path /Users/borisserzhanovich/Library/Developer/Xcode/DerivedData/WorkoutTracker-gugjzwqwyjqwbtaovaznehevomif/Build/Intermediates.noindex/SwiftExplicitPrecompiledModules -clang-scanner-module-cache-path /Users/borisserzhanovich/Library/Developer/Xcode/DerivedData/ModuleCache.noindex -sdk-module-cache-path /Users/borisserzhanovich/Library/Developer/Xcode/DerivedData/ModuleCache.noindex -serialize-diagnostics -emit-dependencies -emit-module -emit-module-path /Users/borisserzhanovich/Library/Developer/Xcode/DerivedData/WorkoutTracker-gugjzwqwyjqwbtaovaznehevomif/Build/Intermediates.noindex/WorkoutTracker.build/Debug-iphonesimulator/WorkoutTracker.build/Objects-normal/arm64/WorkoutTracker.swiftmodule -validate-clang-modules-once -clang-build-session-file /Users/borisserzhanovich/Library/Developer/Xcode/DerivedData/ModuleCache.noindex/Session.modulevalidation -Xcc -I/Users/borisserzhanovich/Library/Developer/Xcode/DerivedData/WorkoutTracker-gugjzwqwyjqwbtaovaznehevomif/Build/Intermediates.noindex/WorkoutTracker.build/Debug-iphonesimulator/WorkoutTracker.build/swift-overrides.hmap -emit-const-values -Xfrontend -const-gather-protocols-file -Xfrontend /Users/borisserzhanovich/Library/Developer/Xcode/DerivedData/WorkoutTracker-gugjzwqwyjqwbtaovaznehevomif/Build/Intermediates.noindex/WorkoutTracker.build/Debug-iphonesimulator/WorkoutTracker.build/Objects-normal/arm64/WorkoutTracker_const_extract_protocols.json -Xcc -iquote -Xcc /Users/borisserzhanovich/Library/Developer/Xcode/DerivedData/WorkoutTracker-gugjzwqwyjqwbtaovaznehevomif/Build/Intermediates.noindex/WorkoutTracker.build/Debug-iphonesimulator/WorkoutTracker.build/WorkoutTracker-generated-files.hmap -Xcc -I/Users/borisserzhanovich/Library/Developer/Xcode/DerivedData/WorkoutTracker-gugjzwqwyjqwbtaovaznehevomif/Build/Intermediates.noindex/WorkoutTracker.build/Debug-iphonesimulator/WorkoutTracker.build/WorkoutTracker-own-target-headers.hmap -Xcc -I/Users/borisserzhanovich/Library/Developer/Xcode/DerivedData/WorkoutTracker-gugjzwqwyjqwbtaovaznehevomif/Build/Intermediates.noindex/WorkoutTracker.build/Debug-iphonesimulator/WorkoutTracker.build/WorkoutTracker-all-non-framework-target-headers.hmap -Xcc -ivfsoverlay -Xcc /Users/borisserzhanovich/Library/Developer/Xcode/DerivedData/WorkoutTracker-gugjzwqwyjqwbtaovaznehevomif/Build/Intermediates.noindex/WorkoutTracker.build/Debug-iphonesimulator/WorkoutTracker-d36e0c2491cbbecbfaeaed3ebc3d9b3e-VFS-iphonesimulator/all-product-headers.yaml -Xcc -iquote -Xcc /Users/borisserzhanovich/Library/Developer/Xcode/DerivedData/WorkoutTracker-gugjzwqwyjqwbtaovaznehevomif/Build/Intermediates.noindex/WorkoutTracker.build/Debug-iphonesimulator/WorkoutTracker.build/WorkoutTracker-project-headers.hmap -Xcc -I/Users/borisserzhanovich/Library/Developer/Xcode/DerivedData/WorkoutTracker-gugjzwqwyjqwbtaovaznehevomif/SourcePackages/checkouts/abseil-cpp-binary/absl-Wrapper/include -Xcc -I/Users/borisserzhanovich/Library/Developer/Xcode/DerivedData/WorkoutTracker-gugjzwqwyjqwbtaovaznehevomif/SourcePackages/checkouts/grpc-binary/openssl-grpc-Wrapper/include -Xcc -I/Users/borisserzhanovich/Library/Developer/Xcode/DerivedData/WorkoutTracker-gugjzwqwyjqwbtaovaznehevomif/SourcePackages/checkouts/grpc-binary/grpc-Wrapper/include -Xcc -I/Users/borisserzhanovich/Library/Developer/Xcode/DerivedData/WorkoutTracker-gugjzwqwyjqwbtaovaznehevomif/SourcePackages/checkouts/grpc-binary/grpcpp-Wrapper/include -Xcc -I/Users/borisserzhanovich/Library/Developer/Xcode/DerivedData/WorkoutTracker-gugjzwqwyjqwbtaovaznehevomif/SourcePackages/checkouts/leveldb/include -Xcc -I/Users/borisserzhanovich/Library/Developer/Xcode/DerivedData/WorkoutTracker-gugjzwqwyjqwbtaovaznehevomif/SourcePackages/checkouts/firebase-ios-sdk/FirebaseFirestoreInternal -Xcc -I/Users/borisserzhanovich/Library/Developer/Xcode/DerivedData/WorkoutTracker-gugjzwqwyjqwbtaovaznehevomif/SourcePackages/checkouts/firebase-ios-sdk/SwiftPM-PlatformExclude/FirebaseFirestoreWrap/include -Xcc -I/Users/borisserzhanovich/Library/Developer/Xcode/DerivedData/WorkoutTracker-gugjzwqwyjqwbtaovaznehevomif/SourcePackages/checkouts/interop-ios-for-google-sdks/RecaptchaEnterprise/RecaptchaInterop/Public -Xcc -I/Users/borisserzhanovich/Library/Developer/Xcode/DerivedData/WorkoutTracker-gugjzwqwyjqwbtaovaznehevomif/SourcePackages/checkouts/firebase-ios-sdk/FirebaseAuth/Sources/Public -Xcc -I/Users/borisserzhanovich/Library/Developer/Xcode/DerivedData/WorkoutTracker-gugjzwqwyjqwbtaovaznehevomif/SourcePackages/checkouts/firebase-ios-sdk/FirebaseMessaging/Interop -Xcc -I/Users/borisserzhanovich/Library/Developer/Xcode/DerivedData/WorkoutTracker-gugjzwqwyjqwbtaovaznehevomif/SourcePackages/checkouts/firebase-ios-sdk/FirebaseAuth/Interop/Public -Xcc -I/Users/borisserzhanovich/Library/Developer/Xcode/DerivedData/WorkoutTracker-gugjzwqwyjqwbtaovaznehevomif/SourcePackages/checkouts/firebase-ios-sdk/FirebaseAppCheck/Interop/Public -Xcc -I/Users/borisserzhanovich/Library/Developer/Xcode/DerivedData/WorkoutTracker-gugjzwqwyjqwbtaovaznehevomif/SourcePackages/checkouts/firebase-ios-sdk/FirebaseAppCheck/Sources/Public -Xcc -I/Users/borisserzhanovich/Library/Developer/Xcode/DerivedData/WorkoutTracker-gugjzwqwyjqwbtaovaznehevomif/SourcePackages/checkouts/AppAuth-iOS/Sources/AppAuth -Xcc -I/Users/borisserzhanovich/Library/Developer/Xcode/DerivedData/WorkoutTracker-gugjzwqwyjqwbtaovaznehevomif/SourcePackages/checkouts/AppAuth-iOS/Sources/AppAuthCore -Xcc -I/Users/borisserzhanovich/Library/Developer/Xcode/DerivedData/WorkoutTracker-gugjzwqwyjqwbtaovaznehevomif/SourcePackages/checkouts/app-check/AppCheckCore/Sources/Public -Xcc -I/Users/borisserzhanovich/Library/Developer/Xcode/DerivedData/WorkoutTracker-gugjzwqwyjqwbtaovaznehevomif/SourcePackages/checkouts/gtm-session-fetcher/Sources/Core/Public -Xcc -I/Users/borisserzhanovich/Library/Developer/Xcode/DerivedData/WorkoutTracker-gugjzwqwyjqwbtaovaznehevomif/SourcePackages/checkouts/GoogleSignIn-iOS/GoogleSignIn/Sources/Public -Xcc -I/Users/borisserzhanovich/Library/Developer/Xcode/DerivedData/WorkoutTracker-gugjzwqwyjqwbtaovaznehevomif/SourcePackages/checkouts/google-ads-on-device-conversion-ios-sdk/GoogleAdsOnDeviceConversionWrapper/include -Xcc -I/Users/borisserzhanovich/Library/Developer/Xcode/DerivedData/WorkoutTracker-gugjzwqwyjqwbtaovaznehevomif/SourcePackages/checkouts/GoogleAppMeasurement/GoogleAppMeasurementWrapper/include -Xcc -I/Users/borisserzhanovich/Library/Developer/Xcode/DerivedData/WorkoutTracker-gugjzwqwyjqwbtaovaznehevomif/SourcePackages/checkouts/GoogleUtilities/GoogleUtilities/AppDelegateSwizzler/Public -Xcc -I/Users/borisserzhanovich/Library/Developer/Xcode/DerivedData/WorkoutTracker-gugjzwqwyjqwbtaovaznehevomif/SourcePackages/checkouts/GoogleUtilities/GoogleUtilities/Reachability/Public -Xcc -I/Users/borisserzhanovich/Library/Developer/Xcode/DerivedData/WorkoutTracker-gugjzwqwyjqwbtaovaznehevomif/SourcePackages/checkouts/GoogleUtilities/GoogleUtilities/Network/Public -Xcc -I/Users/borisserzhanovich/Library/Developer/Xcode/DerivedData/WorkoutTracker-gugjzwqwyjqwbtaovaznehevomif/SourcePackages/checkouts/firebase-ios-sdk/FirebaseAnalyticsWrapper/include -Xcc -I/Users/borisserzhanovich/Library/Developer/Xcode/DerivedData/WorkoutTracker-gugjzwqwyjqwbtaovaznehevomif/SourcePackages/checkouts/firebase-ios-sdk/SwiftPM-PlatformExclude/FirebaseAnalyticsWrap/include -Xcc -I/Users/borisserzhanovich/Library/Developer/Xcode/DerivedData/WorkoutTracker-gugjzwqwyjqwbtaovaznehevomif/SourcePackages/checkouts/firebase-ios-sdk/Crashlytics/Crashlytics/Public -Xcc -I/Users/borisserzhanovich/Library/Developer/Xcode/DerivedData/WorkoutTracker-gugjzwqwyjqwbtaovaznehevomif/SourcePackages/checkouts/GoogleUtilities/GoogleUtilities/NSData+zlib/Public -Xcc -I/Users/borisserzhanovich/Library/Developer/Xcode/DerivedData/WorkoutTracker-gugjzwqwyjqwbtaovaznehevomif/SourcePackages/checkouts/GoogleUtilities/GoogleUtilities/UserDefaults/Public -Xcc -I/Users/borisserzhanovich/Library/Developer/Xcode/DerivedData/WorkoutTracker-gugjzwqwyjqwbtaovaznehevomif/SourcePackages/checkouts/nanopb/spm_headers -Xcc -I/Users/borisserzhanovich/Library/Developer/Xcode/DerivedData/WorkoutTracker-gugjzwqwyjqwbtaovaznehevomif/SourcePackages/checkouts/promises/Sources/FBLPromises/include -Xcc -I/Users/borisserzhanovich/Library/Developer/Xcode/DerivedData/WorkoutTracker-gugjzwqwyjqwbtaovaznehevomif/SourcePackages/checkouts/GoogleDataTransport/GoogleDataTransport/GDTCORLibrary/Public -Xcc -I/Users/borisserzhanovich/Library/Developer/Xcode/DerivedData/WorkoutTracker-gugjzwqwyjqwbtaovaznehevomif/SourcePackages/checkouts/GoogleUtilities/GoogleUtilities/Logger/Public -Xcc -I/Users/borisserzhanovich/Library/Developer/Xcode/DerivedData/WorkoutTracker-gugjzwqwyjqwbtaovaznehevomif/SourcePackages/checkouts/GoogleUtilities/GoogleUtilities/Environment/Public -Xcc -I/Users/borisserzhanovich/Library/Developer/Xcode/DerivedData/WorkoutTracker-gugjzwqwyjqwbtaovaznehevomif/SourcePackages/checkouts/GoogleUtilities/third_party/IsAppEncrypted/Public -Xcc -I/Users/borisserzhanovich/Library/Developer/Xcode/DerivedData/WorkoutTracker-gugjzwqwyjqwbtaovaznehevomif/SourcePackages/checkouts/GoogleUtilities/GoogleUtilities/MethodSwizzler/Public -Xcc -I/Users/borisserzhanovich/Library/Developer/Xcode/DerivedData/WorkoutTracker-gugjzwqwyjqwbtaovaznehevomif/SourcePackages/checkouts/firebase-ios-sdk/FirebasePerformance/Sources/Public -Xcc -I/Users/borisserzhanovich/Library/Developer/Xcode/DerivedData/WorkoutTracker-gugjzwqwyjqwbtaovaznehevomif/SourcePackages/checkouts/firebase-ios-sdk/FirebaseSessions/SourcesObjC -Xcc -I/Users/borisserzhanovich/Library/Developer/Xcode/DerivedData/WorkoutTracker-gugjzwqwyjqwbtaovaznehevomif/SourcePackages/checkouts/firebase-ios-sdk/FirebaseCore/Extension -Xcc -I/Users/borisserzhanovich/Library/Developer/Xcode/DerivedData/WorkoutTracker-gugjzwqwyjqwbtaovaznehevomif/SourcePackages/checkouts/firebase-ios-sdk/FirebaseRemoteConfig/Sources/Public -Xcc -I/Users/borisserzhanovich/Library/Developer/Xcode/DerivedData/WorkoutTracker-gugjzwqwyjqwbtaovaznehevomif/SourcePackages/checkouts/firebase-ios-sdk/FirebaseABTesting/Sources/Public -Xcc -I/Users/borisserzhanovich/Library/Developer/Xcode/DerivedData/WorkoutTracker-gugjzwqwyjqwbtaovaznehevomif/SourcePackages/checkouts/firebase-ios-sdk/FirebaseInstallations/Source/Library/Public -Xcc -I/Users/borisserzhanovich/Library/Developer/Xcode/DerivedData/WorkoutTracker-gugjzwqwyjqwbtaovaznehevomif/SourcePackages/checkouts/firebase-ios-sdk/FirebaseCore/Sources/Public -Xcc -I/Users/borisserzhanovich/Library/Developer/Xcode/DerivedData/WorkoutTracker-gugjzwqwyjqwbtaovaznehevomif/SourcePackages/checkouts/firebase-ios-sdk/CoreOnly/Sources -Xcc -I/Users/borisserzhanovich/Library/Developer/Xcode/DerivedData/WorkoutTracker-gugjzwqwyjqwbtaovaznehevomif/SourcePackages/checkouts/firebase-ios-sdk/SwiftPM-PlatformExclude/FirebasePerformanceWrap/include -Xcc -I/Users/borisserzhanovich/Library/Developer/Xcode/DerivedData/WorkoutTracker-gugjzwqwyjqwbtaovaznehevomif/Build/Products/Debug-iphonesimulator/include -Xcc -I/Users/borisserzhanovich/Library/Developer/Xcode/DerivedData/WorkoutTracker-gugjzwqwyjqwbtaovaznehevomif/Build/Intermediates.noindex/WorkoutTracker.build/Debug-iphonesimulator/WorkoutTracker.build/DerivedSources-normal/arm64 -Xcc -I/Users/borisserzhanovich/Library/Developer/Xcode/DerivedData/WorkoutTracker-gugjzwqwyjqwbtaovaznehevomif/Build/Intermediates.noindex/WorkoutTracker.build/Debug-iphonesimulator/WorkoutTracker.build/DerivedSources/arm64 -Xcc -I/Users/borisserzhanovich/Library/Developer/Xcode/DerivedData/WorkoutTracker-gugjzwqwyjqwbtaovaznehevomif/Build/Intermediates.noindex/WorkoutTracker.build/Debug-iphonesimulator/WorkoutTracker.build/DerivedSources -Xcc -DDEBUG\=1 -emit-objc-header -emit-objc-header-path /Users/borisserzhanovich/Library/Developer/Xcode/DerivedData/WorkoutTracker-gugjzwqwyjqwbtaovaznehevomif/Build/Intermediates.noindex/WorkoutTracker.build/Debug-iphonesimulator/WorkoutTracker.build/Objects-normal/arm64/WorkoutTracker-Swift.h -working-directory /Users/borisserzhanovich/projects/Workout/WorkoutTracker\ copy -experimental-emit-module-separately -disable-cmo

Copy /Users/borisserzhanovich/Library/Developer/Xcode/DerivedData/WorkoutTracker-gugjzwqwyjqwbtaovaznehevomif/Build/Products/Debug-iphonesimulator/WorkoutTracker.swiftmodule/arm64-apple-ios-simulator.abi.json /Users/borisserzhanovich/Library/Developer/Xcode/DerivedData/WorkoutTracker-gugjzwqwyjqwbtaovaznehevomif/Build/Intermediates.noindex/WorkoutTracker.build/Debug-iphonesimulator/WorkoutTracker.build/Objects-normal/arm64/WorkoutTracker.abi.json (in target 'WorkoutTracker' from project 'WorkoutTracker')
    cd /Users/borisserzhanovich/projects/Workout/WorkoutTracker\ copy
    builtin-copy -exclude .DS_Store -exclude CVS -exclude .svn -exclude .git -exclude .hg -resolve-src-symlinks -rename /Users/borisserzhanovich/Library/Developer/Xcode/DerivedData/WorkoutTracker-gugjzwqwyjqwbtaovaznehevomif/Build/Intermediates.noindex/WorkoutTracker.build/Debug-iphonesimulator/WorkoutTracker.build/Objects-normal/arm64/WorkoutTracker.abi.json /Users/borisserzhanovich/Library/Developer/Xcode/DerivedData/WorkoutTracker-gugjzwqwyjqwbtaovaznehevomif/Build/Products/Debug-iphonesimulator/WorkoutTracker.swiftmodule/arm64-apple-ios-simulator.abi.json

Copy /Users/borisserzhanovich/Library/Developer/Xcode/DerivedData/WorkoutTracker-gugjzwqwyjqwbtaovaznehevomif/Build/Products/Debug-iphonesimulator/WorkoutTracker.swiftmodule/Project/arm64-apple-ios-simulator.swiftsourceinfo /Users/borisserzhanovich/Library/Developer/Xcode/DerivedData/WorkoutTracker-gugjzwqwyjqwbtaovaznehevomif/Build/Intermediates.noindex/WorkoutTracker.build/Debug-iphonesimulator/WorkoutTracker.build/Objects-normal/arm64/WorkoutTracker.swiftsourceinfo (in target 'WorkoutTracker' from project 'WorkoutTracker')
    cd /Users/borisserzhanovich/projects/Workout/WorkoutTracker\ copy
    builtin-copy -exclude .DS_Store -exclude CVS -exclude .svn -exclude .git -exclude .hg -resolve-src-symlinks -rename /Users/borisserzhanovich/Library/Developer/Xcode/DerivedData/WorkoutTracker-gugjzwqwyjqwbtaovaznehevomif/Build/Intermediates.noindex/WorkoutTracker.build/Debug-iphonesimulator/WorkoutTracker.build/Objects-normal/arm64/WorkoutTracker.swiftsourceinfo /Users/borisserzhanovich/Library/Developer/Xcode/DerivedData/WorkoutTracker-gugjzwqwyjqwbtaovaznehevomif/Build/Products/Debug-iphonesimulator/WorkoutTracker.swiftmodule/Project/arm64-apple-ios-simulator.swiftsourceinfo

Copy /Users/borisserzhanovich/Library/Developer/Xcode/DerivedData/WorkoutTracker-gugjzwqwyjqwbtaovaznehevomif/Build/Products/Debug-iphonesimulator/WorkoutTracker.swiftmodule/arm64-apple-ios-simulator.swiftmodule /Users/borisserzhanovich/Library/Developer/Xcode/DerivedData/WorkoutTracker-gugjzwqwyjqwbtaovaznehevomif/Build/Intermediates.noindex/WorkoutTracker.build/Debug-iphonesimulator/WorkoutTracker.build/Objects-normal/arm64/WorkoutTracker.swiftmodule (in target 'WorkoutTracker' from project 'WorkoutTracker')
    cd /Users/borisserzhanovich/projects/Workout/WorkoutTracker\ copy
    builtin-copy -exclude .DS_Store -exclude CVS -exclude .svn -exclude .git -exclude .hg -resolve-src-symlinks -rename /Users/borisserzhanovich/Library/Developer/Xcode/DerivedData/WorkoutTracker-gugjzwqwyjqwbtaovaznehevomif/Build/Intermediates.noindex/WorkoutTracker.build/Debug-iphonesimulator/WorkoutTracker.build/Objects-normal/arm64/WorkoutTracker.swiftmodule /Users/borisserzhanovich/Library/Developer/Xcode/DerivedData/WorkoutTracker-gugjzwqwyjqwbtaovaznehevomif/Build/Products/Debug-iphonesimulator/WorkoutTracker.swiftmodule/arm64-apple-ios-simulator.swiftmodule

SwiftDriverJobDiscovery normal arm64 Compiling WorkoutHubView.swift (in target 'WorkoutTracker' from project 'WorkoutTracker')

SwiftCompile normal arm64 Compiling\ FolderDetailView.swift /Users/borisserzhanovich/projects/Workout/WorkoutTracker\ copy/WorkoutTracker/Features/Explore/FolderDetailView.swift (in target 'WorkoutTracker' from project 'WorkoutTracker')

SwiftCompile normal arm64 /Users/borisserzhanovich/projects/Workout/WorkoutTracker\ copy/WorkoutTracker/Features/Explore/FolderDetailView.swift (in target 'WorkoutTracker' from project 'WorkoutTracker')
    cd /Users/borisserzhanovich/projects/Workout/WorkoutTracker\ copy
    

SwiftDriverJobDiscovery normal arm64 Compiling FolderDetailView.swift (in target 'WorkoutTracker' from project 'WorkoutTracker')

SwiftDriver\ Compilation WorkoutTracker normal arm64 com.apple.xcode.tools.swift.compiler (in target 'WorkoutTracker' from project 'WorkoutTracker')
    cd /Users/borisserzhanovich/projects/Workout/WorkoutTracker\ copy
    builtin-Swift-Compilation -- /Applications/Xcode.app/Contents/Developer/Toolchains/XcodeDefault.xctoolchain/usr/bin/swiftc -module-name WorkoutTracker -Onone -enforce-exclusivity\=checked @/Users/borisserzhanovich/Library/Developer/Xcode/DerivedData/WorkoutTracker-gugjzwqwyjqwbtaovaznehevomif/Build/Intermediates.noindex/WorkoutTracker.build/Debug-iphonesimulator/WorkoutTracker.build/Objects-normal/arm64/WorkoutTracker.SwiftFileList -DDEBUG -Xcc -fmodule-map-file\=/Users/borisserzhanovich/Library/Developer/Xcode/DerivedData/WorkoutTracker-gugjzwqwyjqwbtaovaznehevomif/Build/Intermediates.noindex/GeneratedModuleMaps-iphonesimulator/abslWrapper.modulemap -Xcc -fmodule-map-file\=/Users/borisserzhanovich/Library/Developer/Xcode/DerivedData/WorkoutTracker-gugjzwqwyjqwbtaovaznehevomif/Build/Intermediates.noindex/GeneratedModuleMaps-iphonesimulator/opensslWrapper.modulemap -Xcc -fmodule-map-file\=/Users/borisserzhanovich/Library/Developer/Xcode/DerivedData/WorkoutTracker-gugjzwqwyjqwbtaovaznehevomif/Build/Intermediates.noindex/GeneratedModuleMaps-iphonesimulator/grpcWrapper.modulemap -Xcc -fmodule-map-file\=/Users/borisserzhanovich/Library/Developer/Xcode/DerivedData/WorkoutTracker-gugjzwqwyjqwbtaovaznehevomif/Build/Intermediates.noindex/GeneratedModuleMaps-iphonesimulator/grpcppWrapper.modulemap -Xcc -fmodule-map-file\=/Users/borisserzhanovich/Library/Developer/Xcode/DerivedData/WorkoutTracker-gugjzwqwyjqwbtaovaznehevomif/Build/Intermediates.noindex/GeneratedModuleMaps-iphonesimulator/leveldb.modulemap -Xcc -fmodule-map-file\=/Users/borisserzhanovich/Library/Developer/Xcode/DerivedData/WorkoutTracker-gugjzwqwyjqwbtaovaznehevomif/Build/Intermediates.noindex/GeneratedModuleMaps-iphonesimulator/FirebaseFirestoreInternalWrapper.modulemap -Xcc -fmodule-map-file\=/Users/borisserzhanovich/Library/Developer/Xcode/DerivedData/WorkoutTracker-gugjzwqwyjqwbtaovaznehevomif/Build/Intermediates.noindex/GeneratedModuleMaps-iphonesimulator/FirebaseFirestoreTarget.modulemap -Xcc -fmodule-map-file\=/Users/borisserzhanovich/Library/Developer/Xcode/DerivedData/WorkoutTracker-gugjzwqwyjqwbtaovaznehevomif/Build/Intermediates.noindex/GeneratedModuleMaps-iphonesimulator/RecaptchaInterop.modulemap -Xcc -fmodule-map-file\=/Users/borisserzhanovich/Library/Developer/Xcode/DerivedData/WorkoutTracker-gugjzwqwyjqwbtaovaznehevomif/Build/Intermediates.noindex/GeneratedModuleMaps-iphonesimulator/FirebaseAuthInternal.modulemap -Xcc -fmodule-map-file\=/Users/borisserzhanovich/Library/Developer/Xcode/DerivedData/WorkoutTracker-gugjzwqwyjqwbtaovaznehevomif/Build/Intermediates.noindex/GeneratedModuleMaps-iphonesimulator/FirebaseMessagingInterop.modulemap -Xcc -fmodule-map-file\=/Users/borisserzhanovich/Library/Developer/Xcode/DerivedData/WorkoutTracker-gugjzwqwyjqwbtaovaznehevomif/Build/Intermediates.noindex/GeneratedModuleMaps-iphonesimulator/FirebaseAuthInterop.modulemap -Xcc -fmodule-map-file\=/Users/borisserzhanovich/Library/Developer/Xcode/DerivedData/WorkoutTracker-gugjzwqwyjqwbtaovaznehevomif/Build/Intermediates.noindex/GeneratedModuleMaps-iphonesimulator/FirebaseAppCheckInterop.modulemap -Xcc -fmodule-map-file\=/Users/borisserzhanovich/Library/Developer/Xcode/DerivedData/WorkoutTracker-gugjzwqwyjqwbtaovaznehevomif/Build/Intermediates.noindex/GeneratedModuleMaps-iphonesimulator/FirebaseAppCheck.modulemap -Xcc -fmodule-map-file\=/Users/borisserzhanovich/Library/Developer/Xcode/DerivedData/WorkoutTracker-gugjzwqwyjqwbtaovaznehevomif/Build/Intermediates.noindex/GeneratedModuleMaps-iphonesimulator/AppAuth.modulemap -Xcc -fmodule-map-file\=/Users/borisserzhanovich/Library/Developer/Xcode/DerivedData/WorkoutTracker-gugjzwqwyjqwbtaovaznehevomif/Build/Intermediates.noindex/GeneratedModuleMaps-iphonesimulator/AppAuthCore.modulemap -Xcc -fmodule-map-file\=/Users/borisserzhanovich/Library/Developer/Xcode/DerivedData/WorkoutTracker-gugjzwqwyjqwbtaovaznehevomif/Build/Intermediates.noindex/GeneratedModuleMaps-iphonesimulator/AppCheckCore.modulemap -Xcc -fmodule-map-file\=/Users/borisserzhanovich/Library/Developer/Xcode/DerivedData/WorkoutTracker-gugjzwqwyjqwbtaovaznehevomif/Build/Intermediates.noindex/GeneratedModuleMaps-iphonesimulator/GTMSessionFetcherCore.modulemap -Xcc -fmodule-map-file\=/Users/borisserzhanovich/Library/Developer/Xcode/DerivedData/WorkoutTracker-gugjzwqwyjqwbtaovaznehevomif/Build/Intermediates.noindex/GeneratedModuleMaps-iphonesimulator/GoogleSignIn.modulemap -Xcc -fmodule-map-file\=/Users/borisserzhanovich/Library/Developer/Xcode/DerivedData/WorkoutTracker-gugjzwqwyjqwbtaovaznehevomif/Build/Intermediates.noindex/GeneratedModuleMaps-iphonesimulator/GoogleAdsOnDeviceConversionTarget.modulemap -Xcc -fmodule-map-file\=/Users/borisserzhanovich/Library/Developer/Xcode/DerivedData/WorkoutTracker-gugjzwqwyjqwbtaovaznehevomif/Build/Intermediates.noindex/GeneratedModuleMaps-iphonesimulator/GoogleAppMeasurementTarget.modulemap -Xcc -fmodule-map-file\=/Users/borisserzhanovich/Library/Developer/Xcode/DerivedData/WorkoutTracker-gugjzwqwyjqwbtaovaznehevomif/Build/Intermediates.noindex/GeneratedModuleMaps-iphonesimulator/GoogleUtilities-AppDelegateSwizzler.modulemap -Xcc -fmodule-map-file\=/Users/borisserzhanovich/Library/Developer/Xcode/DerivedData/WorkoutTracker-gugjzwqwyjqwbtaovaznehevomif/Build/Intermediates.noindex/GeneratedModuleMaps-iphonesimulator/GoogleUtilities-Reachability.modulemap -Xcc -fmodule-map-file\=/Users/borisserzhanovich/Library/Developer/Xcode/DerivedData/WorkoutTracker-gugjzwqwyjqwbtaovaznehevomif/Build/Intermediates.noindex/GeneratedModuleMaps-iphonesimulator/GoogleUtilities-Network.modulemap -Xcc -fmodule-map-file\=/Users/borisserzhanovich/Library/Developer/Xcode/DerivedData/WorkoutTracker-gugjzwqwyjqwbtaovaznehevomif/Build/Intermediates.noindex/GeneratedModuleMaps-iphonesimulator/FirebaseAnalyticsWrapper.modulemap -Xcc -fmodule-map-file\=/Users/borisserzhanovich/Library/Developer/Xcode/DerivedData/WorkoutTracker-gugjzwqwyjqwbtaovaznehevomif/Build/Intermediates.noindex/GeneratedModuleMaps-iphonesimulator/FirebaseAnalyticsTarget.modulemap -Xcc -fmodule-map-file\=/Users/borisserzhanovich/Library/Developer/Xcode/DerivedData/WorkoutTracker-gugjzwqwyjqwbtaovaznehevomif/Build/Intermediates.noindex/GeneratedModuleMaps-iphonesimulator/FirebaseCrashlytics.modulemap -Xcc -fmodule-map-file\=/Users/borisserzhanovich/Library/Developer/Xcode/DerivedData/WorkoutTracker-gugjzwqwyjqwbtaovaznehevomif/Build/Intermediates.noindex/GeneratedModuleMaps-iphonesimulator/GoogleUtilities-NSData.modulemap -Xcc -fmodule-map-file\=/Users/borisserzhanovich/Library/Developer/Xcode/DerivedData/WorkoutTracker-gugjzwqwyjqwbtaovaznehevomif/Build/Intermediates.noindex/GeneratedModuleMaps-iphonesimulator/GoogleUtilities-UserDefaults.modulemap -Xcc -fmodule-map-file\=/Users/borisserzhanovich/Library/Developer/Xcode/DerivedData/WorkoutTracker-gugjzwqwyjqwbtaovaznehevomif/Build/Intermediates.noindex/GeneratedModuleMaps-iphonesimulator/nanopb.modulemap -Xcc -fmodule-map-file\=/Users/borisserzhanovich/Library/Developer/Xcode/DerivedData/WorkoutTracker-gugjzwqwyjqwbtaovaznehevomif/Build/Intermediates.noindex/GeneratedModuleMaps-iphonesimulator/GoogleDataTransport.modulemap -Xcc -fmodule-map-file\=/Users/borisserzhanovich/Library/Developer/Xcode/DerivedData/WorkoutTracker-gugjzwqwyjqwbtaovaznehevomif/Build/Intermediates.noindex/GeneratedModuleMaps-iphonesimulator/GoogleUtilities-Logger.modulemap -Xcc -fmodule-map-file\=/Users/borisserzhanovich/Library/Developer/Xcode/DerivedData/WorkoutTracker-gugjzwqwyjqwbtaovaznehevomif/Build/Intermediates.noindex/GeneratedModuleMaps-iphonesimulator/GoogleUtilities-Environment.modulemap -Xcc -fmodule-map-file\=/Users/borisserzhanovich/Library/Developer/Xcode/DerivedData/WorkoutTracker-gugjzwqwyjqwbtaovaznehevomif/Build/Intermediates.noindex/GeneratedModuleMaps-iphonesimulator/third-party-IsAppEncrypted.modulemap -Xcc -fmodule-map-file\=/Users/borisserzhanovich/Library/Developer/Xcode/DerivedData/WorkoutTracker-gugjzwqwyjqwbtaovaznehevomif/Build/Intermediates.noindex/GeneratedModuleMaps-iphonesimulator/GoogleUtilities-MethodSwizzler.modulemap -Xcc -fmodule-map-file\=/Users/borisserzhanovich/Library/Developer/Xcode/DerivedData/WorkoutTracker-gugjzwqwyjqwbtaovaznehevomif/Build/Intermediates.noindex/GeneratedModuleMaps-iphonesimulator/FirebasePerformance.modulemap -Xcc -fmodule-map-file\=/Users/borisserzhanovich/Library/Developer/Xcode/DerivedData/WorkoutTracker-gugjzwqwyjqwbtaovaznehevomif/Build/Intermediates.noindex/GeneratedModuleMaps-iphonesimulator/FirebaseSessionsObjC.modulemap -Xcc -fmodule-map-file\=/Users/borisserzhanovich/Library/Developer/Xcode/DerivedData/WorkoutTracker-gugjzwqwyjqwbtaovaznehevomif/Build/Intermediates.noindex/GeneratedModuleMaps-iphonesimulator/FirebaseCoreExtension.modulemap -Xcc -fmodule-map-file\=/Users/borisserzhanovich/Library/Developer/Xcode/DerivedData/WorkoutTracker-gugjzwqwyjqwbtaovaznehevomif/Build/Intermediates.noindex/GeneratedModuleMaps-iphonesimulator/FirebaseRemoteConfigInternal.modulemap -Xcc -fmodule-map-file\=/Users/borisserzhanovich/Library/Developer/Xcode/DerivedData/WorkoutTracker-gugjzwqwyjqwbtaovaznehevomif/Build/Intermediates.noindex/GeneratedModuleMaps-iphonesimulator/FirebaseABTesting.modulemap -Xcc -fmodule-map-file\=/Users/borisserzhanovich/Library/Developer/Xcode/DerivedData/WorkoutTracker-gugjzwqwyjqwbtaovaznehevomif/Build/Intermediates.noindex/GeneratedModuleMaps-iphonesimulator/FirebaseInstallations.modulemap -Xcc -fmodule-map-file\=/Users/borisserzhanovich/Library/Developer/Xcode/DerivedData/WorkoutTracker-gugjzwqwyjqwbtaovaznehevomif/Build/Intermediates.noindex/GeneratedModuleMaps-iphonesimulator/FirebaseCore.modulemap -Xcc -fmodule-map-file\=/Users/borisserzhanovich/Library/Developer/Xcode/DerivedData/WorkoutTracker-gugjzwqwyjqwbtaovaznehevomif/Build/Intermediates.noindex/GeneratedModuleMaps-iphonesimulator/FirebasePerformanceTarget.modulemap -default-isolation\=MainActor -enable-bare-slash-regex -enable-upcoming-feature DisableOutwardActorInference -enable-upcoming-feature InferSendableFromCaptures -enable-upcoming-feature GlobalActorIsolatedTypesUsability -enable-upcoming-feature MemberImportVisibility -enable-upcoming-feature InferIsolatedConformances -enable-upcoming-feature NonisolatedNonsendingByDefault -enable-experimental-feature DebugDescriptionMacro -sdk /Applications/Xcode.app/Contents/Developer/Platforms/iPhoneSimulator.platform/Developer/SDKs/iPhoneSimulator26.2.sdk -target arm64-apple-ios17.6-simulator -g -module-cache-path /Users/borisserzhanovich/Library/Developer/Xcode/DerivedData/ModuleCache.noindex -Xfrontend -serialize-debugging-options -enable-testing -index-store-path /Users/borisserzhanovich/Library/Developer/Xcode/DerivedData/WorkoutTracker-gugjzwqwyjqwbtaovaznehevomif/Index.noindex/DataStore -Xcc -D_LIBCPP_HARDENING_MODE\=_LIBCPP_HARDENING_MODE_DEBUG -swift-version 5 -I /Users/borisserzhanovich/Library/Developer/Xcode/DerivedData/WorkoutTracker-gugjzwqwyjqwbtaovaznehevomif/Build/Products/Debug-iphonesimulator -F /Users/borisserzhanovich/Library/Developer/Xcode/DerivedData/WorkoutTracker-gugjzwqwyjqwbtaovaznehevomif/Build/Products/Debug-iphonesimulator/PackageFrameworks -F /Users/borisserzhanovich/Library/Developer/Xcode/DerivedData/WorkoutTracker-gugjzwqwyjqwbtaovaznehevomif/Build/Products/Debug-iphonesimulator/PackageFrameworks -F /Users/borisserzhanovich/Library/Developer/Xcode/DerivedData/WorkoutTracker-gugjzwqwyjqwbtaovaznehevomif/Build/Products/Debug-iphonesimulator/PackageFrameworks -F /Users/borisserzhanovich/Library/Developer/Xcode/DerivedData/WorkoutTracker-gugjzwqwyjqwbtaovaznehevomif/Build/Products/Debug-iphonesimulator/PackageFrameworks -F /Users/borisserzhanovich/Library/Developer/Xcode/DerivedData/WorkoutTracker-gugjzwqwyjqwbtaovaznehevomif/Build/Products/Debug-iphonesimulator/PackageFrameworks -F /Users/borisserzhanovich/Library/Developer/Xcode/DerivedData/WorkoutTracker-gugjzwqwyjqwbtaovaznehevomif/Build/Products/Debug-iphonesimulator/PackageFrameworks -F /Users/borisserzhanovich/Library/Developer/Xcode/DerivedData/WorkoutTracker-gugjzwqwyjqwbtaovaznehevomif/Build/Products/Debug-iphonesimulator/PackageFrameworks -F /Users/borisserzhanovich/Library/Developer/Xcode/DerivedData/WorkoutTracker-gugjzwqwyjqwbtaovaznehevomif/Build/Products/Debug-iphonesimulator/PackageFrameworks -F /Users/borisserzhanovich/Library/Developer/Xcode/DerivedData/WorkoutTracker-gugjzwqwyjqwbtaovaznehevomif/Build/Products/Debug-iphonesimulator/PackageFrameworks -F /Users/borisserzhanovich/Library/Developer/Xcode/DerivedData/WorkoutTracker-gugjzwqwyjqwbtaovaznehevomif/Build/Products/Debug-iphonesimulator/PackageFrameworks -F /Users/borisserzhanovich/Library/Developer/Xcode/DerivedData/WorkoutTracker-gugjzwqwyjqwbtaovaznehevomif/Build/Products/Debug-iphonesimulator/PackageFrameworks -F /Users/borisserzhanovich/Library/Developer/Xcode/DerivedData/WorkoutTracker-gugjzwqwyjqwbtaovaznehevomif/Build/Products/Debug-iphonesimulator/PackageFrameworks -F /Users/borisserzhanovich/Library/Developer/Xcode/DerivedData/WorkoutTracker-gugjzwqwyjqwbtaovaznehevomif/Build/Products/Debug-iphonesimulator/PackageFrameworks -F /Users/borisserzhanovich/Library/Developer/Xcode/DerivedData/WorkoutTracker-gugjzwqwyjqwbtaovaznehevomif/Build/Products/Debug-iphonesimulator/PackageFrameworks -F /Users/borisserzhanovich/Library/Developer/Xcode/DerivedData/WorkoutTracker-gugjzwqwyjqwbtaovaznehevomif/Build/Products/Debug-iphonesimulator/PackageFrameworks -F /Users/borisserzhanovich/Library/Developer/Xcode/DerivedData/WorkoutTracker-gugjzwqwyjqwbtaovaznehevomif/Build/Products/Debug-iphonesimulator/PackageFrameworks -F /Users/borisserzhanovich/Library/Developer/Xcode/DerivedData/WorkoutTracker-gugjzwqwyjqwbtaovaznehevomif/Build/Products/Debug-iphonesimulator/PackageFrameworks -F /Users/borisserzhanovich/Library/Developer/Xcode/DerivedData/WorkoutTracker-gugjzwqwyjqwbtaovaznehevomif/Build/Products/Debug-iphonesimulator/PackageFrameworks -F /Users/borisserzhanovich/Library/Developer/Xcode/DerivedData/WorkoutTracker-gugjzwqwyjqwbtaovaznehevomif/Build/Products/Debug-iphonesimulator/PackageFrameworks -F /Users/borisserzhanovich/Library/Developer/Xcode/DerivedData/WorkoutTracker-gugjzwqwyjqwbtaovaznehevomif/Build/Products/Debug-iphonesimulator/PackageFrameworks -F /Users/borisserzhanovich/Library/Developer/Xcode/DerivedData/WorkoutTracker-gugjzwqwyjqwbtaovaznehevomif/Build/Products/Debug-iphonesimulator/PackageFrameworks -F /Users/borisserzhanovich/Library/Developer/Xcode/DerivedData/WorkoutTracker-gugjzwqwyjqwbtaovaznehevomif/Build/Products/Debug-iphonesimulator/PackageFrameworks -F /Users/borisserzhanovich/Library/Developer/Xcode/DerivedData/WorkoutTracker-gugjzwqwyjqwbtaovaznehevomif/Build/Products/Debug-iphonesimulator/PackageFrameworks -F /Users/borisserzhanovich/Library/Developer/Xcode/DerivedData/WorkoutTracker-gugjzwqwyjqwbtaovaznehevomif/Build/Products/Debug-iphonesimulator/PackageFrameworks -F /Users/borisserzhanovich/Library/Developer/Xcode/DerivedData/WorkoutTracker-gugjzwqwyjqwbtaovaznehevomif/Build/Products/Debug-iphonesimulator/PackageFrameworks -F /Users/borisserzhanovich/Library/Developer/Xcode/DerivedData/WorkoutTracker-gugjzwqwyjqwbtaovaznehevomif/Build/Products/Debug-iphonesimulator/PackageFrameworks -F /Users/borisserzhanovich/Library/Developer/Xcode/DerivedData/WorkoutTracker-gugjzwqwyjqwbtaovaznehevomif/Build/Products/Debug-iphonesimulator/PackageFrameworks -F /Users/borisserzhanovich/Library/Developer/Xcode/DerivedData/WorkoutTracker-gugjzwqwyjqwbtaovaznehevomif/Build/Products/Debug-iphonesimulator/PackageFrameworks -F /Users/borisserzhanovich/Library/Developer/Xcode/DerivedData/WorkoutTracker-gugjzwqwyjqwbtaovaznehevomif/Build/Products/Debug-iphonesimulator/PackageFrameworks -F /Users/borisserzhanovich/Library/Developer/Xcode/DerivedData/WorkoutTracker-gugjzwqwyjqwbtaovaznehevomif/Build/Products/Debug-iphonesimulator/PackageFrameworks -F /Users/borisserzhanovich/Library/Developer/Xcode/DerivedData/WorkoutTracker-gugjzwqwyjqwbtaovaznehevomif/Build/Products/Debug-iphonesimulator/PackageFrameworks -F /Users/borisserzhanovich/Library/Developer/Xcode/DerivedData/WorkoutTracker-gugjzwqwyjqwbtaovaznehevomif/Build/Products/Debug-iphonesimulator/PackageFrameworks -F /Users/borisserzhanovich/Library/Developer/Xcode/DerivedData/WorkoutTracker-gugjzwqwyjqwbtaovaznehevomif/Build/Products/Debug-iphonesimulator/PackageFrameworks -F /Users/borisserzhanovich/Library/Developer/Xcode/DerivedData/WorkoutTracker-gugjzwqwyjqwbtaovaznehevomif/Build/Products/Debug-iphonesimulator/PackageFrameworks -F /Users/borisserzhanovich/Library/Developer/Xcode/DerivedData/WorkoutTracker-gugjzwqwyjqwbtaovaznehevomif/Build/Products/Debug-iphonesimulator/PackageFrameworks -F /Users/borisserzhanovich/Library/Developer/Xcode/DerivedData/WorkoutTracker-gugjzwqwyjqwbtaovaznehevomif/Build/Products/Debug-iphonesimulator/PackageFrameworks -F /Users/borisserzhanovich/Library/Developer/Xcode/DerivedData/WorkoutTracker-gugjzwqwyjqwbtaovaznehevomif/Build/Products/Debug-iphonesimulator/PackageFrameworks -F /Users/borisserzhanovich/Library/Developer/Xcode/DerivedData/WorkoutTracker-gugjzwqwyjqwbtaovaznehevomif/Build/Products/Debug-iphonesimulator/PackageFrameworks -F /Users/borisserzhanovich/Library/Developer/Xcode/DerivedData/WorkoutTracker-gugjzwqwyjqwbtaovaznehevomif/Build/Products/Debug-iphonesimulator/PackageFrameworks -F /Users/borisserzhanovich/Library/Developer/Xcode/DerivedData/WorkoutTracker-gugjzwqwyjqwbtaovaznehevomif/Build/Products/Debug-iphonesimulator/PackageFrameworks -F /Users/borisserzhanovich/Library/Developer/Xcode/DerivedData/WorkoutTracker-gugjzwqwyjqwbtaovaznehevomif/Build/Products/Debug-iphonesimulator/PackageFrameworks -F /Users/borisserzhanovich/Library/Developer/Xcode/DerivedData/WorkoutTracker-gugjzwqwyjqwbtaovaznehevomif/Build/Products/Debug-iphonesimulator/PackageFrameworks -F /Users/borisserzhanovich/Library/Developer/Xcode/DerivedData/WorkoutTracker-gugjzwqwyjqwbtaovaznehevomif/Build/Products/Debug-iphonesimulator/PackageFrameworks -F /Users/borisserzhanovich/Library/Developer/Xcode/DerivedData/WorkoutTracker-gugjzwqwyjqwbtaovaznehevomif/Build/Products/Debug-iphonesimulator/PackageFrameworks -F /Users/borisserzhanovich/Library/Developer/Xcode/DerivedData/WorkoutTracker-gugjzwqwyjqwbtaovaznehevomif/Build/Products/Debug-iphonesimulator/PackageFrameworks -F /Users/borisserzhanovich/Library/Developer/Xcode/DerivedData/WorkoutTracker-gugjzwqwyjqwbtaovaznehevomif/Build/Products/Debug-iphonesimulator/PackageFrameworks -F /Users/borisserzhanovich/Library/Developer/Xcode/DerivedData/WorkoutTracker-gugjzwqwyjqwbtaovaznehevomif/Build/Products/Debug-iphonesimulator/PackageFrameworks -F /Users/borisserzhanovich/Library/Developer/Xcode/DerivedData/WorkoutTracker-gugjzwqwyjqwbtaovaznehevomif/Build/Products/Debug-iphonesimulator/PackageFrameworks -F /Users/borisserzhanovich/Library/Developer/Xcode/DerivedData/WorkoutTracker-gugjzwqwyjqwbtaovaznehevomif/Build/Products/Debug-iphonesimulator/PackageFrameworks -F /Users/borisserzhanovich/Library/Developer/Xcode/DerivedData/WorkoutTracker-gugjzwqwyjqwbtaovaznehevomif/Build/Products/Debug-iphonesimulator/PackageFrameworks -F /Users/borisserzhanovich/Library/Developer/Xcode/DerivedData/WorkoutTracker-gugjzwqwyjqwbtaovaznehevomif/Build/Products/Debug-iphonesimulator/PackageFrameworks -F /Users/borisserzhanovich/Library/Developer/Xcode/DerivedData/WorkoutTracker-gugjzwqwyjqwbtaovaznehevomif/Build/Products/Debug-iphonesimulator/PackageFrameworks -F /Users/borisserzhanovich/Library/Developer/Xcode/DerivedData/WorkoutTracker-gugjzwqwyjqwbtaovaznehevomif/Build/Products/Debug-iphonesimulator/PackageFrameworks -F /Users/borisserzhanovich/Library/Developer/Xcode/DerivedData/WorkoutTracker-gugjzwqwyjqwbtaovaznehevomif/Build/Products/Debug-iphonesimulator/PackageFrameworks -F /Users/borisserzhanovich/Library/Developer/Xcode/DerivedData/WorkoutTracker-gugjzwqwyjqwbtaovaznehevomif/Build/Products/Debug-iphonesimulator/PackageFrameworks -F /Users/borisserzhanovich/Library/Developer/Xcode/DerivedData/WorkoutTracker-gugjzwqwyjqwbtaovaznehevomif/Build/Products/Debug-iphonesimulator/PackageFrameworks -F /Users/borisserzhanovich/Library/Developer/Xcode/DerivedData/WorkoutTracker-gugjzwqwyjqwbtaovaznehevomif/Build/Products/Debug-iphonesimulator -emit-localized-strings -emit-localized-strings-path /Users/borisserzhanovich/Library/Developer/Xcode/DerivedData/WorkoutTracker-gugjzwqwyjqwbtaovaznehevomif/Build/Intermediates.noindex/WorkoutTracker.build/Debug-iphonesimulator/WorkoutTracker.build/Objects-normal/arm64 -c -j10 -enable-batch-mode -incremental -Xcc -ivfsstatcache -Xcc /Users/borisserzhanovich/Library/Developer/Xcode/DerivedData/SDKStatCaches.noindex/iphonesimulator26.2-23C57-7d00a8b37fbd7999ea79df8ebc024bf0.sdkstatcache -output-file-map /Users/borisserzhanovich/Library/Developer/Xcode/DerivedData/WorkoutTracker-gugjzwqwyjqwbtaovaznehevomif/Build/Intermediates.noindex/WorkoutTracker.build/Debug-iphonesimulator/WorkoutTracker.build/Objects-normal/arm64/WorkoutTracker-OutputFileMap.json -use-frontend-parseable-output -save-temps -no-color-diagnostics -explicit-module-build -module-cache-path /Users/borisserzhanovich/Library/Developer/Xcode/DerivedData/WorkoutTracker-gugjzwqwyjqwbtaovaznehevomif/Build/Intermediates.noindex/SwiftExplicitPrecompiledModules -clang-scanner-module-cache-path /Users/borisserzhanovich/Library/Developer/Xcode/DerivedData/ModuleCache.noindex -sdk-module-cache-path /Users/borisserzhanovich/Library/Developer/Xcode/DerivedData/ModuleCache.noindex -serialize-diagnostics -emit-dependencies -emit-module -emit-module-path /Users/borisserzhanovich/Library/Developer/Xcode/DerivedData/WorkoutTracker-gugjzwqwyjqwbtaovaznehevomif/Build/Intermediates.noindex/WorkoutTracker.build/Debug-iphonesimulator/WorkoutTracker.build/Objects-normal/arm64/WorkoutTracker.swiftmodule -validate-clang-modules-once -clang-build-session-file /Users/borisserzhanovich/Library/Developer/Xcode/DerivedData/ModuleCache.noindex/Session.modulevalidation -Xcc -I/Users/borisserzhanovich/Library/Developer/Xcode/DerivedData/WorkoutTracker-gugjzwqwyjqwbtaovaznehevomif/Build/Intermediates.noindex/WorkoutTracker.build/Debug-iphonesimulator/WorkoutTracker.build/swift-overrides.hmap -emit-const-values -Xfrontend -const-gather-protocols-file -Xfrontend /Users/borisserzhanovich/Library/Developer/Xcode/DerivedData/WorkoutTracker-gugjzwqwyjqwbtaovaznehevomif/Build/Intermediates.noindex/WorkoutTracker.build/Debug-iphonesimulator/WorkoutTracker.build/Objects-normal/arm64/WorkoutTracker_const_extract_protocols.json -Xcc -iquote -Xcc /Users/borisserzhanovich/Library/Developer/Xcode/DerivedData/WorkoutTracker-gugjzwqwyjqwbtaovaznehevomif/Build/Intermediates.noindex/WorkoutTracker.build/Debug-iphonesimulator/WorkoutTracker.build/WorkoutTracker-generated-files.hmap -Xcc -I/Users/borisserzhanovich/Library/Developer/Xcode/DerivedData/WorkoutTracker-gugjzwqwyjqwbtaovaznehevomif/Build/Intermediates.noindex/WorkoutTracker.build/Debug-iphonesimulator/WorkoutTracker.build/WorkoutTracker-own-target-headers.hmap -Xcc -I/Users/borisserzhanovich/Library/Developer/Xcode/DerivedData/WorkoutTracker-gugjzwqwyjqwbtaovaznehevomif/Build/Intermediates.noindex/WorkoutTracker.build/Debug-iphonesimulator/WorkoutTracker.build/WorkoutTracker-all-non-framework-target-headers.hmap -Xcc -ivfsoverlay -Xcc /Users/borisserzhanovich/Library/Developer/Xcode/DerivedData/WorkoutTracker-gugjzwqwyjqwbtaovaznehevomif/Build/Intermediates.noindex/WorkoutTracker.build/Debug-iphonesimulator/WorkoutTracker-d36e0c2491cbbecbfaeaed3ebc3d9b3e-VFS-iphonesimulator/all-product-headers.yaml -Xcc -iquote -Xcc /Users/borisserzhanovich/Library/Developer/Xcode/DerivedData/WorkoutTracker-gugjzwqwyjqwbtaovaznehevomif/Build/Intermediates.noindex/WorkoutTracker.build/Debug-iphonesimulator/WorkoutTracker.build/WorkoutTracker-project-headers.hmap -Xcc -I/Users/borisserzhanovich/Library/Developer/Xcode/DerivedData/WorkoutTracker-gugjzwqwyjqwbtaovaznehevomif/SourcePackages/checkouts/abseil-cpp-binary/absl-Wrapper/include -Xcc -I/Users/borisserzhanovich/Library/Developer/Xcode/DerivedData/WorkoutTracker-gugjzwqwyjqwbtaovaznehevomif/SourcePackages/checkouts/grpc-binary/openssl-grpc-Wrapper/include -Xcc -I/Users/borisserzhanovich/Library/Developer/Xcode/DerivedData/WorkoutTracker-gugjzwqwyjqwbtaovaznehevomif/SourcePackages/checkouts/grpc-binary/grpc-Wrapper/include -Xcc -I/Users/borisserzhanovich/Library/Developer/Xcode/DerivedData/WorkoutTracker-gugjzwqwyjqwbtaovaznehevomif/SourcePackages/checkouts/grpc-binary/grpcpp-Wrapper/include -Xcc -I/Users/borisserzhanovich/Library/Developer/Xcode/DerivedData/WorkoutTracker-gugjzwqwyjqwbtaovaznehevomif/SourcePackages/checkouts/leveldb/include -Xcc -I/Users/borisserzhanovich/Library/Developer/Xcode/DerivedData/WorkoutTracker-gugjzwqwyjqwbtaovaznehevomif/SourcePackages/checkouts/firebase-ios-sdk/FirebaseFirestoreInternal -Xcc -I/Users/borisserzhanovich/Library/Developer/Xcode/DerivedData/WorkoutTracker-gugjzwqwyjqwbtaovaznehevomif/SourcePackages/checkouts/firebase-ios-sdk/SwiftPM-PlatformExclude/FirebaseFirestoreWrap/include -Xcc -I/Users/borisserzhanovich/Library/Developer/Xcode/DerivedData/WorkoutTracker-gugjzwqwyjqwbtaovaznehevomif/SourcePackages/checkouts/interop-ios-for-google-sdks/RecaptchaEnterprise/RecaptchaInterop/Public -Xcc -I/Users/borisserzhanovich/Library/Developer/Xcode/DerivedData/WorkoutTracker-gugjzwqwyjqwbtaovaznehevomif/SourcePackages/checkouts/firebase-ios-sdk/FirebaseAuth/Sources/Public -Xcc -I/Users/borisserzhanovich/Library/Developer/Xcode/DerivedData/WorkoutTracker-gugjzwqwyjqwbtaovaznehevomif/SourcePackages/checkouts/firebase-ios-sdk/FirebaseMessaging/Interop -Xcc -I/Users/borisserzhanovich/Library/Developer/Xcode/DerivedData/WorkoutTracker-gugjzwqwyjqwbtaovaznehevomif/SourcePackages/checkouts/firebase-ios-sdk/FirebaseAuth/Interop/Public -Xcc -I/Users/borisserzhanovich/Library/Developer/Xcode/DerivedData/WorkoutTracker-gugjzwqwyjqwbtaovaznehevomif/SourcePackages/checkouts/firebase-ios-sdk/FirebaseAppCheck/Interop/Public -Xcc -I/Users/borisserzhanovich/Library/Developer/Xcode/DerivedData/WorkoutTracker-gugjzwqwyjqwbtaovaznehevomif/SourcePackages/checkouts/firebase-ios-sdk/FirebaseAppCheck/Sources/Public -Xcc -I/Users/borisserzhanovich/Library/Developer/Xcode/DerivedData/WorkoutTracker-gugjzwqwyjqwbtaovaznehevomif/SourcePackages/checkouts/AppAuth-iOS/Sources/AppAuth -Xcc -I/Users/borisserzhanovich/Library/Developer/Xcode/DerivedData/WorkoutTracker-gugjzwqwyjqwbtaovaznehevomif/SourcePackages/checkouts/AppAuth-iOS/Sources/AppAuthCore -Xcc -I/Users/borisserzhanovich/Library/Developer/Xcode/DerivedData/WorkoutTracker-gugjzwqwyjqwbtaovaznehevomif/SourcePackages/checkouts/app-check/AppCheckCore/Sources/Public -Xcc -I/Users/borisserzhanovich/Library/Developer/Xcode/DerivedData/WorkoutTracker-gugjzwqwyjqwbtaovaznehevomif/SourcePackages/checkouts/gtm-session-fetcher/Sources/Core/Public -Xcc -I/Users/borisserzhanovich/Library/Developer/Xcode/DerivedData/WorkoutTracker-gugjzwqwyjqwbtaovaznehevomif/SourcePackages/checkouts/GoogleSignIn-iOS/GoogleSignIn/Sources/Public -Xcc -I/Users/borisserzhanovich/Library/Developer/Xcode/DerivedData/WorkoutTracker-gugjzwqwyjqwbtaovaznehevomif/SourcePackages/checkouts/google-ads-on-device-conversion-ios-sdk/GoogleAdsOnDeviceConversionWrapper/include -Xcc -I/Users/borisserzhanovich/Library/Developer/Xcode/DerivedData/WorkoutTracker-gugjzwqwyjqwbtaovaznehevomif/SourcePackages/checkouts/GoogleAppMeasurement/GoogleAppMeasurementWrapper/include -Xcc -I/Users/borisserzhanovich/Library/Developer/Xcode/DerivedData/WorkoutTracker-gugjzwqwyjqwbtaovaznehevomif/SourcePackages/checkouts/GoogleUtilities/GoogleUtilities/AppDelegateSwizzler/Public -Xcc -I/Users/borisserzhanovich/Library/Developer/Xcode/DerivedData/WorkoutTracker-gugjzwqwyjqwbtaovaznehevomif/SourcePackages/checkouts/GoogleUtilities/GoogleUtilities/Reachability/Public -Xcc -I/Users/borisserzhanovich/Library/Developer/Xcode/DerivedData/WorkoutTracker-gugjzwqwyjqwbtaovaznehevomif/SourcePackages/checkouts/GoogleUtilities/GoogleUtilities/Network/Public -Xcc -I/Users/borisserzhanovich/Library/Developer/Xcode/DerivedData/WorkoutTracker-gugjzwqwyjqwbtaovaznehevomif/SourcePackages/checkouts/firebase-ios-sdk/FirebaseAnalyticsWrapper/include -Xcc -I/Users/borisserzhanovich/Library/Developer/Xcode/DerivedData/WorkoutTracker-gugjzwqwyjqwbtaovaznehevomif/SourcePackages/checkouts/firebase-ios-sdk/SwiftPM-PlatformExclude/FirebaseAnalyticsWrap/include -Xcc -I/Users/borisserzhanovich/Library/Developer/Xcode/DerivedData/WorkoutTracker-gugjzwqwyjqwbtaovaznehevomif/SourcePackages/checkouts/firebase-ios-sdk/Crashlytics/Crashlytics/Public -Xcc -I/Users/borisserzhanovich/Library/Developer/Xcode/DerivedData/WorkoutTracker-gugjzwqwyjqwbtaovaznehevomif/SourcePackages/checkouts/GoogleUtilities/GoogleUtilities/NSData+zlib/Public -Xcc -I/Users/borisserzhanovich/Library/Developer/Xcode/DerivedData/WorkoutTracker-gugjzwqwyjqwbtaovaznehevomif/SourcePackages/checkouts/GoogleUtilities/GoogleUtilities/UserDefaults/Public -Xcc -I/Users/borisserzhanovich/Library/Developer/Xcode/DerivedData/WorkoutTracker-gugjzwqwyjqwbtaovaznehevomif/SourcePackages/checkouts/nanopb/spm_headers -Xcc -I/Users/borisserzhanovich/Library/Developer/Xcode/DerivedData/WorkoutTracker-gugjzwqwyjqwbtaovaznehevomif/SourcePackages/checkouts/promises/Sources/FBLPromises/include -Xcc -I/Users/borisserzhanovich/Library/Developer/Xcode/DerivedData/WorkoutTracker-gugjzwqwyjqwbtaovaznehevomif/SourcePackages/checkouts/GoogleDataTransport/GoogleDataTransport/GDTCORLibrary/Public -Xcc -I/Users/borisserzhanovich/Library/Developer/Xcode/DerivedData/WorkoutTracker-gugjzwqwyjqwbtaovaznehevomif/SourcePackages/checkouts/GoogleUtilities/GoogleUtilities/Logger/Public -Xcc -I/Users/borisserzhanovich/Library/Developer/Xcode/DerivedData/WorkoutTracker-gugjzwqwyjqwbtaovaznehevomif/SourcePackages/checkouts/GoogleUtilities/GoogleUtilities/Environment/Public -Xcc -I/Users/borisserzhanovich/Library/Developer/Xcode/DerivedData/WorkoutTracker-gugjzwqwyjqwbtaovaznehevomif/SourcePackages/checkouts/GoogleUtilities/third_party/IsAppEncrypted/Public -Xcc -I/Users/borisserzhanovich/Library/Developer/Xcode/DerivedData/WorkoutTracker-gugjzwqwyjqwbtaovaznehevomif/SourcePackages/checkouts/GoogleUtilities/GoogleUtilities/MethodSwizzler/Public -Xcc -I/Users/borisserzhanovich/Library/Developer/Xcode/DerivedData/WorkoutTracker-gugjzwqwyjqwbtaovaznehevomif/SourcePackages/checkouts/firebase-ios-sdk/FirebasePerformance/Sources/Public -Xcc -I/Users/borisserzhanovich/Library/Developer/Xcode/DerivedData/WorkoutTracker-gugjzwqwyjqwbtaovaznehevomif/SourcePackages/checkouts/firebase-ios-sdk/FirebaseSessions/SourcesObjC -Xcc -I/Users/borisserzhanovich/Library/Developer/Xcode/DerivedData/WorkoutTracker-gugjzwqwyjqwbtaovaznehevomif/SourcePackages/checkouts/firebase-ios-sdk/FirebaseCore/Extension -Xcc -I/Users/borisserzhanovich/Library/Developer/Xcode/DerivedData/WorkoutTracker-gugjzwqwyjqwbtaovaznehevomif/SourcePackages/checkouts/firebase-ios-sdk/FirebaseRemoteConfig/Sources/Public -Xcc -I/Users/borisserzhanovich/Library/Developer/Xcode/DerivedData/WorkoutTracker-gugjzwqwyjqwbtaovaznehevomif/SourcePackages/checkouts/firebase-ios-sdk/FirebaseABTesting/Sources/Public -Xcc -I/Users/borisserzhanovich/Library/Developer/Xcode/DerivedData/WorkoutTracker-gugjzwqwyjqwbtaovaznehevomif/SourcePackages/checkouts/firebase-ios-sdk/FirebaseInstallations/Source/Library/Public -Xcc -I/Users/borisserzhanovich/Library/Developer/Xcode/DerivedData/WorkoutTracker-gugjzwqwyjqwbtaovaznehevomif/SourcePackages/checkouts/firebase-ios-sdk/FirebaseCore/Sources/Public -Xcc -I/Users/borisserzhanovich/Library/Developer/Xcode/DerivedData/WorkoutTracker-gugjzwqwyjqwbtaovaznehevomif/SourcePackages/checkouts/firebase-ios-sdk/CoreOnly/Sources -Xcc -I/Users/borisserzhanovich/Library/Developer/Xcode/DerivedData/WorkoutTracker-gugjzwqwyjqwbtaovaznehevomif/SourcePackages/checkouts/firebase-ios-sdk/SwiftPM-PlatformExclude/FirebasePerformanceWrap/include -Xcc -I/Users/borisserzhanovich/Library/Developer/Xcode/DerivedData/WorkoutTracker-gugjzwqwyjqwbtaovaznehevomif/Build/Products/Debug-iphonesimulator/include -Xcc -I/Users/borisserzhanovich/Library/Developer/Xcode/DerivedData/WorkoutTracker-gugjzwqwyjqwbtaovaznehevomif/Build/Intermediates.noindex/WorkoutTracker.build/Debug-iphonesimulator/WorkoutTracker.build/DerivedSources-normal/arm64 -Xcc -I/Users/borisserzhanovich/Library/Developer/Xcode/DerivedData/WorkoutTracker-gugjzwqwyjqwbtaovaznehevomif/Build/Intermediates.noindex/WorkoutTracker.build/Debug-iphonesimulator/WorkoutTracker.build/DerivedSources/arm64 -Xcc -I/Users/borisserzhanovich/Library/Developer/Xcode/DerivedData/WorkoutTracker-gugjzwqwyjqwbtaovaznehevomif/Build/Intermediates.noindex/WorkoutTracker.build/Debug-iphonesimulator/WorkoutTracker.build/DerivedSources -Xcc -DDEBUG\=1 -emit-objc-header -emit-objc-header-path /Users/borisserzhanovich/Library/Developer/Xcode/DerivedData/WorkoutTracker-gugjzwqwyjqwbtaovaznehevomif/Build/Intermediates.noindex/WorkoutTracker.build/Debug-iphonesimulator/WorkoutTracker.build/Objects-normal/arm64/WorkoutTracker-Swift.h -working-directory /Users/borisserzhanovich/projects/Workout/WorkoutTracker\ copy -experimental-emit-module-separately -disable-cmo

Ld /Users/borisserzhanovich/Library/Developer/Xcode/DerivedData/WorkoutTracker-gugjzwqwyjqwbtaovaznehevomif/Build/Products/Debug-iphonesimulator/WorkoutTracker.app/WorkoutTracker.debug.dylib normal (in target 'WorkoutTracker' from project 'WorkoutTracker')
    cd /Users/borisserzhanovich/projects/Workout/WorkoutTracker\ copy
    /Applications/Xcode.app/Contents/Developer/Toolchains/XcodeDefault.xctoolchain/usr/bin/clang -Xlinker -reproducible -target arm64-apple-ios17.6-simulator -dynamiclib -isysroot /Applications/Xcode.app/Contents/Developer/Platforms/iPhoneSimulator.platform/Developer/SDKs/iPhoneSimulator26.2.sdk -O0 -L/Users/borisserzhanovich/Library/Developer/Xcode/DerivedData/WorkoutTracker-gugjzwqwyjqwbtaovaznehevomif/Build/Intermediates.noindex/EagerLinkingTBDs/Debug-iphonesimulator -L/Users/borisserzhanovich/Library/Developer/Xcode/DerivedData/WorkoutTracker-gugjzwqwyjqwbtaovaznehevomif/Build/Products/Debug-iphonesimulator -F/Users/borisserzhanovich/Library/Developer/Xcode/DerivedData/WorkoutTracker-gugjzwqwyjqwbtaovaznehevomif/Build/Intermediates.noindex/EagerLinkingTBDs/Debug-iphonesimulator -F/Users/borisserzhanovich/Library/Developer/Xcode/DerivedData/WorkoutTracker-gugjzwqwyjqwbtaovaznehevomif/Build/Products/Debug-iphonesimulator/PackageFrameworks -F/Users/borisserzhanovich/Library/Developer/Xcode/DerivedData/WorkoutTracker-gugjzwqwyjqwbtaovaznehevomif/Build/Products/Debug-iphonesimulator/PackageFrameworks -F/Users/borisserzhanovich/Library/Developer/Xcode/DerivedData/WorkoutTracker-gugjzwqwyjqwbtaovaznehevomif/Build/Products/Debug-iphonesimulator/PackageFrameworks -F/Users/borisserzhanovich/Library/Developer/Xcode/DerivedData/WorkoutTracker-gugjzwqwyjqwbtaovaznehevomif/Build/Products/Debug-iphonesimulator/PackageFrameworks -F/Users/borisserzhanovich/Library/Developer/Xcode/DerivedData/WorkoutTracker-gugjzwqwyjqwbtaovaznehevomif/Build/Products/Debug-iphonesimulator/PackageFrameworks -F/Users/borisserzhanovich/Library/Developer/Xcode/DerivedData/WorkoutTracker-gugjzwqwyjqwbtaovaznehevomif/Build/Products/Debug-iphonesimulator/PackageFrameworks -F/Users/borisserzhanovich/Library/Developer/Xcode/DerivedData/WorkoutTracker-gugjzwqwyjqwbtaovaznehevomif/Build/Products/Debug-iphonesimulator/PackageFrameworks -F/Users/borisserzhanovich/Library/Developer/Xcode/DerivedData/WorkoutTracker-gugjzwqwyjqwbtaovaznehevomif/Build/Products/Debug-iphonesimulator/PackageFrameworks -F/Users/borisserzhanovich/Library/Developer/Xcode/DerivedData/WorkoutTracker-gugjzwqwyjqwbtaovaznehevomif/Build/Products/Debug-iphonesimulator/PackageFrameworks -F/Users/borisserzhanovich/Library/Developer/Xcode/DerivedData/WorkoutTracker-gugjzwqwyjqwbtaovaznehevomif/Build/Products/Debug-iphonesimulator/PackageFrameworks -F/Users/borisserzhanovich/Library/Developer/Xcode/DerivedData/WorkoutTracker-gugjzwqwyjqwbtaovaznehevomif/Build/Products/Debug-iphonesimulator/PackageFrameworks -F/Users/borisserzhanovich/Library/Developer/Xcode/DerivedData/WorkoutTracker-gugjzwqwyjqwbtaovaznehevomif/Build/Products/Debug-iphonesimulator/PackageFrameworks -F/Users/borisserzhanovich/Library/Developer/Xcode/DerivedData/WorkoutTracker-gugjzwqwyjqwbtaovaznehevomif/Build/Products/Debug-iphonesimulator/PackageFrameworks -F/Users/borisserzhanovich/Library/Developer/Xcode/DerivedData/WorkoutTracker-gugjzwqwyjqwbtaovaznehevomif/Build/Products/Debug-iphonesimulator/PackageFrameworks -F/Users/borisserzhanovich/Library/Developer/Xcode/DerivedData/WorkoutTracker-gugjzwqwyjqwbtaovaznehevomif/Build/Products/Debug-iphonesimulator/PackageFrameworks -F/Users/borisserzhanovich/Library/Developer/Xcode/DerivedData/WorkoutTracker-gugjzwqwyjqwbtaovaznehevomif/Build/Products/Debug-iphonesimulator/PackageFrameworks -F/Users/borisserzhanovich/Library/Developer/Xcode/DerivedData/WorkoutTracker-gugjzwqwyjqwbtaovaznehevomif/Build/Products/Debug-iphonesimulator/PackageFrameworks -F/Users/borisserzhanovich/Library/Developer/Xcode/DerivedData/WorkoutTracker-gugjzwqwyjqwbtaovaznehevomif/Build/Products/Debug-iphonesimulator/PackageFrameworks -F/Users/borisserzhanovich/Library/Developer/Xcode/DerivedData/WorkoutTracker-gugjzwqwyjqwbtaovaznehevomif/Build/Products/Debug-iphonesimulator/PackageFrameworks -F/Users/borisserzhanovich/Library/Developer/Xcode/DerivedData/WorkoutTracker-gugjzwqwyjqwbtaovaznehevomif/Build/Products/Debug-iphonesimulator/PackageFrameworks -F/Users/borisserzhanovich/Library/Developer/Xcode/DerivedData/WorkoutTracker-gugjzwqwyjqwbtaovaznehevomif/Build/Products/Debug-iphonesimulator/PackageFrameworks -F/Users/borisserzhanovich/Library/Developer/Xcode/DerivedData/WorkoutTracker-gugjzwqwyjqwbtaovaznehevomif/Build/Products/Debug-iphonesimulator/PackageFrameworks -F/Users/borisserzhanovich/Library/Developer/Xcode/DerivedData/WorkoutTracker-gugjzwqwyjqwbtaovaznehevomif/Build/Products/Debug-iphonesimulator/PackageFrameworks -F/Users/borisserzhanovich/Library/Developer/Xcode/DerivedData/WorkoutTracker-gugjzwqwyjqwbtaovaznehevomif/Build/Products/Debug-iphonesimulator/PackageFrameworks -F/Users/borisserzhanovich/Library/Developer/Xcode/DerivedData/WorkoutTracker-gugjzwqwyjqwbtaovaznehevomif/Build/Products/Debug-iphonesimulator/PackageFrameworks -F/Users/borisserzhanovich/Library/Developer/Xcode/DerivedData/WorkoutTracker-gugjzwqwyjqwbtaovaznehevomif/Build/Products/Debug-iphonesimulator/PackageFrameworks -F/Users/borisserzhanovich/Library/Developer/Xcode/DerivedData/WorkoutTracker-gugjzwqwyjqwbtaovaznehevomif/Build/Products/Debug-iphonesimulator/PackageFrameworks -F/Users/borisserzhanovich/Library/Developer/Xcode/DerivedData/WorkoutTracker-gugjzwqwyjqwbtaovaznehevomif/Build/Products/Debug-iphonesimulator/PackageFrameworks -F/Users/borisserzhanovich/Library/Developer/Xcode/DerivedData/WorkoutTracker-gugjzwqwyjqwbtaovaznehevomif/Build/Products/Debug-iphonesimulator/PackageFrameworks -F/Users/borisserzhanovich/Library/Developer/Xcode/DerivedData/WorkoutTracker-gugjzwqwyjqwbtaovaznehevomif/Build/Products/Debug-iphonesimulator/PackageFrameworks -F/Users/borisserzhanovich/Library/Developer/Xcode/DerivedData/WorkoutTracker-gugjzwqwyjqwbtaovaznehevomif/Build/Products/Debug-iphonesimulator/PackageFrameworks -F/Users/borisserzhanovich/Library/Developer/Xcode/DerivedData/WorkoutTracker-gugjzwqwyjqwbtaovaznehevomif/Build/Products/Debug-iphonesimulator/PackageFrameworks -F/Users/borisserzhanovich/Library/Developer/Xcode/DerivedData/WorkoutTracker-gugjzwqwyjqwbtaovaznehevomif/Build/Products/Debug-iphonesimulator/PackageFrameworks -F/Users/borisserzhanovich/Library/Developer/Xcode/DerivedData/WorkoutTracker-gugjzwqwyjqwbtaovaznehevomif/Build/Products/Debug-iphonesimulator/PackageFrameworks -F/Users/borisserzhanovich/Library/Developer/Xcode/DerivedData/WorkoutTracker-gugjzwqwyjqwbtaovaznehevomif/Build/Products/Debug-iphonesimulator/PackageFrameworks -F/Users/borisserzhanovich/Library/Developer/Xcode/DerivedData/WorkoutTracker-gugjzwqwyjqwbtaovaznehevomif/Build/Products/Debug-iphonesimulator/PackageFrameworks -F/Users/borisserzhanovich/Library/Developer/Xcode/DerivedData/WorkoutTracker-gugjzwqwyjqwbtaovaznehevomif/Build/Products/Debug-iphonesimulator/PackageFrameworks -F/Users/borisserzhanovich/Library/Developer/Xcode/DerivedData/WorkoutTracker-gugjzwqwyjqwbtaovaznehevomif/Build/Products/Debug-iphonesimulator/PackageFrameworks -F/Users/borisserzhanovich/Library/Developer/Xcode/DerivedData/WorkoutTracker-gugjzwqwyjqwbtaovaznehevomif/Build/Products/Debug-iphonesimulator/PackageFrameworks -F/Users/borisserzhanovich/Library/Developer/Xcode/DerivedData/WorkoutTracker-gugjzwqwyjqwbtaovaznehevomif/Build/Products/Debug-iphonesimulator/PackageFrameworks -F/Users/borisserzhanovich/Library/Developer/Xcode/DerivedData/WorkoutTracker-gugjzwqwyjqwbtaovaznehevomif/Build/Products/Debug-iphonesimulator/PackageFrameworks -F/Users/borisserzhanovich/Library/Developer/Xcode/DerivedData/WorkoutTracker-gugjzwqwyjqwbtaovaznehevomif/Build/Products/Debug-iphonesimulator/PackageFrameworks -F/Users/borisserzhanovich/Library/Developer/Xcode/DerivedData/WorkoutTracker-gugjzwqwyjqwbtaovaznehevomif/Build/Products/Debug-iphonesimulator/PackageFrameworks -F/Users/borisserzhanovich/Library/Developer/Xcode/DerivedData/WorkoutTracker-gugjzwqwyjqwbtaovaznehevomif/Build/Products/Debug-iphonesimulator/PackageFrameworks -F/Users/borisserzhanovich/Library/Developer/Xcode/DerivedData/WorkoutTracker-gugjzwqwyjqwbtaovaznehevomif/Build/Products/Debug-iphonesimulator/PackageFrameworks -F/Users/borisserzhanovich/Library/Developer/Xcode/DerivedData/WorkoutTracker-gugjzwqwyjqwbtaovaznehevomif/Build/Products/Debug-iphonesimulator/PackageFrameworks -F/Users/borisserzhanovich/Library/Developer/Xcode/DerivedData/WorkoutTracker-gugjzwqwyjqwbtaovaznehevomif/Build/Products/Debug-iphonesimulator/PackageFrameworks -F/Users/borisserzhanovich/Library/Developer/Xcode/DerivedData/WorkoutTracker-gugjzwqwyjqwbtaovaznehevomif/Build/Products/Debug-iphonesimulator/PackageFrameworks -F/Users/borisserzhanovich/Library/Developer/Xcode/DerivedData/WorkoutTracker-gugjzwqwyjqwbtaovaznehevomif/Build/Products/Debug-iphonesimulator/PackageFrameworks -F/Users/borisserzhanovich/Library/Developer/Xcode/DerivedData/WorkoutTracker-gugjzwqwyjqwbtaovaznehevomif/Build/Products/Debug-iphonesimulator/PackageFrameworks -F/Users/borisserzhanovich/Library/Developer/Xcode/DerivedData/WorkoutTracker-gugjzwqwyjqwbtaovaznehevomif/Build/Products/Debug-iphonesimulator/PackageFrameworks -F/Users/borisserzhanovich/Library/Developer/Xcode/DerivedData/WorkoutTracker-gugjzwqwyjqwbtaovaznehevomif/Build/Products/Debug-iphonesimulator/PackageFrameworks -F/Users/borisserzhanovich/Library/Developer/Xcode/DerivedData/WorkoutTracker-gugjzwqwyjqwbtaovaznehevomif/Build/Products/Debug-iphonesimulator/PackageFrameworks -F/Users/borisserzhanovich/Library/Developer/Xcode/DerivedData/WorkoutTracker-gugjzwqwyjqwbtaovaznehevomif/Build/Products/Debug-iphonesimulator/PackageFrameworks -F/Users/borisserzhanovich/Library/Developer/Xcode/DerivedData/WorkoutTracker-gugjzwqwyjqwbtaovaznehevomif/Build/Products/Debug-iphonesimulator/PackageFrameworks -F/Users/borisserzhanovich/Library/Developer/Xcode/DerivedData/WorkoutTracker-gugjzwqwyjqwbtaovaznehevomif/Build/Products/Debug-iphonesimulator/PackageFrameworks -F/Users/borisserzhanovich/Library/Developer/Xcode/DerivedData/WorkoutTracker-gugjzwqwyjqwbtaovaznehevomif/Build/Products/Debug-iphonesimulator -filelist /Users/borisserzhanovich/Library/Developer/Xcode/DerivedData/WorkoutTracker-gugjzwqwyjqwbtaovaznehevomif/Build/Intermediates.noindex/WorkoutTracker.build/Debug-iphonesimulator/WorkoutTracker.build/Objects-normal/arm64/WorkoutTracker.LinkFileList -install_name @rpath/WorkoutTracker.debug.dylib -Xlinker -rpath -Xlinker /usr/lib/swift -Xlinker -rpath -Xlinker /Users/borisserzhanovich/Library/Developer/Xcode/DerivedData/WorkoutTracker-gugjzwqwyjqwbtaovaznehevomif/Build/Products/Debug-iphonesimulator/PackageFrameworks -Xlinker -rpath -Xlinker @executable_path/Frameworks -dead_strip -Xlinker -object_path_lto -Xlinker /Users/borisserzhanovich/Library/Developer/Xcode/DerivedData/WorkoutTracker-gugjzwqwyjqwbtaovaznehevomif/Build/Intermediates.noindex/WorkoutTracker.build/Debug-iphonesimulator/WorkoutTracker.build/Objects-normal/arm64/WorkoutTracker_lto.o -rdynamic -Xlinker -no_deduplicate -Xlinker -objc_abi_version -Xlinker 2 -Xlinker -dependency_info -Xlinker /Users/borisserzhanovich/Library/Developer/Xcode/DerivedData/WorkoutTracker-gugjzwqwyjqwbtaovaznehevomif/Build/Intermediates.noindex/WorkoutTracker.build/Debug-iphonesimulator/WorkoutTracker.build/Objects-normal/arm64/WorkoutTracker_dependency_info.dat -fobjc-link-runtime -L/Applications/Xcode.app/Contents/Developer/Toolchains/XcodeDefault.xctoolchain/usr/lib/swift/iphonesimulator -L/usr/lib/swift -Xlinker -add_ast_path -Xlinker /Users/borisserzhanovich/Library/Developer/Xcode/DerivedData/WorkoutTracker-gugjzwqwyjqwbtaovaznehevomif/Build/Intermediates.noindex/WorkoutTracker.build/Debug-iphonesimulator/WorkoutTracker.build/Objects-normal/arm64/WorkoutTracker.swiftmodule @/Users/borisserzhanovich/Library/Developer/Xcode/DerivedData/WorkoutTracker-gugjzwqwyjqwbtaovaznehevomif/Build/Intermediates.noindex/WorkoutTracker.build/Debug-iphonesimulator/WorkoutTracker.build/Objects-normal/arm64/WorkoutTracker-linker-args.resp -Wl,-no_warn_duplicate_libraries -Wl,-no_warn_duplicate_libraries -Wl,-no_warn_duplicate_libraries -Wl,-no_warn_duplicate_libraries -lc++ -Wl,-no_warn_duplicate_libraries -Wl,-no_warn_duplicate_libraries -Wl,-no_warn_duplicate_libraries -Wl,-no_warn_duplicate_libraries -Wl,-no_warn_duplicate_libraries -Wl,-no_warn_duplicate_libraries -Wl,-no_warn_duplicate_libraries -Wl,-no_warn_duplicate_libraries -Wl,-no_warn_duplicate_libraries -Wl,-no_warn_duplicate_libraries -Wl,-no_warn_duplicate_libraries -Wl,-no_warn_duplicate_libraries -Wl,-no_warn_duplicate_libraries -Wl,-no_warn_duplicate_libraries -Wl,-no_warn_duplicate_libraries -Wl,-no_warn_duplicate_libraries -Wl,-no_warn_duplicate_libraries -Wl,-no_warn_duplicate_libraries -Wl,-no_warn_duplicate_libraries -Wl,-no_warn_duplicate_libraries -Wl,-no_warn_duplicate_libraries -Wl,-no_warn_duplicate_libraries -Wl,-no_warn_duplicate_libraries -Wl,-no_warn_duplicate_libraries -Wl,-no_warn_duplicate_libraries -Wl,-no_warn_duplicate_libraries -Wl,-no_warn_duplicate_libraries -Wl,-no_warn_duplicate_libraries -Wl,-no_warn_duplicate_libraries -lc++ -Wl,-no_warn_duplicate_libraries -Wl,-no_warn_duplicate_libraries -Wl,-no_warn_duplicate_libraries -Wl,-no_warn_duplicate_libraries -Wl,-no_warn_duplicate_libraries -Wl,-no_warn_duplicate_libraries -Wl,-no_warn_duplicate_libraries -Wl,-no_warn_duplicate_libraries -Wl,-no_warn_duplicate_libraries -Wl,-no_warn_duplicate_libraries -Wl,-no_warn_duplicate_libraries -Wl,-no_warn_duplicate_libraries -Wl,-no_warn_duplicate_libraries -Wl,-no_warn_duplicate_libraries -Wl,-no_warn_duplicate_libraries -Wl,-no_warn_duplicate_libraries -Wl,-no_warn_duplicate_libraries -Wl,-no_warn_duplicate_libraries -Wl,-no_warn_duplicate_libraries -Wl,-no_warn_duplicate_libraries -Wl,-no_warn_duplicate_libraries -Wl,-no_warn_duplicate_libraries -Wl,-no_warn_duplicate_libraries -framework UIKit -framework Security -framework Security -framework SystemConfiguration -framework Security -framework SystemConfiguration -framework MobileCoreServices -framework QuartzCore -framework SystemConfiguration -framework CoreTelephony -lz -framework Security -framework SystemConfiguration -lsqlite3 -lc++ -lz -framework StoreKit -lsqlite3 -lc++ -lz -framework StoreKit -lc++ -framework CoreGraphics -framework CoreText -framework Foundation -framework LocalAuthentication -framework Security -framework UIKit -framework Security -framework DeviceCheck -framework DeviceCheck -framework Security -framework SafariServices -lc++ -framework SystemConfiguration -framework UIKit -Xlinker -alias -Xlinker _main -Xlinker ___debug_main_executable_dylib_entry_point -framework FirebaseFirestoreInternal -framework absl -framework grpcpp -framework grpc -framework openssl_grpc -framework FirebaseAnalytics -framework GoogleAppMeasurementIdentitySupport -framework GoogleAppMeasurement -framework GoogleAdsOnDeviceConversion -Xlinker -no_adhoc_codesign -o /Users/borisserzhanovich/Library/Developer/Xcode/DerivedData/WorkoutTracker-gugjzwqwyjqwbtaovaznehevomif/Build/Products/Debug-iphonesimulator/WorkoutTracker.app/WorkoutTracker.debug.dylib -Xlinker -add_ast_path -Xlinker /Users/borisserzhanovich/Library/Developer/Xcode/DerivedData/WorkoutTracker-gugjzwqwyjqwbtaovaznehevomif/Build/Intermediates.noindex/Firebase.build/Debug-iphonesimulator/FirebaseCoreInternal.build/Objects-normal/arm64/FirebaseCoreInternal.swiftmodule @/Users/borisserzhanovich/Library/Developer/Xcode/DerivedData/WorkoutTracker-gugjzwqwyjqwbtaovaznehevomif/Build/Intermediates.noindex/Firebase.build/Debug-iphonesimulator/FirebaseCoreInternal.build/Objects-normal/arm64/FirebaseCoreInternal-linker-args.resp -Xlinker -add_ast_path -Xlinker /Users/borisserzhanovich/Library/Developer/Xcode/DerivedData/WorkoutTracker-gugjzwqwyjqwbtaovaznehevomif/Build/Intermediates.noindex/Firebase.build/Debug-iphonesimulator/FirebaseSharedSwift.build/Objects-normal/arm64/FirebaseSharedSwift.swiftmodule @/Users/borisserzhanovich/Library/Developer/Xcode/DerivedData/WorkoutTracker-gugjzwqwyjqwbtaovaznehevomif/Build/Intermediates.noindex/Firebase.build/Debug-iphonesimulator/FirebaseSharedSwift.build/Objects-normal/arm64/FirebaseSharedSwift-linker-args.resp -Xlinker -add_ast_path -Xlinker /Users/borisserzhanovich/Library/Developer/Xcode/DerivedData/WorkoutTracker-gugjzwqwyjqwbtaovaznehevomif/Build/Intermediates.noindex/Firebase.build/Debug-iphonesimulator/FirebaseFirestore.build/Objects-normal/arm64/FirebaseFirestore.swiftmodule @/Users/borisserzhanovich/Library/Developer/Xcode/DerivedData/WorkoutTracker-gugjzwqwyjqwbtaovaznehevomif/Build/Intermediates.noindex/Firebase.build/Debug-iphonesimulator/FirebaseFirestore.build/Objects-normal/arm64/FirebaseFirestore-linker-args.resp -Xlinker -add_ast_path -Xlinker /Users/borisserzhanovich/Library/Developer/Xcode/DerivedData/WorkoutTracker-gugjzwqwyjqwbtaovaznehevomif/Build/Intermediates.noindex/Firebase.build/Debug-iphonesimulator/FirebaseAuth.build/Objects-normal/arm64/FirebaseAuth.swiftmodule @/Users/borisserzhanovich/Library/Developer/Xcode/DerivedData/WorkoutTracker-gugjzwqwyjqwbtaovaznehevomif/Build/Intermediates.noindex/Firebase.build/Debug-iphonesimulator/FirebaseAuth.build/Objects-normal/arm64/FirebaseAuth-linker-args.resp -Xlinker -add_ast_path -Xlinker /Users/borisserzhanovich/Library/Developer/Xcode/DerivedData/WorkoutTracker-gugjzwqwyjqwbtaovaznehevomif/Build/Intermediates.noindex/Firebase.build/Debug-iphonesimulator/FirebaseStorage.build/Objects-normal/arm64/FirebaseStorage.swiftmodule @/Users/borisserzhanovich/Library/Developer/Xcode/DerivedData/WorkoutTracker-gugjzwqwyjqwbtaovaznehevomif/Build/Intermediates.noindex/Firebase.build/Debug-iphonesimulator/FirebaseStorage.build/Objects-normal/arm64/FirebaseStorage-linker-args.resp -Xlinker -add_ast_path -Xlinker /Users/borisserzhanovich/Library/Developer/Xcode/DerivedData/WorkoutTracker-gugjzwqwyjqwbtaovaznehevomif/Build/Intermediates.noindex/Firebase.build/Debug-iphonesimulator/FirebaseFunctions.build/Objects-normal/arm64/FirebaseFunctions.swiftmodule @/Users/borisserzhanovich/Library/Developer/Xcode/DerivedData/WorkoutTracker-gugjzwqwyjqwbtaovaznehevomif/Build/Intermediates.noindex/Firebase.build/Debug-iphonesimulator/FirebaseFunctions.build/Objects-normal/arm64/FirebaseFunctions-linker-args.resp -Xlinker -add_ast_path -Xlinker /Users/borisserzhanovich/Library/Developer/Xcode/DerivedData/WorkoutTracker-gugjzwqwyjqwbtaovaznehevomif/Build/Intermediates.noindex/Firebase.build/Debug-iphonesimulator/FirebaseRemoteConfig.build/Objects-normal/arm64/FirebaseRemoteConfig.swiftmodule @/Users/borisserzhanovich/Library/Developer/Xcode/DerivedData/WorkoutTracker-gugjzwqwyjqwbtaovaznehevomif/Build/Intermediates.noindex/Firebase.build/Debug-iphonesimulator/FirebaseRemoteConfig.build/Objects-normal/arm64/FirebaseRemoteConfig-linker-args.resp -Xlinker -add_ast_path -Xlinker /Users/borisserzhanovich/Library/Developer/Xcode/DerivedData/WorkoutTracker-gugjzwqwyjqwbtaovaznehevomif/Build/Intermediates.noindex/Firebase.build/Debug-iphonesimulator/FirebaseRemoteConfigInterop.build/Objects-normal/arm64/FirebaseRemoteConfigInterop.swiftmodule @/Users/borisserzhanovich/Library/Developer/Xcode/DerivedData/WorkoutTracker-gugjzwqwyjqwbtaovaznehevomif/Build/Intermediates.noindex/Firebase.build/Debug-iphonesimulator/FirebaseRemoteConfigInterop.build/Objects-normal/arm64/FirebaseRemoteConfigInterop-linker-args.resp -Xlinker -add_ast_path -Xlinker /Users/borisserzhanovich/Library/Developer/Xcode/DerivedData/WorkoutTracker-gugjzwqwyjqwbtaovaznehevomif/Build/Intermediates.noindex/GTMAppAuth.build/Debug-iphonesimulator/GTMAppAuth.build/Objects-normal/arm64/GTMAppAuth.swiftmodule @/Users/borisserzhanovich/Library/Developer/Xcode/DerivedData/WorkoutTracker-gugjzwqwyjqwbtaovaznehevomif/Build/Intermediates.noindex/GTMAppAuth.build/Debug-iphonesimulator/GTMAppAuth.build/Objects-normal/arm64/GTMAppAuth-linker-args.resp -Xlinker -add_ast_path -Xlinker /Users/borisserzhanovich/Library/Developer/Xcode/DerivedData/WorkoutTracker-gugjzwqwyjqwbtaovaznehevomif/Build/Intermediates.noindex/Promises.build/Debug-iphonesimulator/Promises.build/Objects-normal/arm64/Promises.swiftmodule @/Users/borisserzhanovich/Library/Developer/Xcode/DerivedData/WorkoutTracker-gugjzwqwyjqwbtaovaznehevomif/Build/Intermediates.noindex/Promises.build/Debug-iphonesimulator/Promises.build/Objects-normal/arm64/Promises-linker-args.resp -Xlinker -add_ast_path -Xlinker /Users/borisserzhanovich/Library/Developer/Xcode/DerivedData/WorkoutTracker-gugjzwqwyjqwbtaovaznehevomif/Build/Intermediates.noindex/Firebase.build/Debug-iphonesimulator/FirebaseSessions.build/Objects-normal/arm64/FirebaseSessions.swiftmodule @/Users/borisserzhanovich/Library/Developer/Xcode/DerivedData/WorkoutTracker-gugjzwqwyjqwbtaovaznehevomif/Build/Intermediates.noindex/Firebase.build/Debug-iphonesimulator/FirebaseSessions.build/Objects-normal/arm64/FirebaseSessions-linker-args.resp -Xlinker -add_ast_path -Xlinker /Users/borisserzhanovich/Library/Developer/Xcode/DerivedData/WorkoutTracker-gugjzwqwyjqwbtaovaznehevomif/Build/Intermediates.noindex/Firebase.build/Debug-iphonesimulator/FirebaseCrashlyticsSwift.build/Objects-normal/arm64/FirebaseCrashlyticsSwift.swiftmodule @/Users/borisserzhanovich/Library/Developer/Xcode/DerivedData/WorkoutTracker-gugjzwqwyjqwbtaovaznehevomif/Build/Intermediates.noindex/Firebase.build/Debug-iphonesimulator/FirebaseCrashlyticsSwift.build/Objects-normal/arm64/FirebaseCrashlyticsSwift-linker-args.resp

ConstructStubExecutorLinkFileList /Users/borisserzhanovich/Library/Developer/Xcode/DerivedData/WorkoutTracker-gugjzwqwyjqwbtaovaznehevomif/Build/Intermediates.noindex/WorkoutTracker.build/Debug-iphonesimulator/WorkoutTracker.build/WorkoutTracker-ExecutorLinkFileList-normal-arm64.txt (in target 'WorkoutTracker' from project 'WorkoutTracker')
    cd /Users/borisserzhanovich/projects/Workout/WorkoutTracker\ copy
    construct-stub-executor-link-file-list /Users/borisserzhanovich/Library/Developer/Xcode/DerivedData/WorkoutTracker-gugjzwqwyjqwbtaovaznehevomif/Build/Products/Debug-iphonesimulator/WorkoutTracker.app/WorkoutTracker.debug.dylib /Applications/Xcode.app/Contents/Developer/Platforms/iPhoneSimulator.platform/Developer/usr/lib/libPreviewsJITStubExecutor_no_swift_entry_point.a /Applications/Xcode.app/Contents/Developer/Platforms/iPhoneSimulator.platform/Developer/usr/lib/libPreviewsJITStubExecutor.a --output /Users/borisserzhanovich/Library/Developer/Xcode/DerivedData/WorkoutTracker-gugjzwqwyjqwbtaovaznehevomif/Build/Intermediates.noindex/WorkoutTracker.build/Debug-iphonesimulator/WorkoutTracker.build/WorkoutTracker-ExecutorLinkFileList-normal-arm64.txt
note: Using stub executor library with Swift entry point. (in target 'WorkoutTracker' from project 'WorkoutTracker')

Ld /Users/borisserzhanovich/Library/Developer/Xcode/DerivedData/WorkoutTracker-gugjzwqwyjqwbtaovaznehevomif/Build/Products/Debug-iphonesimulator/WorkoutTracker.app/WorkoutTracker normal (in target 'WorkoutTracker' from project 'WorkoutTracker')
    cd /Users/borisserzhanovich/projects/Workout/WorkoutTracker\ copy
    /Applications/Xcode.app/Contents/Developer/Toolchains/XcodeDefault.xctoolchain/usr/bin/clang -Xlinker -reproducible -target arm64-apple-ios17.6-simulator -isysroot /Applications/Xcode.app/Contents/Developer/Platforms/iPhoneSimulator.platform/Developer/SDKs/iPhoneSimulator26.2.sdk -O0 -L/Users/borisserzhanovich/Library/Developer/Xcode/DerivedData/WorkoutTracker-gugjzwqwyjqwbtaovaznehevomif/Build/Products/Debug-iphonesimulator -F/Users/borisserzhanovich/Library/Developer/Xcode/DerivedData/WorkoutTracker-gugjzwqwyjqwbtaovaznehevomif/Build/Products/Debug-iphonesimulator/PackageFrameworks -F/Users/borisserzhanovich/Library/Developer/Xcode/DerivedData/WorkoutTracker-gugjzwqwyjqwbtaovaznehevomif/Build/Products/Debug-iphonesimulator/PackageFrameworks -F/Users/borisserzhanovich/Library/Developer/Xcode/DerivedData/WorkoutTracker-gugjzwqwyjqwbtaovaznehevomif/Build/Products/Debug-iphonesimulator/PackageFrameworks -F/Users/borisserzhanovich/Library/Developer/Xcode/DerivedData/WorkoutTracker-gugjzwqwyjqwbtaovaznehevomif/Build/Products/Debug-iphonesimulator/PackageFrameworks -F/Users/borisserzhanovich/Library/Developer/Xcode/DerivedData/WorkoutTracker-gugjzwqwyjqwbtaovaznehevomif/Build/Products/Debug-iphonesimulator/PackageFrameworks -F/Users/borisserzhanovich/Library/Developer/Xcode/DerivedData/WorkoutTracker-gugjzwqwyjqwbtaovaznehevomif/Build/Products/Debug-iphonesimulator/PackageFrameworks -F/Users/borisserzhanovich/Library/Developer/Xcode/DerivedData/WorkoutTracker-gugjzwqwyjqwbtaovaznehevomif/Build/Products/Debug-iphonesimulator/PackageFrameworks -F/Users/borisserzhanovich/Library/Developer/Xcode/DerivedData/WorkoutTracker-gugjzwqwyjqwbtaovaznehevomif/Build/Products/Debug-iphonesimulator/PackageFrameworks -F/Users/borisserzhanovich/Library/Developer/Xcode/DerivedData/WorkoutTracker-gugjzwqwyjqwbtaovaznehevomif/Build/Products/Debug-iphonesimulator/PackageFrameworks -F/Users/borisserzhanovich/Library/Developer/Xcode/DerivedData/WorkoutTracker-gugjzwqwyjqwbtaovaznehevomif/Build/Products/Debug-iphonesimulator/PackageFrameworks -F/Users/borisserzhanovich/Library/Developer/Xcode/DerivedData/WorkoutTracker-gugjzwqwyjqwbtaovaznehevomif/Build/Products/Debug-iphonesimulator/PackageFrameworks -F/Users/borisserzhanovich/Library/Developer/Xcode/DerivedData/WorkoutTracker-gugjzwqwyjqwbtaovaznehevomif/Build/Products/Debug-iphonesimulator/PackageFrameworks -F/Users/borisserzhanovich/Library/Developer/Xcode/DerivedData/WorkoutTracker-gugjzwqwyjqwbtaovaznehevomif/Build/Products/Debug-iphonesimulator/PackageFrameworks -F/Users/borisserzhanovich/Library/Developer/Xcode/DerivedData/WorkoutTracker-gugjzwqwyjqwbtaovaznehevomif/Build/Products/Debug-iphonesimulator/PackageFrameworks -F/Users/borisserzhanovich/Library/Developer/Xcode/DerivedData/WorkoutTracker-gugjzwqwyjqwbtaovaznehevomif/Build/Products/Debug-iphonesimulator/PackageFrameworks -F/Users/borisserzhanovich/Library/Developer/Xcode/DerivedData/WorkoutTracker-gugjzwqwyjqwbtaovaznehevomif/Build/Products/Debug-iphonesimulator/PackageFrameworks -F/Users/borisserzhanovich/Library/Developer/Xcode/DerivedData/WorkoutTracker-gugjzwqwyjqwbtaovaznehevomif/Build/Products/Debug-iphonesimulator/PackageFrameworks -F/Users/borisserzhanovich/Library/Developer/Xcode/DerivedData/WorkoutTracker-gugjzwqwyjqwbtaovaznehevomif/Build/Products/Debug-iphonesimulator/PackageFrameworks -F/Users/borisserzhanovich/Library/Developer/Xcode/DerivedData/WorkoutTracker-gugjzwqwyjqwbtaovaznehevomif/Build/Products/Debug-iphonesimulator/PackageFrameworks -F/Users/borisserzhanovich/Library/Developer/Xcode/DerivedData/WorkoutTracker-gugjzwqwyjqwbtaovaznehevomif/Build/Products/Debug-iphonesimulator/PackageFrameworks -F/Users/borisserzhanovich/Library/Developer/Xcode/DerivedData/WorkoutTracker-gugjzwqwyjqwbtaovaznehevomif/Build/Products/Debug-iphonesimulator/PackageFrameworks -F/Users/borisserzhanovich/Library/Developer/Xcode/DerivedData/WorkoutTracker-gugjzwqwyjqwbtaovaznehevomif/Build/Products/Debug-iphonesimulator/PackageFrameworks -F/Users/borisserzhanovich/Library/Developer/Xcode/DerivedData/WorkoutTracker-gugjzwqwyjqwbtaovaznehevomif/Build/Products/Debug-iphonesimulator/PackageFrameworks -F/Users/borisserzhanovich/Library/Developer/Xcode/DerivedData/WorkoutTracker-gugjzwqwyjqwbtaovaznehevomif/Build/Products/Debug-iphonesimulator/PackageFrameworks -F/Users/borisserzhanovich/Library/Developer/Xcode/DerivedData/WorkoutTracker-gugjzwqwyjqwbtaovaznehevomif/Build/Products/Debug-iphonesimulator/PackageFrameworks -F/Users/borisserzhanovich/Library/Developer/Xcode/DerivedData/WorkoutTracker-gugjzwqwyjqwbtaovaznehevomif/Build/Products/Debug-iphonesimulator/PackageFrameworks -F/Users/borisserzhanovich/Library/Developer/Xcode/DerivedData/WorkoutTracker-gugjzwqwyjqwbtaovaznehevomif/Build/Products/Debug-iphonesimulator/PackageFrameworks -F/Users/borisserzhanovich/Library/Developer/Xcode/DerivedData/WorkoutTracker-gugjzwqwyjqwbtaovaznehevomif/Build/Products/Debug-iphonesimulator/PackageFrameworks -F/Users/borisserzhanovich/Library/Developer/Xcode/DerivedData/WorkoutTracker-gugjzwqwyjqwbtaovaznehevomif/Build/Products/Debug-iphonesimulator/PackageFrameworks -F/Users/borisserzhanovich/Library/Developer/Xcode/DerivedData/WorkoutTracker-gugjzwqwyjqwbtaovaznehevomif/Build/Products/Debug-iphonesimulator/PackageFrameworks -F/Users/borisserzhanovich/Library/Developer/Xcode/DerivedData/WorkoutTracker-gugjzwqwyjqwbtaovaznehevomif/Build/Products/Debug-iphonesimulator/PackageFrameworks -F/Users/borisserzhanovich/Library/Developer/Xcode/DerivedData/WorkoutTracker-gugjzwqwyjqwbtaovaznehevomif/Build/Products/Debug-iphonesimulator/PackageFrameworks -F/Users/borisserzhanovich/Library/Developer/Xcode/DerivedData/WorkoutTracker-gugjzwqwyjqwbtaovaznehevomif/Build/Products/Debug-iphonesimulator/PackageFrameworks -F/Users/borisserzhanovich/Library/Developer/Xcode/DerivedData/WorkoutTracker-gugjzwqwyjqwbtaovaznehevomif/Build/Products/Debug-iphonesimulator/PackageFrameworks -F/Users/borisserzhanovich/Library/Developer/Xcode/DerivedData/WorkoutTracker-gugjzwqwyjqwbtaovaznehevomif/Build/Products/Debug-iphonesimulator/PackageFrameworks -F/Users/borisserzhanovich/Library/Developer/Xcode/DerivedData/WorkoutTracker-gugjzwqwyjqwbtaovaznehevomif/Build/Products/Debug-iphonesimulator/PackageFrameworks -F/Users/borisserzhanovich/Library/Developer/Xcode/DerivedData/WorkoutTracker-gugjzwqwyjqwbtaovaznehevomif/Build/Products/Debug-iphonesimulator/PackageFrameworks -F/Users/borisserzhanovich/Library/Developer/Xcode/DerivedData/WorkoutTracker-gugjzwqwyjqwbtaovaznehevomif/Build/Products/Debug-iphonesimulator/PackageFrameworks -F/Users/borisserzhanovich/Library/Developer/Xcode/DerivedData/WorkoutTracker-gugjzwqwyjqwbtaovaznehevomif/Build/Products/Debug-iphonesimulator/PackageFrameworks -F/Users/borisserzhanovich/Library/Developer/Xcode/DerivedData/WorkoutTracker-gugjzwqwyjqwbtaovaznehevomif/Build/Products/Debug-iphonesimulator/PackageFrameworks -F/Users/borisserzhanovich/Library/Developer/Xcode/DerivedData/WorkoutTracker-gugjzwqwyjqwbtaovaznehevomif/Build/Products/Debug-iphonesimulator/PackageFrameworks -F/Users/borisserzhanovich/Library/Developer/Xcode/DerivedData/WorkoutTracker-gugjzwqwyjqwbtaovaznehevomif/Build/Products/Debug-iphonesimulator/PackageFrameworks -F/Users/borisserzhanovich/Library/Developer/Xcode/DerivedData/WorkoutTracker-gugjzwqwyjqwbtaovaznehevomif/Build/Products/Debug-iphonesimulator/PackageFrameworks -F/Users/borisserzhanovich/Library/Developer/Xcode/DerivedData/WorkoutTracker-gugjzwqwyjqwbtaovaznehevomif/Build/Products/Debug-iphonesimulator/PackageFrameworks -F/Users/borisserzhanovich/Library/Developer/Xcode/DerivedData/WorkoutTracker-gugjzwqwyjqwbtaovaznehevomif/Build/Products/Debug-iphonesimulator/PackageFrameworks -F/Users/borisserzhanovich/Library/Developer/Xcode/DerivedData/WorkoutTracker-gugjzwqwyjqwbtaovaznehevomif/Build/Products/Debug-iphonesimulator/PackageFrameworks -F/Users/borisserzhanovich/Library/Developer/Xcode/DerivedData/WorkoutTracker-gugjzwqwyjqwbtaovaznehevomif/Build/Products/Debug-iphonesimulator/PackageFrameworks -F/Users/borisserzhanovich/Library/Developer/Xcode/DerivedData/WorkoutTracker-gugjzwqwyjqwbtaovaznehevomif/Build/Products/Debug-iphonesimulator/PackageFrameworks -F/Users/borisserzhanovich/Library/Developer/Xcode/DerivedData/WorkoutTracker-gugjzwqwyjqwbtaovaznehevomif/Build/Products/Debug-iphonesimulator/PackageFrameworks -F/Users/borisserzhanovich/Library/Developer/Xcode/DerivedData/WorkoutTracker-gugjzwqwyjqwbtaovaznehevomif/Build/Products/Debug-iphonesimulator/PackageFrameworks -F/Users/borisserzhanovich/Library/Developer/Xcode/DerivedData/WorkoutTracker-gugjzwqwyjqwbtaovaznehevomif/Build/Products/Debug-iphonesimulator/PackageFrameworks -F/Users/borisserzhanovich/Library/Developer/Xcode/DerivedData/WorkoutTracker-gugjzwqwyjqwbtaovaznehevomif/Build/Products/Debug-iphonesimulator/PackageFrameworks -F/Users/borisserzhanovich/Library/Developer/Xcode/DerivedData/WorkoutTracker-gugjzwqwyjqwbtaovaznehevomif/Build/Products/Debug-iphonesimulator/PackageFrameworks -F/Users/borisserzhanovich/Library/Developer/Xcode/DerivedData/WorkoutTracker-gugjzwqwyjqwbtaovaznehevomif/Build/Products/Debug-iphonesimulator/PackageFrameworks -F/Users/borisserzhanovich/Library/Developer/Xcode/DerivedData/WorkoutTracker-gugjzwqwyjqwbtaovaznehevomif/Build/Products/Debug-iphonesimulator/PackageFrameworks -F/Users/borisserzhanovich/Library/Developer/Xcode/DerivedData/WorkoutTracker-gugjzwqwyjqwbtaovaznehevomif/Build/Products/Debug-iphonesimulator/PackageFrameworks -F/Users/borisserzhanovich/Library/Developer/Xcode/DerivedData/WorkoutTracker-gugjzwqwyjqwbtaovaznehevomif/Build/Products/Debug-iphonesimulator -Xlinker -rpath -Xlinker @executable_path -Xlinker -rpath -Xlinker /Users/borisserzhanovich/Library/Developer/Xcode/DerivedData/WorkoutTracker-gugjzwqwyjqwbtaovaznehevomif/Build/Products/Debug-iphonesimulator/PackageFrameworks -Xlinker -rpath -Xlinker @executable_path/Frameworks -rdynamic -Xlinker -no_deduplicate -Xlinker -objc_abi_version -Xlinker 2 -e ___debug_blank_executor_main -Xlinker -sectcreate -Xlinker __TEXT -Xlinker __debug_dylib -Xlinker /Users/borisserzhanovich/Library/Developer/Xcode/DerivedData/WorkoutTracker-gugjzwqwyjqwbtaovaznehevomif/Build/Intermediates.noindex/WorkoutTracker.build/Debug-iphonesimulator/WorkoutTracker.build/WorkoutTracker-DebugDylibPath-normal-arm64.txt -Xlinker -sectcreate -Xlinker __TEXT -Xlinker __debug_instlnm -Xlinker /Users/borisserzhanovich/Library/Developer/Xcode/DerivedData/WorkoutTracker-gugjzwqwyjqwbtaovaznehevomif/Build/Intermediates.noindex/WorkoutTracker.build/Debug-iphonesimulator/WorkoutTracker.build/WorkoutTracker-DebugDylibInstallName-normal-arm64.txt -Xlinker -filelist -Xlinker /Users/borisserzhanovich/Library/Developer/Xcode/DerivedData/WorkoutTracker-gugjzwqwyjqwbtaovaznehevomif/Build/Intermediates.noindex/WorkoutTracker.build/Debug-iphonesimulator/WorkoutTracker.build/WorkoutTracker-ExecutorLinkFileList-normal-arm64.txt -Xlinker -sectcreate -Xlinker __TEXT -Xlinker __entitlements -Xlinker /Users/borisserzhanovich/Library/Developer/Xcode/DerivedData/WorkoutTracker-gugjzwqwyjqwbtaovaznehevomif/Build/Intermediates.noindex/WorkoutTracker.build/Debug-iphonesimulator/WorkoutTracker.build/WorkoutTracker.app-Simulated.xcent -Xlinker -sectcreate -Xlinker __TEXT -Xlinker __ents_der -Xlinker /Users/borisserzhanovich/Library/Developer/Xcode/DerivedData/WorkoutTracker-gugjzwqwyjqwbtaovaznehevomif/Build/Intermediates.noindex/WorkoutTracker.build/Debug-iphonesimulator/WorkoutTracker.build/WorkoutTracker.app-Simulated.xcent.der /Users/borisserzhanovich/Library/Developer/Xcode/DerivedData/WorkoutTracker-gugjzwqwyjqwbtaovaznehevomif/Build/Products/Debug-iphonesimulator/WorkoutTracker.app/WorkoutTracker.debug.dylib -Xlinker -no_adhoc_codesign -o /Users/borisserzhanovich/Library/Developer/Xcode/DerivedData/WorkoutTracker-gugjzwqwyjqwbtaovaznehevomif/Build/Products/Debug-iphonesimulator/WorkoutTracker.app/WorkoutTracker

PhaseScriptExecution Firebase\ Crashlytics /Users/borisserzhanovich/Library/Developer/Xcode/DerivedData/WorkoutTracker-gugjzwqwyjqwbtaovaznehevomif/Build/Intermediates.noindex/WorkoutTracker.build/Debug-iphonesimulator/WorkoutTracker.build/Script-2C8C5B7DF210F68765FED759.sh (in target 'WorkoutTracker' from project 'WorkoutTracker')
    cd /Users/borisserzhanovich/projects/Workout/WorkoutTracker\ copy
    export ACTION\=build
    export AD_HOC_CODE_SIGNING_ALLOWED\=YES
    export AGGREGATE_TRACKED_DOMAINS\=YES
    export ALLOW_BUILD_REQUEST_OVERRIDES\=NO
    export ALLOW_TARGET_PLATFORM_SPECIALIZATION\=NO
    export ALTERNATE_GROUP\=staff
    export ALTERNATE_MODE\=u+w,go-w,a+rX
    export ALTERNATE_OWNER\=borisserzhanovich
    export ALTERNATIVE_DISTRIBUTION_WEB\=NO
    export ALWAYS_EMBED_SWIFT_STANDARD_LIBRARIES\=NO
    export ALWAYS_SEARCH_USER_PATHS\=NO
    export ALWAYS_USE_SEPARATE_HEADERMAPS\=NO
    export APPLICATION_EXTENSION_API_ONLY\=NO
    export APPLY_RULES_IN_COPY_FILES\=NO
    export APPLY_RULES_IN_COPY_HEADERS\=NO
    export APP_SHORTCUTS_ENABLE_FLEXIBLE_MATCHING\=YES
    export ARCHS\=arm64
    export ARCHS_STANDARD\=arm64\ x86_64
    export ARCHS_STANDARD_32_64_BIT\=arm64\ x86_64
    export ARCHS_STANDARD_64_BIT\=arm64\ x86_64
    export ARCHS_STANDARD_INCLUDING_64_BIT\=arm64\ x86_64
    export ARCHS_UNIVERSAL_IPHONE_OS\=arm64\ x86_64
    export ASSETCATALOG_COMPILER_APPICON_NAME\=AppIcon
    export ASSETCATALOG_COMPILER_GENERATE_SWIFT_ASSET_SYMBOL_EXTENSIONS\=YES
    export ASSETCATALOG_COMPILER_GLOBAL_ACCENT_COLOR_NAME\=AccentColor
    export ASSETCATALOG_FILTER_FOR_DEVICE_MODEL\=iPhone18,1
    export ASSETCATALOG_FILTER_FOR_DEVICE_OS_VERSION\=26.3.1
    export ASSETCATALOG_FILTER_FOR_THINNING_DEVICE_CONFIGURATION\=iPhone18,1
    export AUTOMATICALLY_MERGE_DEPENDENCIES\=NO
    export AUTOMATION_APPLE_EVENTS\=NO
    export AVAILABLE_PLATFORMS\=android\ appletvos\ appletvsimulator\ driverkit\ iphoneos\ iphonesimulator\ macosx\ qnx\ watchos\ watchsimulator\ webassembly\ xros\ xrsimulator
    export AppIdentifierPrefix\=LSCCP92LMG.
    export BUILD_ACTIVE_RESOURCES_ONLY\=YES
    export BUILD_COMPONENTS\=headers\ build
    export BUILD_DIR\=/Users/borisserzhanovich/Library/Developer/Xcode/DerivedData/WorkoutTracker-gugjzwqwyjqwbtaovaznehevomif/Build/Products
    export BUILD_LIBRARY_FOR_DISTRIBUTION\=NO
    export BUILD_ROOT\=/Users/borisserzhanovich/Library/Developer/Xcode/DerivedData/WorkoutTracker-gugjzwqwyjqwbtaovaznehevomif/Build/Products
    export BUILD_STYLE\=
    export BUILD_VARIANTS\=normal
    export BUILT_PRODUCTS_DIR\=/Users/borisserzhanovich/Library/Developer/Xcode/DerivedData/WorkoutTracker-gugjzwqwyjqwbtaovaznehevomif/Build/Products/Debug-iphonesimulator
    export BUNDLE_CONTENTS_FOLDER_PATH_deep\=Contents/
    export BUNDLE_EXECUTABLE_FOLDER_NAME_deep\=MacOS
    export BUNDLE_EXTENSIONS_FOLDER_PATH\=Extensions
    export BUNDLE_FORMAT\=shallow
    export BUNDLE_FRAMEWORKS_FOLDER_PATH\=Frameworks
    export BUNDLE_PLUGINS_FOLDER_PATH\=PlugIns
    export BUNDLE_PRIVATE_HEADERS_FOLDER_PATH\=PrivateHeaders
    export BUNDLE_PUBLIC_HEADERS_FOLDER_PATH\=Headers
    export CACHE_ROOT\=/var/folders/50/r0nr5kbs02lc1k5z6zz7v83r0000gn/C/com.apple.DeveloperTools/26.3-17C529/Xcode
    export CCHROOT\=/var/folders/50/r0nr5kbs02lc1k5z6zz7v83r0000gn/C/com.apple.DeveloperTools/26.3-17C529/Xcode
    export CHMOD\=/bin/chmod
    export CHOWN\=/usr/sbin/chown
    export CLANG_ANALYZER_LOCALIZABILITY_NONLOCALIZED\=YES
    export CLANG_ANALYZER_NONNULL\=YES
    export CLANG_ANALYZER_NUMBER_OBJECT_CONVERSION\=YES_AGGRESSIVE
    export CLANG_CACHE_FINE_GRAINED_OUTPUTS\=YES
    export CLANG_CXX_LANGUAGE_STANDARD\=gnu++20
    export CLANG_ENABLE_EXPLICIT_MODULES\=YES
    export CLANG_ENABLE_MODULES\=YES
    export CLANG_ENABLE_OBJC_ARC\=YES
    export CLANG_ENABLE_OBJC_WEAK\=YES
    export CLANG_MODULES_BUILD_SESSION_FILE\=/Users/borisserzhanovich/Library/Developer/Xcode/DerivedData/ModuleCache.noindex/Session.modulevalidation
    export CLANG_WARN_BLOCK_CAPTURE_AUTORELEASING\=YES
    export CLANG_WARN_BOOL_CONVERSION\=YES
    export CLANG_WARN_COMMA\=YES
    export CLANG_WARN_CONSTANT_CONVERSION\=YES
    export CLANG_WARN_DEPRECATED_OBJC_IMPLEMENTATIONS\=YES
    export CLANG_WARN_DIRECT_OBJC_ISA_USAGE\=YES_ERROR
    export CLANG_WARN_DOCUMENTATION_COMMENTS\=YES
    export CLANG_WARN_EMPTY_BODY\=YES
    export CLANG_WARN_ENUM_CONVERSION\=YES
    export CLANG_WARN_INFINITE_RECURSION\=YES
    export CLANG_WARN_INT_CONVERSION\=YES
    export CLANG_WARN_NON_LITERAL_NULL_CONVERSION\=YES
    export CLANG_WARN_OBJC_IMPLICIT_RETAIN_SELF\=YES
    export CLANG_WARN_OBJC_LITERAL_CONVERSION\=YES
    export CLANG_WARN_OBJC_ROOT_CLASS\=YES_ERROR
    export CLANG_WARN_QUOTED_INCLUDE_IN_FRAMEWORK_HEADER\=YES
    export CLANG_WARN_RANGE_LOOP_ANALYSIS\=YES
    export CLANG_WARN_STRICT_PROTOTYPES\=YES
    export CLANG_WARN_SUSPICIOUS_MOVE\=YES
    export CLANG_WARN_UNGUARDED_AVAILABILITY\=YES_AGGRESSIVE
    export CLANG_WARN_UNREACHABLE_CODE\=YES
    export CLANG_WARN__DUPLICATE_METHOD_MATCH\=YES
    export CLASS_FILE_DIR\=/Users/borisserzhanovich/Library/Developer/Xcode/DerivedData/WorkoutTracker-gugjzwqwyjqwbtaovaznehevomif/Build/Intermediates.noindex/WorkoutTracker.build/Debug-iphonesimulator/WorkoutTracker.build/JavaClasses
    export CLEAN_PRECOMPS\=YES
    export CLONE_HEADERS\=NO
    export CODESIGNING_FOLDER_PATH\=/Users/borisserzhanovich/Library/Developer/Xcode/DerivedData/WorkoutTracker-gugjzwqwyjqwbtaovaznehevomif/Build/Products/Debug-iphonesimulator/WorkoutTracker.app
    export CODE_SIGNING_ALLOWED\=YES
    export CODE_SIGNING_REQUIRED\=YES
    export CODE_SIGN_CONTEXT_CLASS\=XCiPhoneSimulatorCodeSignContext
    export CODE_SIGN_ENTITLEMENTS\=WorkoutTracker/WorkoutTracker.entitlements
    export CODE_SIGN_IDENTITY\=-
    export CODE_SIGN_INJECT_BASE_ENTITLEMENTS\=YES
    export CODE_SIGN_STYLE\=Automatic
    export COLOR_DIAGNOSTICS\=NO
    export COMBINE_HIDPI_IMAGES\=NO
    export COMPILATION_CACHE_CAS_PATH\=/Users/borisserzhanovich/Library/Developer/Xcode/DerivedData/CompilationCache.noindex
    export COMPILATION_CACHE_KEEP_CAS_DIRECTORY\=YES
    export COMPILER_INDEX_STORE_ENABLE\=Default
    export COMPOSITE_SDK_DIRS\=/Users/borisserzhanovich/Library/Developer/Xcode/DerivedData/WorkoutTracker-gugjzwqwyjqwbtaovaznehevomif/Build/Intermediates.noindex/CompositeSDKs
    export COMPRESS_PNG_FILES\=YES
    export CONFIGURATION\=Debug
    export CONFIGURATION_BUILD_DIR\=/Users/borisserzhanovich/Library/Developer/Xcode/DerivedData/WorkoutTracker-gugjzwqwyjqwbtaovaznehevomif/Build/Products/Debug-iphonesimulator
    export CONFIGURATION_TEMP_DIR\=/Users/borisserzhanovich/Library/Developer/Xcode/DerivedData/WorkoutTracker-gugjzwqwyjqwbtaovaznehevomif/Build/Intermediates.noindex/WorkoutTracker.build/Debug-iphonesimulator
    export CONTENTS_FOLDER_PATH\=WorkoutTracker.app
    export CONTENTS_FOLDER_PATH_SHALLOW_BUNDLE_NO\=WorkoutTracker.app/Contents
    export CONTENTS_FOLDER_PATH_SHALLOW_BUNDLE_YES\=WorkoutTracker.app
    export COPYING_PRESERVES_HFS_DATA\=NO
    export COPY_HEADERS_RUN_UNIFDEF\=NO
    export COPY_PHASE_STRIP\=NO
    export CORRESPONDING_DEVICE_PLATFORM_DIR\=/Applications/Xcode.app/Contents/Developer/Platforms/iPhoneOS.platform
    export CORRESPONDING_DEVICE_PLATFORM_NAME\=iphoneos
    export CORRESPONDING_DEVICE_SDK_DIR\=/Applications/Xcode.app/Contents/Developer/Platforms/iPhoneOS.platform/Developer/SDKs/iPhoneOS26.2.sdk
    export CORRESPONDING_DEVICE_SDK_NAME\=iphoneos26.2
    export CP\=/bin/cp
    export CREATE_INFOPLIST_SECTION_IN_BINARY\=NO
    export CURRENT_ARCH\=undefined_arch
    export CURRENT_PROJECT_VERSION\=5
    export CURRENT_VARIANT\=normal
    export DEAD_CODE_STRIPPING\=YES
    export DEBUGGING_SYMBOLS\=YES
    export DEBUG_INFORMATION_FORMAT\=dwarf
    export DEBUG_INFORMATION_VERSION\=compiler-default
    export DEFAULT_COMPILER\=com.apple.compilers.llvm.clang.1_0
    export DEFAULT_DEXT_INSTALL_PATH\=/System/Library/DriverExtensions
    export DEFAULT_KEXT_INSTALL_PATH\=/System/Library/Extensions
    export DEFINES_MODULE\=NO
    export DEPLOYMENT_LOCATION\=NO
    export DEPLOYMENT_POSTPROCESSING\=NO
    export DEPLOYMENT_TARGET_SETTING_NAME\=IPHONEOS_DEPLOYMENT_TARGET
    export DEPLOYMENT_TARGET_SUGGESTED_VALUES\=12.0\ 12.1\ 12.2\ 12.3\ 12.4\ 13.0\ 13.1\ 13.2\ 13.3\ 13.4\ 13.5\ 13.6\ 14.0\ 14.1\ 14.2\ 14.3\ 14.4\ 14.5\ 14.6\ 14.7\ 15.0\ 15.1\ 15.2\ 15.3\ 15.4\ 15.5\ 15.6\ 16.0\ 16.1\ 16.2\ 16.3\ 16.4\ 16.5\ 16.6\ 17.0\ 17.1\ 17.2\ 17.3\ 17.4\ 17.5\ 17.6\ 18.0\ 18.1\ 18.2\ 18.3\ 18.4\ 18.5\ 18.6\ 26.0\ 26.1\ 26.2
    export DERIVED_FILES_DIR\=/Users/borisserzhanovich/Library/Developer/Xcode/DerivedData/WorkoutTracker-gugjzwqwyjqwbtaovaznehevomif/Build/Intermediates.noindex/WorkoutTracker.build/Debug-iphonesimulator/WorkoutTracker.build/DerivedSources
    export DERIVED_FILE_DIR\=/Users/borisserzhanovich/Library/Developer/Xcode/DerivedData/WorkoutTracker-gugjzwqwyjqwbtaovaznehevomif/Build/Intermediates.noindex/WorkoutTracker.build/Debug-iphonesimulator/WorkoutTracker.build/DerivedSources
    export DERIVED_SOURCES_DIR\=/Users/borisserzhanovich/Library/Developer/Xcode/DerivedData/WorkoutTracker-gugjzwqwyjqwbtaovaznehevomif/Build/Intermediates.noindex/WorkoutTracker.build/Debug-iphonesimulator/WorkoutTracker.build/DerivedSources
    export DEVELOPER_APPLICATIONS_DIR\=/Applications/Xcode.app/Contents/Developer/Applications
    export DEVELOPER_BIN_DIR\=/Applications/Xcode.app/Contents/Developer/usr/bin
    export DEVELOPER_DIR\=/Applications/Xcode.app/Contents/Developer
    export DEVELOPER_FRAMEWORKS_DIR\=/Applications/Xcode.app/Contents/Developer/Library/Frameworks
    export DEVELOPER_FRAMEWORKS_DIR_QUOTED\=/Applications/Xcode.app/Contents/Developer/Library/Frameworks
    export DEVELOPER_LIBRARY_DIR\=/Applications/Xcode.app/Contents/Developer/Library
    export DEVELOPER_SDK_DIR\=/Applications/Xcode.app/Contents/Developer/Platforms/MacOSX.platform/Developer/SDKs
    export DEVELOPER_TOOLS_DIR\=/Applications/Xcode.app/Contents/Developer/Tools
    export DEVELOPER_USR_DIR\=/Applications/Xcode.app/Contents/Developer/usr
    export DEVELOPMENT_LANGUAGE\=en
    export DEVELOPMENT_TEAM\=LSCCP92LMG
    export DIAGNOSE_MISSING_TARGET_DEPENDENCIES\=YES
    export DIFF\=/usr/bin/diff
    export DOCUMENTATION_FOLDER_PATH\=WorkoutTracker.app/en.lproj/Documentation
    export DONT_GENERATE_INFOPLIST_FILE\=NO
    export DSTROOT\=/tmp/WorkoutTracker.dst
    export DT_TOOLCHAIN_DIR\=/Applications/Xcode.app/Contents/Developer/Toolchains/XcodeDefault.xctoolchain
    export DWARF_DSYM_FILE_NAME\=WorkoutTracker.app.dSYM
    export DWARF_DSYM_FILE_SHOULD_ACCOMPANY_PRODUCT\=NO
    export DWARF_DSYM_FOLDER_PATH\=/Users/borisserzhanovich/Library/Developer/Xcode/DerivedData/WorkoutTracker-gugjzwqwyjqwbtaovaznehevomif/Build/Products/Debug-iphonesimulator
    export DYNAMIC_LIBRARY_EXTENSION\=dylib
    export EAGER_COMPILATION_ALLOW_SCRIPTS\=NO
    export EAGER_LINKING\=NO
    export EFFECTIVE_PLATFORM_NAME\=-iphonesimulator
    export EMBEDDED_CONTENT_CONTAINS_SWIFT\=NO
    export EMBED_ASSET_PACKS_IN_PRODUCT_BUNDLE\=NO
    export EMBED_PACKAGE_RESOURCE_BUNDLE_NAMES\=\ Firebase_FirebaseCoreInternal\ Firebase_FirebaseCore\ Firebase_FirebaseInstallations\ Firebase_FirebaseABTesting\ Firebase_FirebaseCoreExtension\ GoogleUtilities_GoogleUtilities-MethodSwizzler\ GoogleUtilities_GoogleUtilities-Environment\ GoogleUtilities_GoogleUtilities-Logger\ GoogleDataTransport_GoogleDataTransport\ Promises_Promises\ Promises_FBLPromises\ nanopb_nanopb\ GoogleUtilities_GoogleUtilities-UserDefaults\ GoogleUtilities_GoogleUtilities-NSData\ Firebase_FirebaseCrashlytics\ Firebase_FirebaseCrashlyticsSwift\ GoogleUtilities_GoogleUtilities-Network\ GoogleUtilities_GoogleUtilities-Reachability\ GoogleUtilities_GoogleUtilities-AppDelegateSwizzler\ GoogleSignIn_GoogleSignIn\ GTMSessionFetcher_GTMSessionFetcherCore\ GTMAppAuth_GTMAppAuth\ AppAuth_AppAuthCore\ AppAuth_AppAuth\ Firebase_FirebaseRemoteConfig\ Firebase_FirebaseAuth\ Firebase_FirebaseFirestore\ leveldb_leveldb\ gRPC_grpcppWrapper\ gRPC_grpcWrapper\ gRPC_opensslWrapper\ abseil_abslWrapper
    export ENABLE_APP_SANDBOX\=NO
    export ENABLE_CODE_COVERAGE\=YES
    export ENABLE_CPLUSPLUS_BOUNDS_SAFE_BUFFERS\=NO
    export ENABLE_C_BOUNDS_SAFETY\=NO
    export ENABLE_DEBUG_DYLIB\=YES
    export ENABLE_DEFAULT_HEADER_SEARCH_PATHS\=YES
    export ENABLE_DEFAULT_SEARCH_PATHS\=YES
    export ENABLE_ENHANCED_SECURITY\=NO
    export ENABLE_HARDENED_RUNTIME\=NO
    export ENABLE_HEADER_DEPENDENCIES\=YES
    export ENABLE_INCOMING_NETWORK_CONNECTIONS\=NO
    export ENABLE_ON_DEMAND_RESOURCES\=YES
    export ENABLE_OUTGOING_NETWORK_CONNECTIONS\=NO
    export ENABLE_POINTER_AUTHENTICATION\=NO
    export ENABLE_PREVIEWS\=NO
    export ENABLE_RESOURCE_ACCESS_AUDIO_INPUT\=NO
    export ENABLE_RESOURCE_ACCESS_BLUETOOTH\=NO
    export ENABLE_RESOURCE_ACCESS_CALENDARS\=NO
    export ENABLE_RESOURCE_ACCESS_CAMERA\=NO
    export ENABLE_RESOURCE_ACCESS_CONTACTS\=NO
    export ENABLE_RESOURCE_ACCESS_LOCATION\=NO
    export ENABLE_RESOURCE_ACCESS_PHOTO_LIBRARY\=NO
    export ENABLE_RESOURCE_ACCESS_PRINTING\=NO
    export ENABLE_RESOURCE_ACCESS_USB\=NO
    export ENABLE_SDK_IMPORTS\=NO
    export ENABLE_SECURITY_COMPILER_WARNINGS\=NO
    export ENABLE_STRICT_OBJC_MSGSEND\=YES
    export ENABLE_TESTABILITY\=YES
    export ENABLE_TESTING_SEARCH_PATHS\=NO
    export ENABLE_USER_SCRIPT_SANDBOXING\=NO
    export ENABLE_XOJIT_PREVIEWS\=YES
    export ENFORCE_VALID_ARCHS\=YES
    export ENTITLEMENTS_ALLOWED\=NO
    export ENTITLEMENTS_DESTINATION\=__entitlements
    export ENTITLEMENTS_REQUIRED\=NO
    export EXCLUDED_INSTALLSRC_SUBDIRECTORY_PATTERNS\=.DS_Store\ .svn\ .git\ .hg\ CVS
    export EXCLUDED_RECURSIVE_SEARCH_PATH_SUBDIRECTORIES\=\*.nib\ \*.lproj\ \*.framework\ \*.gch\ \*.xcode\*\ \*.xcassets\ \*.icon\ \(\*\)\ .DS_Store\ CVS\ .svn\ .git\ .hg\ \*.pbproj\ \*.pbxproj
    export EXECUTABLES_FOLDER_PATH\=WorkoutTracker.app/Executables
    export EXECUTABLE_BLANK_INJECTION_DYLIB_PATH\=WorkoutTracker.app/__preview.dylib
    export EXECUTABLE_DEBUG_DYLIB_INSTALL_NAME\=@rpath/WorkoutTracker.debug.dylib
    export EXECUTABLE_DEBUG_DYLIB_PATH\=WorkoutTracker.app/WorkoutTracker.debug.dylib
    export EXECUTABLE_FOLDER_PATH\=WorkoutTracker.app
    export EXECUTABLE_FOLDER_PATH_SHALLOW_BUNDLE_NO\=WorkoutTracker.app/MacOS
    export EXECUTABLE_FOLDER_PATH_SHALLOW_BUNDLE_YES\=WorkoutTracker.app
    export EXECUTABLE_NAME\=WorkoutTracker
    export EXECUTABLE_PATH\=WorkoutTracker.app/WorkoutTracker
    export EXPANDED_CODE_SIGN_IDENTITY\=-
    export EXPANDED_CODE_SIGN_IDENTITY_NAME\=Sign\ to\ Run\ Locally
    export EXTENSIONS_FOLDER_PATH\=WorkoutTracker.app/Extensions
    export FILE_LIST\=/Users/borisserzhanovich/Library/Developer/Xcode/DerivedData/WorkoutTracker-gugjzwqwyjqwbtaovaznehevomif/Build/Intermediates.noindex/WorkoutTracker.build/Debug-iphonesimulator/WorkoutTracker.build/Objects/LinkFileList
    export FIXED_FILES_DIR\=/Users/borisserzhanovich/Library/Developer/Xcode/DerivedData/WorkoutTracker-gugjzwqwyjqwbtaovaznehevomif/Build/Intermediates.noindex/WorkoutTracker.build/Debug-iphonesimulator/WorkoutTracker.build/FixedFiles
    export FRAMEWORKS_FOLDER_PATH\=WorkoutTracker.app/Frameworks
    export FRAMEWORK_FLAG_PREFIX\=-framework
    export FRAMEWORK_SEARCH_PATHS\=/Users/borisserzhanovich/Library/Developer/Xcode/DerivedData/WorkoutTracker-gugjzwqwyjqwbtaovaznehevomif/Build/Products/Debug-iphonesimulator/PackageFrameworks\ /Users/borisserzhanovich/Library/Developer/Xcode/DerivedData/WorkoutTracker-gugjzwqwyjqwbtaovaznehevomif/Build/Products/Debug-iphonesimulator/PackageFrameworks\ /Users/borisserzhanovich/Library/Developer/Xcode/DerivedData/WorkoutTracker-gugjzwqwyjqwbtaovaznehevomif/Build/Products/Debug-iphonesimulator/PackageFrameworks\ /Users/borisserzhanovich/Library/Developer/Xcode/DerivedData/WorkoutTracker-gugjzwqwyjqwbtaovaznehevomif/Build/Products/Debug-iphonesimulator/PackageFrameworks\ /Users/borisserzhanovich/Library/Developer/Xcode/DerivedData/WorkoutTracker-gugjzwqwyjqwbtaovaznehevomif/Build/Products/Debug-iphonesimulator/PackageFrameworks\ /Users/borisserzhanovich/Library/Developer/Xcode/DerivedData/WorkoutTracker-gugjzwqwyjqwbtaovaznehevomif/Build/Products/Debug-iphonesimulator/PackageFrameworks\ /Users/borisserzhanovich/Library/Developer/Xcode/DerivedData/WorkoutTracker-gugjzwqwyjqwbtaovaznehevomif/Build/Products/Debug-iphonesimulator/PackageFrameworks\ /Users/borisserzhanovich/Library/Developer/Xcode/DerivedData/WorkoutTracker-gugjzwqwyjqwbtaovaznehevomif/Build/Products/Debug-iphonesimulator/PackageFrameworks\ /Users/borisserzhanovich/Library/Developer/Xcode/DerivedData/WorkoutTracker-gugjzwqwyjqwbtaovaznehevomif/Build/Products/Debug-iphonesimulator/PackageFrameworks\ /Users/borisserzhanovich/Library/Developer/Xcode/DerivedData/WorkoutTracker-gugjzwqwyjqwbtaovaznehevomif/Build/Products/Debug-iphonesimulator/PackageFrameworks\ /Users/borisserzhanovich/Library/Developer/Xcode/DerivedData/WorkoutTracker-gugjzwqwyjqwbtaovaznehevomif/Build/Products/Debug-iphonesimulator/PackageFrameworks\ /Users/borisserzhanovich/Library/Developer/Xcode/DerivedData/WorkoutTracker-gugjzwqwyjqwbtaovaznehevomif/Build/Products/Debug-iphonesimulator/PackageFrameworks\ /Users/borisserzhanovich/Library/Developer/Xcode/DerivedData/WorkoutTracker-gugjzwqwyjqwbtaovaznehevomif/Build/Products/Debug-iphonesimulator/PackageFrameworks\ /Users/borisserzhanovich/Library/Developer/Xcode/DerivedData/WorkoutTracker-gugjzwqwyjqwbtaovaznehevomif/Build/Products/Debug-iphonesimulator/PackageFrameworks\ /Users/borisserzhanovich/Library/Developer/Xcode/DerivedData/WorkoutTracker-gugjzwqwyjqwbtaovaznehevomif/Build/Products/Debug-iphonesimulator/PackageFrameworks\ /Users/borisserzhanovich/Library/Developer/Xcode/DerivedData/WorkoutTracker-gugjzwqwyjqwbtaovaznehevomif/Build/Products/Debug-iphonesimulator/PackageFrameworks\ /Users/borisserzhanovich/Library/Developer/Xcode/DerivedData/WorkoutTracker-gugjzwqwyjqwbtaovaznehevomif/Build/Products/Debug-iphonesimulator/PackageFrameworks\ /Users/borisserzhanovich/Library/Developer/Xcode/DerivedData/WorkoutTracker-gugjzwqwyjqwbtaovaznehevomif/Build/Products/Debug-iphonesimulator/PackageFrameworks\ /Users/borisserzhanovich/Library/Developer/Xcode/DerivedData/WorkoutTracker-gugjzwqwyjqwbtaovaznehevomif/Build/Products/Debug-iphonesimulator/PackageFrameworks\ /Users/borisserzhanovich/Library/Developer/Xcode/DerivedData/WorkoutTracker-gugjzwqwyjqwbtaovaznehevomif/Build/Products/Debug-iphonesimulator/PackageFrameworks\ /Users/borisserzhanovich/Library/Developer/Xcode/DerivedData/WorkoutTracker-gugjzwqwyjqwbtaovaznehevomif/Build/Products/Debug-iphonesimulator/PackageFrameworks\ /Users/borisserzhanovich/Library/Developer/Xcode/DerivedData/WorkoutTracker-gugjzwqwyjqwbtaovaznehevomif/Build/Products/Debug-iphonesimulator/PackageFrameworks\ /Users/borisserzhanovich/Library/Developer/Xcode/DerivedData/WorkoutTracker-gugjzwqwyjqwbtaovaznehevomif/Build/Products/Debug-iphonesimulator/PackageFrameworks\ /Users/borisserzhanovich/Library/Developer/Xcode/DerivedData/WorkoutTracker-gugjzwqwyjqwbtaovaznehevomif/Build/Products/Debug-iphonesimulator/PackageFrameworks\ /Users/borisserzhanovich/Library/Developer/Xcode/DerivedData/WorkoutTracker-gugjzwqwyjqwbtaovaznehevomif/Build/Products/Debug-iphonesimulator/PackageFrameworks\ /Users/borisserzhanovich/Library/Developer/Xcode/DerivedData/WorkoutTracker-gugjzwqwyjqwbtaovaznehevomif/Build/Products/Debug-iphonesimulator/PackageFrameworks\ /Users/borisserzhanovich/Library/Developer/Xcode/DerivedData/WorkoutTracker-gugjzwqwyjqwbtaovaznehevomif/Build/Products/Debug-iphonesimulator/PackageFrameworks\ /Users/borisserzhanovich/Library/Developer/Xcode/DerivedData/WorkoutTracker-gugjzwqwyjqwbtaovaznehevomif/Build/Products/Debug-iphonesimulator/PackageFrameworks\ /Users/borisserzhanovich/Library/Developer/Xcode/DerivedData/WorkoutTracker-gugjzwqwyjqwbtaovaznehevomif/Build/Products/Debug-iphonesimulator/PackageFrameworks\ /Users/borisserzhanovich/Library/Developer/Xcode/DerivedData/WorkoutTracker-gugjzwqwyjqwbtaovaznehevomif/Build/Products/Debug-iphonesimulator/PackageFrameworks\ /Users/borisserzhanovich/Library/Developer/Xcode/DerivedData/WorkoutTracker-gugjzwqwyjqwbtaovaznehevomif/Build/Products/Debug-iphonesimulator/PackageFrameworks\ /Users/borisserzhanovich/Library/Developer/Xcode/DerivedData/WorkoutTracker-gugjzwqwyjqwbtaovaznehevomif/Build/Products/Debug-iphonesimulator/PackageFrameworks\ /Users/borisserzhanovich/Library/Developer/Xcode/DerivedData/WorkoutTracker-gugjzwqwyjqwbtaovaznehevomif/Build/Products/Debug-iphonesimulator/PackageFrameworks\ /Users/borisserzhanovich/Library/Developer/Xcode/DerivedData/WorkoutTracker-gugjzwqwyjqwbtaovaznehevomif/Build/Products/Debug-iphonesimulator/PackageFrameworks\ /Users/borisserzhanovich/Library/Developer/Xcode/DerivedData/WorkoutTracker-gugjzwqwyjqwbtaovaznehevomif/Build/Products/Debug-iphonesimulator/PackageFrameworks\ /Users/borisserzhanovich/Library/Developer/Xcode/DerivedData/WorkoutTracker-gugjzwqwyjqwbtaovaznehevomif/Build/Products/Debug-iphonesimulator/PackageFrameworks\ /Users/borisserzhanovich/Library/Developer/Xcode/DerivedData/WorkoutTracker-gugjzwqwyjqwbtaovaznehevomif/Build/Products/Debug-iphonesimulator/PackageFrameworks\ /Users/borisserzhanovich/Library/Developer/Xcode/DerivedData/WorkoutTracker-gugjzwqwyjqwbtaovaznehevomif/Build/Products/Debug-iphonesimulator/PackageFrameworks\ /Users/borisserzhanovich/Library/Developer/Xcode/DerivedData/WorkoutTracker-gugjzwqwyjqwbtaovaznehevomif/Build/Products/Debug-iphonesimulator/PackageFrameworks\ /Users/borisserzhanovich/Library/Developer/Xcode/DerivedData/WorkoutTracker-gugjzwqwyjqwbtaovaznehevomif/Build/Products/Debug-iphonesimulator/PackageFrameworks\ /Users/borisserzhanovich/Library/Developer/Xcode/DerivedData/WorkoutTracker-gugjzwqwyjqwbtaovaznehevomif/Build/Products/Debug-iphonesimulator/PackageFrameworks\ /Users/borisserzhanovich/Library/Developer/Xcode/DerivedData/WorkoutTracker-gugjzwqwyjqwbtaovaznehevomif/Build/Products/Debug-iphonesimulator/PackageFrameworks\ /Users/borisserzhanovich/Library/Developer/Xcode/DerivedData/WorkoutTracker-gugjzwqwyjqwbtaovaznehevomif/Build/Products/Debug-iphonesimulator/PackageFrameworks\ /Users/borisserzhanovich/Library/Developer/Xcode/DerivedData/WorkoutTracker-gugjzwqwyjqwbtaovaznehevomif/Build/Products/Debug-iphonesimulator/PackageFrameworks\ /Users/borisserzhanovich/Library/Developer/Xcode/DerivedData/WorkoutTracker-gugjzwqwyjqwbtaovaznehevomif/Build/Products/Debug-iphonesimulator/PackageFrameworks\ /Users/borisserzhanovich/Library/Developer/Xcode/DerivedData/WorkoutTracker-gugjzwqwyjqwbtaovaznehevomif/Build/Products/Debug-iphonesimulator/PackageFrameworks\ /Users/borisserzhanovich/Library/Developer/Xcode/DerivedData/WorkoutTracker-gugjzwqwyjqwbtaovaznehevomif/Build/Products/Debug-iphonesimulator/PackageFrameworks\ /Users/borisserzhanovich/Library/Developer/Xcode/DerivedData/WorkoutTracker-gugjzwqwyjqwbtaovaznehevomif/Build/Products/Debug-iphonesimulator/PackageFrameworks\ /Users/borisserzhanovich/Library/Developer/Xcode/DerivedData/WorkoutTracker-gugjzwqwyjqwbtaovaznehevomif/Build/Products/Debug-iphonesimulator/PackageFrameworks\ /Users/borisserzhanovich/Library/Developer/Xcode/DerivedData/WorkoutTracker-gugjzwqwyjqwbtaovaznehevomif/Build/Products/Debug-iphonesimulator/PackageFrameworks\ /Users/borisserzhanovich/Library/Developer/Xcode/DerivedData/WorkoutTracker-gugjzwqwyjqwbtaovaznehevomif/Build/Products/Debug-iphonesimulator/PackageFrameworks\ /Users/borisserzhanovich/Library/Developer/Xcode/DerivedData/WorkoutTracker-gugjzwqwyjqwbtaovaznehevomif/Build/Products/Debug-iphonesimulator/PackageFrameworks\ /Users/borisserzhanovich/Library/Developer/Xcode/DerivedData/WorkoutTracker-gugjzwqwyjqwbtaovaznehevomif/Build/Products/Debug-iphonesimulator/PackageFrameworks\ /Users/borisserzhanovich/Library/Developer/Xcode/DerivedData/WorkoutTracker-gugjzwqwyjqwbtaovaznehevomif/Build/Products/Debug-iphonesimulator/PackageFrameworks\ /Users/borisserzhanovich/Library/Developer/Xcode/DerivedData/WorkoutTracker-gugjzwqwyjqwbtaovaznehevomif/Build/Products/Debug-iphonesimulator/PackageFrameworks\ /Users/borisserzhanovich/Library/Developer/Xcode/DerivedData/WorkoutTracker-gugjzwqwyjqwbtaovaznehevomif/Build/Products/Debug-iphonesimulator/PackageFrameworks\ /Users/borisserzhanovich/Library/Developer/Xcode/DerivedData/WorkoutTracker-gugjzwqwyjqwbtaovaznehevomif/Build/Products/Debug-iphonesimulator\ 
    export FRAMEWORK_VERSION\=A
    export FULL_PRODUCT_NAME\=WorkoutTracker.app
    export FUSE_BUILD_PHASES\=YES
    export FUSE_BUILD_SCRIPT_PHASES\=NO
    export GCC3_VERSION\=3.3
    export GCC_C_LANGUAGE_STANDARD\=gnu17
    export GCC_DYNAMIC_NO_PIC\=NO
    export GCC_INLINES_ARE_PRIVATE_EXTERN\=YES
    export GCC_NO_COMMON_BLOCKS\=YES
    export GCC_OBJC_LEGACY_DISPATCH\=YES
    export GCC_OPTIMIZATION_LEVEL\=0
    export GCC_PFE_FILE_C_DIALECTS\=c\ objective-c\ c++\ objective-c++
    export GCC_PREPROCESSOR_DEFINITIONS\=DEBUG\=1\ 
    export GCC_SYMBOLS_PRIVATE_EXTERN\=NO
    export GCC_TREAT_WARNINGS_AS_ERRORS\=NO
    export GCC_VERSION\=com.apple.compilers.llvm.clang.1_0
    export GCC_VERSION_IDENTIFIER\=com_apple_compilers_llvm_clang_1_0
    export GCC_WARN_64_TO_32_BIT_CONVERSION\=YES
    export GCC_WARN_ABOUT_RETURN_TYPE\=YES_ERROR
    export GCC_WARN_UNDECLARED_SELECTOR\=YES
    export GCC_WARN_UNINITIALIZED_AUTOS\=YES_AGGRESSIVE
    export GCC_WARN_UNUSED_FUNCTION\=YES
    export GCC_WARN_UNUSED_VARIABLE\=YES
    export GENERATED_MODULEMAP_DIR\=/Users/borisserzhanovich/Library/Developer/Xcode/DerivedData/WorkoutTracker-gugjzwqwyjqwbtaovaznehevomif/Build/Intermediates.noindex/GeneratedModuleMaps-iphonesimulator
    export GENERATE_INFOPLIST_FILE\=YES
    export GENERATE_INTERMEDIATE_TEXT_BASED_STUBS\=YES
    export GENERATE_PKGINFO_FILE\=YES
    export GENERATE_PRELINK_OBJECT_FILE\=NO
    export GENERATE_PROFILING_CODE\=NO
    export GENERATE_TEXT_BASED_STUBS\=NO
    export GID\=20
    export GROUP\=staff
    export HEADERMAP_INCLUDES_FLAT_ENTRIES_FOR_TARGET_BEING_BUILT\=YES
    export HEADERMAP_INCLUDES_FRAMEWORK_ENTRIES_FOR_ALL_PRODUCT_TYPES\=YES
    export HEADERMAP_INCLUDES_FRAMEWORK_ENTRIES_FOR_TARGETS_NOT_BEING_BUILT\=YES
    export HEADERMAP_INCLUDES_NONPUBLIC_NONPRIVATE_HEADERS\=YES
    export HEADERMAP_INCLUDES_PROJECT_HEADERS\=YES
    export HEADERMAP_USES_FRAMEWORK_PREFIX_ENTRIES\=YES
    export HEADERMAP_USES_VFS\=NO
    export HEADER_SEARCH_PATHS\=/Users/borisserzhanovich/Library/Developer/Xcode/DerivedData/WorkoutTracker-gugjzwqwyjqwbtaovaznehevomif/SourcePackages/checkouts/abseil-cpp-binary/absl-Wrapper/include\ /Users/borisserzhanovich/Library/Developer/Xcode/DerivedData/WorkoutTracker-gugjzwqwyjqwbtaovaznehevomif/SourcePackages/checkouts/grpc-binary/openssl-grpc-Wrapper/include\ /Users/borisserzhanovich/Library/Developer/Xcode/DerivedData/WorkoutTracker-gugjzwqwyjqwbtaovaznehevomif/SourcePackages/checkouts/grpc-binary/grpc-Wrapper/include\ /Users/borisserzhanovich/Library/Developer/Xcode/DerivedData/WorkoutTracker-gugjzwqwyjqwbtaovaznehevomif/SourcePackages/checkouts/grpc-binary/grpcpp-Wrapper/include\ /Users/borisserzhanovich/Library/Developer/Xcode/DerivedData/WorkoutTracker-gugjzwqwyjqwbtaovaznehevomif/SourcePackages/checkouts/leveldb/include\ /Users/borisserzhanovich/Library/Developer/Xcode/DerivedData/WorkoutTracker-gugjzwqwyjqwbtaovaznehevomif/SourcePackages/checkouts/firebase-ios-sdk/FirebaseFirestoreInternal/.\ /Users/borisserzhanovich/Library/Developer/Xcode/DerivedData/WorkoutTracker-gugjzwqwyjqwbtaovaznehevomif/SourcePackages/checkouts/firebase-ios-sdk/SwiftPM-PlatformExclude/FirebaseFirestoreWrap/include\ /Users/borisserzhanovich/Library/Developer/Xcode/DerivedData/WorkoutTracker-gugjzwqwyjqwbtaovaznehevomif/SourcePackages/checkouts/interop-ios-for-google-sdks/RecaptchaEnterprise/RecaptchaInterop/Public\ /Users/borisserzhanovich/Library/Developer/Xcode/DerivedData/WorkoutTracker-gugjzwqwyjqwbtaovaznehevomif/SourcePackages/checkouts/firebase-ios-sdk/FirebaseAuth/Sources/Public\ /Users/borisserzhanovich/Library/Developer/Xcode/DerivedData/WorkoutTracker-gugjzwqwyjqwbtaovaznehevomif/SourcePackages/checkouts/firebase-ios-sdk/FirebaseMessaging/Interop/.\ /Users/borisserzhanovich/Library/Developer/Xcode/DerivedData/WorkoutTracker-gugjzwqwyjqwbtaovaznehevomif/SourcePackages/checkouts/firebase-ios-sdk/FirebaseAuth/Interop/Public\ /Users/borisserzhanovich/Library/Developer/Xcode/DerivedData/WorkoutTracker-gugjzwqwyjqwbtaovaznehevomif/SourcePackages/checkouts/firebase-ios-sdk/FirebaseAppCheck/Interop/Public\ /Users/borisserzhanovich/Library/Developer/Xcode/DerivedData/WorkoutTracker-gugjzwqwyjqwbtaovaznehevomif/SourcePackages/checkouts/firebase-ios-sdk/FirebaseAppCheck/Sources/Public\ /Users/borisserzhanovich/Library/Developer/Xcode/DerivedData/WorkoutTracker-gugjzwqwyjqwbtaovaznehevomif/SourcePackages/checkouts/AppAuth-iOS/Sources/AppAuth/.\ /Users/borisserzhanovich/Library/Developer/Xcode/DerivedData/WorkoutTracker-gugjzwqwyjqwbtaovaznehevomif/SourcePackages/checkouts/AppAuth-iOS/Sources/AppAuthCore/.\ /Users/borisserzhanovich/Library/Developer/Xcode/DerivedData/WorkoutTracker-gugjzwqwyjqwbtaovaznehevomif/SourcePackages/checkouts/app-check/AppCheckCore/Sources/Public\ /Users/borisserzhanovich/Library/Developer/Xcode/DerivedData/WorkoutTracker-gugjzwqwyjqwbtaovaznehevomif/SourcePackages/checkouts/gtm-session-fetcher/Sources/Core/Public\ /Users/borisserzhanovich/Library/Developer/Xcode/DerivedData/WorkoutTracker-gugjzwqwyjqwbtaovaznehevomif/SourcePackages/checkouts/GoogleSignIn-iOS/GoogleSignIn/Sources/Public\ /Users/borisserzhanovich/Library/Developer/Xcode/DerivedData/WorkoutTracker-gugjzwqwyjqwbtaovaznehevomif/SourcePackages/checkouts/google-ads-on-device-conversion-ios-sdk/GoogleAdsOnDeviceConversionWrapper/include\ /Users/borisserzhanovich/Library/Developer/Xcode/DerivedData/WorkoutTracker-gugjzwqwyjqwbtaovaznehevomif/SourcePackages/checkouts/GoogleAppMeasurement/GoogleAppMeasurementWrapper/include\ /Users/borisserzhanovich/Library/Developer/Xcode/DerivedData/WorkoutTracker-gugjzwqwyjqwbtaovaznehevomif/SourcePackages/checkouts/GoogleUtilities/GoogleUtilities/AppDelegateSwizzler/Public\ /Users/borisserzhanovich/Library/Developer/Xcode/DerivedData/WorkoutTracker-gugjzwqwyjqwbtaovaznehevomif/SourcePackages/checkouts/GoogleUtilities/GoogleUtilities/Reachability/Public\ /Users/borisserzhanovich/Library/Developer/Xcode/DerivedData/WorkoutTracker-gugjzwqwyjqwbtaovaznehevomif/SourcePackages/checkouts/GoogleUtilities/GoogleUtilities/Network/Public\ /Users/borisserzhanovich/Library/Developer/Xcode/DerivedData/WorkoutTracker-gugjzwqwyjqwbtaovaznehevomif/SourcePackages/checkouts/firebase-ios-sdk/FirebaseAnalyticsWrapper/include\ /Users/borisserzhanovich/Library/Developer/Xcode/DerivedData/WorkoutTracker-gugjzwqwyjqwbtaovaznehevomif/SourcePackages/checkouts/firebase-ios-sdk/SwiftPM-PlatformExclude/FirebaseAnalyticsWrap/include\ /Users/borisserzhanovich/Library/Developer/Xcode/DerivedData/WorkoutTracker-gugjzwqwyjqwbtaovaznehevomif/SourcePackages/checkouts/firebase-ios-sdk/Crashlytics/Crashlytics/Public\ /Users/borisserzhanovich/Library/Developer/Xcode/DerivedData/WorkoutTracker-gugjzwqwyjqwbtaovaznehevomif/SourcePackages/checkouts/GoogleUtilities/GoogleUtilities/NSData+zlib/Public\ /Users/borisserzhanovich/Library/Developer/Xcode/DerivedData/WorkoutTracker-gugjzwqwyjqwbtaovaznehevomif/SourcePackages/checkouts/GoogleUtilities/GoogleUtilities/UserDefaults/Public\ /Users/borisserzhanovich/Library/Developer/Xcode/DerivedData/WorkoutTracker-gugjzwqwyjqwbtaovaznehevomif/SourcePackages/checkouts/nanopb/spm_headers\ /Users/borisserzhanovich/Library/Developer/Xcode/DerivedData/WorkoutTracker-gugjzwqwyjqwbtaovaznehevomif/SourcePackages/checkouts/promises/Sources/FBLPromises/include\ /Users/borisserzhanovich/Library/Developer/Xcode/DerivedData/WorkoutTracker-gugjzwqwyjqwbtaovaznehevomif/SourcePackages/checkouts/GoogleDataTransport/GoogleDataTransport/GDTCORLibrary/Public\ /Users/borisserzhanovich/Library/Developer/Xcode/DerivedData/WorkoutTracker-gugjzwqwyjqwbtaovaznehevomif/SourcePackages/checkouts/GoogleUtilities/GoogleUtilities/Logger/Public\ /Users/borisserzhanovich/Library/Developer/Xcode/DerivedData/WorkoutTracker-gugjzwqwyjqwbtaovaznehevomif/SourcePackages/checkouts/GoogleUtilities/GoogleUtilities/Environment/Public\ /Users/borisserzhanovich/Library/Developer/Xcode/DerivedData/WorkoutTracker-gugjzwqwyjqwbtaovaznehevomif/SourcePackages/checkouts/GoogleUtilities/third_party/IsAppEncrypted/Public\ /Users/borisserzhanovich/Library/Developer/Xcode/DerivedData/WorkoutTracker-gugjzwqwyjqwbtaovaznehevomif/SourcePackages/checkouts/GoogleUtilities/GoogleUtilities/MethodSwizzler/Public\ /Users/borisserzhanovich/Library/Developer/Xcode/DerivedData/WorkoutTracker-gugjzwqwyjqwbtaovaznehevomif/SourcePackages/checkouts/firebase-ios-sdk/FirebasePerformance/Sources/Public\ /Users/borisserzhanovich/Library/Developer/Xcode/DerivedData/WorkoutTracker-gugjzwqwyjqwbtaovaznehevomif/SourcePackages/checkouts/firebase-ios-sdk/FirebaseSessions/SourcesObjC\ /Users/borisserzhanovich/Library/Developer/Xcode/DerivedData/WorkoutTracker-gugjzwqwyjqwbtaovaznehevomif/SourcePackages/checkouts/firebase-ios-sdk/FirebaseCore/Extension/.\ /Users/borisserzhanovich/Library/Developer/Xcode/DerivedData/WorkoutTracker-gugjzwqwyjqwbtaovaznehevomif/SourcePackages/checkouts/firebase-ios-sdk/FirebaseRemoteConfig/Sources/Public\ /Users/borisserzhanovich/Library/Developer/Xcode/DerivedData/WorkoutTracker-gugjzwqwyjqwbtaovaznehevomif/SourcePackages/checkouts/firebase-ios-sdk/FirebaseABTesting/Sources/Public\ /Users/borisserzhanovich/Library/Developer/Xcode/DerivedData/WorkoutTracker-gugjzwqwyjqwbtaovaznehevomif/SourcePackages/checkouts/firebase-ios-sdk/FirebaseInstallations/Source/Library/Public\ /Users/borisserzhanovich/Library/Developer/Xcode/DerivedData/WorkoutTracker-gugjzwqwyjqwbtaovaznehevomif/SourcePackages/checkouts/firebase-ios-sdk/FirebaseCore/Sources/Public\ /Users/borisserzhanovich/Library/Developer/Xcode/DerivedData/WorkoutTracker-gugjzwqwyjqwbtaovaznehevomif/SourcePackages/checkouts/firebase-ios-sdk/CoreOnly/Sources/.\ /Users/borisserzhanovich/Library/Developer/Xcode/DerivedData/WorkoutTracker-gugjzwqwyjqwbtaovaznehevomif/SourcePackages/checkouts/firebase-ios-sdk/SwiftPM-PlatformExclude/FirebasePerformanceWrap/include\ /Users/borisserzhanovich/Library/Developer/Xcode/DerivedData/WorkoutTracker-gugjzwqwyjqwbtaovaznehevomif/Build/Products/Debug-iphonesimulator/include\ 
    export HOME\=/Users/borisserzhanovich
    export HOST_ARCH\=arm64
    export HOST_PLATFORM\=macosx
    export ICONV\=/usr/bin/iconv
    export IMPLICIT_DEPENDENCY_DOMAIN\=default
    export INFOPLIST_ENABLE_CFBUNDLEICONS_MERGE\=YES
    export INFOPLIST_EXPAND_BUILD_SETTINGS\=YES
    export INFOPLIST_FILE\=WorkoutTracker/Info.plist
    export INFOPLIST_KEY_CFBundleDisplayName\=Ai\ Workout
    export INFOPLIST_KEY_ITSAppUsesNonExemptEncryption\=NO
    export INFOPLIST_KEY_LSApplicationCategoryType\=public.app-category.healthcare-fitness
    export INFOPLIST_KEY_LSSupportsOpeningDocumentsInPlace\=YES
    export INFOPLIST_KEY_NSCameraUsageDescription\=WorkoutTracker\ uses\ the\ camera\ to\ capture\ before/after\ progress\ photos\ with\ the\ Smart\ Capture\ pose-alignment\ overlay,\ and\ to\ analyze\ exercise\ form\ when\ AI\ exercise\ recognition\ is\ enabled.
    export INFOPLIST_KEY_NSHealthShareUsageDescription\=WorkoutTracker\ reads\ your\ heart\ rate,\ sleep,\ and\ steps\ data\ from\ Apple\ Health\ to\ accurately\ calculate\ your\ CNS\ fatigue,\ muscle\ recovery,\ and\ daily\ activity\ rings.
    export INFOPLIST_KEY_NSHealthUpdateUsageDescription\=WorkoutTracker\ saves\ your\ completed\ workouts,\ burned\ calories,\ and\ body\ weight\ updates\ to\ Apple\ Health\ to\ keep\ your\ fitness\ records\ synced.
    export INFOPLIST_KEY_NSMicrophoneUsageDescription\=WorkoutTracker\ uses\ the\ microphone\ to\ recognize\ voice\ commands\ during\ workouts,\ so\ you\ can\ log\ sets\ and\ control\ the\ rest\ timer\ hands-free.
    export INFOPLIST_KEY_NSPhotoLibraryAddUsageDescription\=WorkoutTracker\ accesses\ your\ photo\ library\ so\ you\ can\ import\ existing\ photos\ as\ before/after\ progress\ shots.
    export INFOPLIST_KEY_NSPhotoLibraryUsageDescription\=WorkoutTracker\ needs\ access\ to\ your\ photo\ library\ so\ you\ can\ choose\ a\ profile\ picture\ and\ attach\ before/after\ photos\ to\ track\ your\ physical\ progress\ over\ time.
    export INFOPLIST_KEY_NSSpeechRecognitionUsageDescription\=WorkoutTracker\ uses\ on-device\ speech\ recognition\ to\ convert\ your\ voice\ commands\ into\ actions\ during\ workouts\ \(start/stop\ timer,\ log\ set\).
    export INFOPLIST_KEY_NSSupportsLiveActivities\=YES
    export INFOPLIST_KEY_UIApplicationSceneManifest_Generation\=YES
    export INFOPLIST_KEY_UILaunchScreen_Generation\=YES
    export INFOPLIST_KEY_UISupportedInterfaceOrientations_iPad\=UIInterfaceOrientationPortrait\ UIInterfaceOrientationPortraitUpsideDown\ UIInterfaceOrientationLandscapeLeft\ UIInterfaceOrientationLandscapeRight
    export INFOPLIST_KEY_UISupportedInterfaceOrientations_iPhone\=UIInterfaceOrientationPortrait\ UIInterfaceOrientationLandscapeLeft\ UIInterfaceOrientationLandscapeRight
    export INFOPLIST_OUTPUT_FORMAT\=binary
    export INFOPLIST_PATH\=WorkoutTracker.app/Info.plist
    export INFOPLIST_PREPROCESS\=NO
    export INFOSTRINGS_PATH\=WorkoutTracker.app/en.lproj/InfoPlist.strings
    export INLINE_PRIVATE_FRAMEWORKS\=NO
    export INSTALLAPI_IGNORE_SKIP_INSTALL\=YES
    export INSTALLHDRS_COPY_PHASE\=NO
    export INSTALLHDRS_SCRIPT_PHASE\=NO
    export INSTALL_DIR\=/tmp/WorkoutTracker.dst/Applications
    export INSTALL_GROUP\=staff
    export INSTALL_MODE_FLAG\=u+w,go-w,a+rX
    export INSTALL_OWNER\=borisserzhanovich
    export INSTALL_PATH\=/Applications
    export INSTALL_ROOT\=/tmp/WorkoutTracker.dst
    export IPHONEOS_DEPLOYMENT_TARGET\=17.6
    export IS_UNOPTIMIZED_BUILD\=YES
    export JAVAC_DEFAULT_FLAGS\=-J-Xms64m\ -J-XX:NewSize\=4M\ -J-Dfile.encoding\=UTF8
    export JAVA_APP_STUB\=/System/Library/Frameworks/JavaVM.framework/Resources/MacOS/JavaApplicationStub
    export JAVA_ARCHIVE_CLASSES\=YES
    export JAVA_ARCHIVE_TYPE\=JAR
    export JAVA_COMPILER\=/usr/bin/javac
    export JAVA_FOLDER_PATH\=WorkoutTracker.app/Java
    export JAVA_FRAMEWORK_RESOURCES_DIRS\=Resources
    export JAVA_JAR_FLAGS\=cv
    export JAVA_SOURCE_SUBDIR\=.
    export JAVA_USE_DEPENDENCIES\=YES
    export JAVA_ZIP_FLAGS\=-urg
    export JIKES_DEFAULT_FLAGS\=+E\ +OLDCSO
    export KEEP_PRIVATE_EXTERNS\=NO
    export LD_DEPENDENCY_INFO_FILE\=/Users/borisserzhanovich/Library/Developer/Xcode/DerivedData/WorkoutTracker-gugjzwqwyjqwbtaovaznehevomif/Build/Intermediates.noindex/WorkoutTracker.build/Debug-iphonesimulator/WorkoutTracker.build/Objects-normal/undefined_arch/WorkoutTracker_dependency_info.dat
    export LD_ENTITLEMENTS_SECTION\=/Users/borisserzhanovich/Library/Developer/Xcode/DerivedData/WorkoutTracker-gugjzwqwyjqwbtaovaznehevomif/Build/Intermediates.noindex/WorkoutTracker.build/Debug-iphonesimulator/WorkoutTracker.build/WorkoutTracker.app-Simulated.xcent
    export LD_ENTITLEMENTS_SECTION_DER\=/Users/borisserzhanovich/Library/Developer/Xcode/DerivedData/WorkoutTracker-gugjzwqwyjqwbtaovaznehevomif/Build/Intermediates.noindex/WorkoutTracker.build/Debug-iphonesimulator/WorkoutTracker.build/WorkoutTracker.app-Simulated.xcent.der
    export LD_EXPORT_SYMBOLS\=YES
    export LD_GENERATE_MAP_FILE\=NO
    export LD_MAP_FILE_PATH\=/Users/borisserzhanovich/Library/Developer/Xcode/DerivedData/WorkoutTracker-gugjzwqwyjqwbtaovaznehevomif/Build/Intermediates.noindex/WorkoutTracker.build/Debug-iphonesimulator/WorkoutTracker.build/WorkoutTracker-LinkMap-normal-undefined_arch.txt
    export LD_NO_PIE\=NO
    export LD_QUOTE_LINKER_ARGUMENTS_FOR_COMPILER_DRIVER\=YES
    export LD_RUNPATH_SEARCH_PATHS\=/Users/borisserzhanovich/Library/Developer/Xcode/DerivedData/WorkoutTracker-gugjzwqwyjqwbtaovaznehevomif/Build/Products/Debug-iphonesimulator/PackageFrameworks\ /Users/borisserzhanovich/Library/Developer/Xcode/DerivedData/WorkoutTracker-gugjzwqwyjqwbtaovaznehevomif/Build/Products/Debug-iphonesimulator/PackageFrameworks\ /Users/borisserzhanovich/Library/Developer/Xcode/DerivedData/WorkoutTracker-gugjzwqwyjqwbtaovaznehevomif/Build/Products/Debug-iphonesimulator/PackageFrameworks\ /Users/borisserzhanovich/Library/Developer/Xcode/DerivedData/WorkoutTracker-gugjzwqwyjqwbtaovaznehevomif/Build/Products/Debug-iphonesimulator/PackageFrameworks\ /Users/borisserzhanovich/Library/Developer/Xcode/DerivedData/WorkoutTracker-gugjzwqwyjqwbtaovaznehevomif/Build/Products/Debug-iphonesimulator/PackageFrameworks\ /Users/borisserzhanovich/Library/Developer/Xcode/DerivedData/WorkoutTracker-gugjzwqwyjqwbtaovaznehevomif/Build/Products/Debug-iphonesimulator/PackageFrameworks\ /Users/borisserzhanovich/Library/Developer/Xcode/DerivedData/WorkoutTracker-gugjzwqwyjqwbtaovaznehevomif/Build/Products/Debug-iphonesimulator/PackageFrameworks\ /Users/borisserzhanovich/Library/Developer/Xcode/DerivedData/WorkoutTracker-gugjzwqwyjqwbtaovaznehevomif/Build/Products/Debug-iphonesimulator/PackageFrameworks\ /Users/borisserzhanovich/Library/Developer/Xcode/DerivedData/WorkoutTracker-gugjzwqwyjqwbtaovaznehevomif/Build/Products/Debug-iphonesimulator/PackageFrameworks\ /Users/borisserzhanovich/Library/Developer/Xcode/DerivedData/WorkoutTracker-gugjzwqwyjqwbtaovaznehevomif/Build/Products/Debug-iphonesimulator/PackageFrameworks\ /Users/borisserzhanovich/Library/Developer/Xcode/DerivedData/WorkoutTracker-gugjzwqwyjqwbtaovaznehevomif/Build/Products/Debug-iphonesimulator/PackageFrameworks\ /Users/borisserzhanovich/Library/Developer/Xcode/DerivedData/WorkoutTracker-gugjzwqwyjqwbtaovaznehevomif/Build/Products/Debug-iphonesimulator/PackageFrameworks\ /Users/borisserzhanovich/Library/Developer/Xcode/DerivedData/WorkoutTracker-gugjzwqwyjqwbtaovaznehevomif/Build/Products/Debug-iphonesimulator/PackageFrameworks\ /Users/borisserzhanovich/Library/Developer/Xcode/DerivedData/WorkoutTracker-gugjzwqwyjqwbtaovaznehevomif/Build/Products/Debug-iphonesimulator/PackageFrameworks\ /Users/borisserzhanovich/Library/Developer/Xcode/DerivedData/WorkoutTracker-gugjzwqwyjqwbtaovaznehevomif/Build/Products/Debug-iphonesimulator/PackageFrameworks\ /Users/borisserzhanovich/Library/Developer/Xcode/DerivedData/WorkoutTracker-gugjzwqwyjqwbtaovaznehevomif/Build/Products/Debug-iphonesimulator/PackageFrameworks\ /Users/borisserzhanovich/Library/Developer/Xcode/DerivedData/WorkoutTracker-gugjzwqwyjqwbtaovaznehevomif/Build/Products/Debug-iphonesimulator/PackageFrameworks\ /Users/borisserzhanovich/Library/Developer/Xcode/DerivedData/WorkoutTracker-gugjzwqwyjqwbtaovaznehevomif/Build/Products/Debug-iphonesimulator/PackageFrameworks\ /Users/borisserzhanovich/Library/Developer/Xcode/DerivedData/WorkoutTracker-gugjzwqwyjqwbtaovaznehevomif/Build/Products/Debug-iphonesimulator/PackageFrameworks\ /Users/borisserzhanovich/Library/Developer/Xcode/DerivedData/WorkoutTracker-gugjzwqwyjqwbtaovaznehevomif/Build/Products/Debug-iphonesimulator/PackageFrameworks\ /Users/borisserzhanovich/Library/Developer/Xcode/DerivedData/WorkoutTracker-gugjzwqwyjqwbtaovaznehevomif/Build/Products/Debug-iphonesimulator/PackageFrameworks\ /Users/borisserzhanovich/Library/Developer/Xcode/DerivedData/WorkoutTracker-gugjzwqwyjqwbtaovaznehevomif/Build/Products/Debug-iphonesimulator/PackageFrameworks\ /Users/borisserzhanovich/Library/Developer/Xcode/DerivedData/WorkoutTracker-gugjzwqwyjqwbtaovaznehevomif/Build/Products/Debug-iphonesimulator/PackageFrameworks\ /Users/borisserzhanovich/Library/Developer/Xcode/DerivedData/WorkoutTracker-gugjzwqwyjqwbtaovaznehevomif/Build/Products/Debug-iphonesimulator/PackageFrameworks\ /Users/borisserzhanovich/Library/Developer/Xcode/DerivedData/WorkoutTracker-gugjzwqwyjqwbtaovaznehevomif/Build/Products/Debug-iphonesimulator/PackageFrameworks\ /Users/borisserzhanovich/Library/Developer/Xcode/DerivedData/WorkoutTracker-gugjzwqwyjqwbtaovaznehevomif/Build/Products/Debug-iphonesimulator/PackageFrameworks\ /Users/borisserzhanovich/Library/Developer/Xcode/DerivedData/WorkoutTracker-gugjzwqwyjqwbtaovaznehevomif/Build/Products/Debug-iphonesimulator/PackageFrameworks\ /Users/borisserzhanovich/Library/Developer/Xcode/DerivedData/WorkoutTracker-gugjzwqwyjqwbtaovaznehevomif/Build/Products/Debug-iphonesimulator/PackageFrameworks\ /Users/borisserzhanovich/Library/Developer/Xcode/DerivedData/WorkoutTracker-gugjzwqwyjqwbtaovaznehevomif/Build/Products/Debug-iphonesimulator/PackageFrameworks\ /Users/borisserzhanovich/Library/Developer/Xcode/DerivedData/WorkoutTracker-gugjzwqwyjqwbtaovaznehevomif/Build/Products/Debug-iphonesimulator/PackageFrameworks\ /Users/borisserzhanovich/Library/Developer/Xcode/DerivedData/WorkoutTracker-gugjzwqwyjqwbtaovaznehevomif/Build/Products/Debug-iphonesimulator/PackageFrameworks\ /Users/borisserzhanovich/Library/Developer/Xcode/DerivedData/WorkoutTracker-gugjzwqwyjqwbtaovaznehevomif/Build/Products/Debug-iphonesimulator/PackageFrameworks\ /Users/borisserzhanovich/Library/Developer/Xcode/DerivedData/WorkoutTracker-gugjzwqwyjqwbtaovaznehevomif/Build/Products/Debug-iphonesimulator/PackageFrameworks\ /Users/borisserzhanovich/Library/Developer/Xcode/DerivedData/WorkoutTracker-gugjzwqwyjqwbtaovaznehevomif/Build/Products/Debug-iphonesimulator/PackageFrameworks\ /Users/borisserzhanovich/Library/Developer/Xcode/DerivedData/WorkoutTracker-gugjzwqwyjqwbtaovaznehevomif/Build/Products/Debug-iphonesimulator/PackageFrameworks\ /Users/borisserzhanovich/Library/Developer/Xcode/DerivedData/WorkoutTracker-gugjzwqwyjqwbtaovaznehevomif/Build/Products/Debug-iphonesimulator/PackageFrameworks\ /Users/borisserzhanovich/Library/Developer/Xcode/DerivedData/WorkoutTracker-gugjzwqwyjqwbtaovaznehevomif/Build/Products/Debug-iphonesimulator/PackageFrameworks\ /Users/borisserzhanovich/Library/Developer/Xcode/DerivedData/WorkoutTracker-gugjzwqwyjqwbtaovaznehevomif/Build/Products/Debug-iphonesimulator/PackageFrameworks\ /Users/borisserzhanovich/Library/Developer/Xcode/DerivedData/WorkoutTracker-gugjzwqwyjqwbtaovaznehevomif/Build/Products/Debug-iphonesimulator/PackageFrameworks\ /Users/borisserzhanovich/Library/Developer/Xcode/DerivedData/WorkoutTracker-gugjzwqwyjqwbtaovaznehevomif/Build/Products/Debug-iphonesimulator/PackageFrameworks\ /Users/borisserzhanovich/Library/Developer/Xcode/DerivedData/WorkoutTracker-gugjzwqwyjqwbtaovaznehevomif/Build/Products/Debug-iphonesimulator/PackageFrameworks\ /Users/borisserzhanovich/Library/Developer/Xcode/DerivedData/WorkoutTracker-gugjzwqwyjqwbtaovaznehevomif/Build/Products/Debug-iphonesimulator/PackageFrameworks\ /Users/borisserzhanovich/Library/Developer/Xcode/DerivedData/WorkoutTracker-gugjzwqwyjqwbtaovaznehevomif/Build/Products/Debug-iphonesimulator/PackageFrameworks\ /Users/borisserzhanovich/Library/Developer/Xcode/DerivedData/WorkoutTracker-gugjzwqwyjqwbtaovaznehevomif/Build/Products/Debug-iphonesimulator/PackageFrameworks\ /Users/borisserzhanovich/Library/Developer/Xcode/DerivedData/WorkoutTracker-gugjzwqwyjqwbtaovaznehevomif/Build/Products/Debug-iphonesimulator/PackageFrameworks\ /Users/borisserzhanovich/Library/Developer/Xcode/DerivedData/WorkoutTracker-gugjzwqwyjqwbtaovaznehevomif/Build/Products/Debug-iphonesimulator/PackageFrameworks\ /Users/borisserzhanovich/Library/Developer/Xcode/DerivedData/WorkoutTracker-gugjzwqwyjqwbtaovaznehevomif/Build/Products/Debug-iphonesimulator/PackageFrameworks\ /Users/borisserzhanovich/Library/Developer/Xcode/DerivedData/WorkoutTracker-gugjzwqwyjqwbtaovaznehevomif/Build/Products/Debug-iphonesimulator/PackageFrameworks\ /Users/borisserzhanovich/Library/Developer/Xcode/DerivedData/WorkoutTracker-gugjzwqwyjqwbtaovaznehevomif/Build/Products/Debug-iphonesimulator/PackageFrameworks\ /Users/borisserzhanovich/Library/Developer/Xcode/DerivedData/WorkoutTracker-gugjzwqwyjqwbtaovaznehevomif/Build/Products/Debug-iphonesimulator/PackageFrameworks\ /Users/borisserzhanovich/Library/Developer/Xcode/DerivedData/WorkoutTracker-gugjzwqwyjqwbtaovaznehevomif/Build/Products/Debug-iphonesimulator/PackageFrameworks\ /Users/borisserzhanovich/Library/Developer/Xcode/DerivedData/WorkoutTracker-gugjzwqwyjqwbtaovaznehevomif/Build/Products/Debug-iphonesimulator/PackageFrameworks\ /Users/borisserzhanovich/Library/Developer/Xcode/DerivedData/WorkoutTracker-gugjzwqwyjqwbtaovaznehevomif/Build/Products/Debug-iphonesimulator/PackageFrameworks\ /Users/borisserzhanovich/Library/Developer/Xcode/DerivedData/WorkoutTracker-gugjzwqwyjqwbtaovaznehevomif/Build/Products/Debug-iphonesimulator/PackageFrameworks\ /Users/borisserzhanovich/Library/Developer/Xcode/DerivedData/WorkoutTracker-gugjzwqwyjqwbtaovaznehevomif/Build/Products/Debug-iphonesimulator/PackageFrameworks\ /Users/borisserzhanovich/Library/Developer/Xcode/DerivedData/WorkoutTracker-gugjzwqwyjqwbtaovaznehevomif/Build/Products/Debug-iphonesimulator/PackageFrameworks\ \ @executable_path/Frameworks
    export LD_RUNPATH_SEARCH_PATHS_YES\=@loader_path/../Frameworks
    export LD_SHARED_CACHE_ELIGIBLE\=Automatic
    export LD_WARN_DUPLICATE_LIBRARIES\=NO
    export LD_WARN_UNUSED_DYLIBS\=NO
    export LEGACY_DEVELOPER_DIR\=/Applications/Xcode.app/Contents/PlugIns/Xcode3Core.ideplugin/Contents/SharedSupport/Developer
    export LEX\=lex
    export LIBRARY_DEXT_INSTALL_PATH\=/Library/DriverExtensions
    export LIBRARY_FLAG_NOSPACE\=YES
    export LIBRARY_FLAG_PREFIX\=-l
    export LIBRARY_KEXT_INSTALL_PATH\=/Library/Extensions
    export LIBRARY_SEARCH_PATHS\=/Users/borisserzhanovich/Library/Developer/Xcode/DerivedData/WorkoutTracker-gugjzwqwyjqwbtaovaznehevomif/Build/Products/Debug-iphonesimulator\ 
    export LINKER_DISPLAYS_MANGLED_NAMES\=NO
    export LINK_FILE_LIST_normal_arm64\=/Users/borisserzhanovich/Library/Developer/Xcode/DerivedData/WorkoutTracker-gugjzwqwyjqwbtaovaznehevomif/Build/Intermediates.noindex/WorkoutTracker.build/Debug-iphonesimulator/WorkoutTracker.build/Objects-normal/arm64/WorkoutTracker.LinkFileList
    export LINK_OBJC_RUNTIME\=YES
    export LINK_WITH_STANDARD_LIBRARIES\=YES
    export LLVM_TARGET_TRIPLE_OS_VERSION\=ios17.6
    export LLVM_TARGET_TRIPLE_SUFFIX\=-simulator
    export LLVM_TARGET_TRIPLE_VENDOR\=apple
    export LM_AUX_CONST_METADATA_LIST_PATH_normal_arm64\=/Users/borisserzhanovich/Library/Developer/Xcode/DerivedData/WorkoutTracker-gugjzwqwyjqwbtaovaznehevomif/Build/Intermediates.noindex/WorkoutTracker.build/Debug-iphonesimulator/WorkoutTracker.build/Objects-normal/arm64/WorkoutTracker.SwiftConstValuesFileList
    export LOCALIZATION_EXPORT_SUPPORTED\=YES
    export LOCALIZATION_PREFERS_STRING_CATALOGS\=YES
    export LOCALIZED_RESOURCES_FOLDER_PATH\=WorkoutTracker.app/en.lproj
    export LOCALIZED_STRING_MACRO_NAMES\=NSLocalizedString\ CFCopyLocalizedString
    export LOCALIZED_STRING_SWIFTUI_SUPPORT\=YES
    export LOCAL_ADMIN_APPS_DIR\=/Applications/Utilities
    export LOCAL_APPS_DIR\=/Applications
    export LOCAL_DEVELOPER_DIR\=/Library/Developer
    export LOCAL_LIBRARY_DIR\=/Library
    export LOCROOT\=/Users/borisserzhanovich/projects/Workout/WorkoutTracker\ copy
    export LOCSYMROOT\=/Users/borisserzhanovich/projects/Workout/WorkoutTracker\ copy
    export MACH_O_TYPE\=mh_execute
    export MAC_OS_X_PRODUCT_BUILD_VERSION\=25F80
    export MAC_OS_X_VERSION_ACTUAL\=260501
    export MAC_OS_X_VERSION_MAJOR\=260000
    export MAC_OS_X_VERSION_MINOR\=260500
    export MAKE_MERGEABLE\=NO
    export MARKETING_VERSION\=1.0.4
    export MERGEABLE_LIBRARY\=NO
    export MERGED_BINARY_TYPE\=none
    export MERGE_LINKED_LIBRARIES\=NO
    export METAL_LIBRARY_FILE_BASE\=default
    export METAL_LIBRARY_OUTPUT_DIR\=/Users/borisserzhanovich/Library/Developer/Xcode/DerivedData/WorkoutTracker-gugjzwqwyjqwbtaovaznehevomif/Build/Products/Debug-iphonesimulator/WorkoutTracker.app
    export MODULES_FOLDER_PATH\=WorkoutTracker.app/Modules
    export MODULE_CACHE_DIR\=/Users/borisserzhanovich/Library/Developer/Xcode/DerivedData/ModuleCache.noindex
    export MTL_ENABLE_DEBUG_INFO\=INCLUDE_SOURCE
    export MTL_FAST_MATH\=YES
    export NATIVE_ARCH\=arm64
    export NATIVE_ARCH_32_BIT\=arm
    export NATIVE_ARCH_64_BIT\=arm64
    export NATIVE_ARCH_ACTUAL\=arm64
    export NO_COMMON\=YES
    export OBJC_ABI_VERSION\=2
    export OBJECT_FILE_DIR\=/Users/borisserzhanovich/Library/Developer/Xcode/DerivedData/WorkoutTracker-gugjzwqwyjqwbtaovaznehevomif/Build/Intermediates.noindex/WorkoutTracker.build/Debug-iphonesimulator/WorkoutTracker.build/Objects
    export OBJECT_FILE_DIR_normal\=/Users/borisserzhanovich/Library/Developer/Xcode/DerivedData/WorkoutTracker-gugjzwqwyjqwbtaovaznehevomif/Build/Intermediates.noindex/WorkoutTracker.build/Debug-iphonesimulator/WorkoutTracker.build/Objects-normal
    export OBJROOT\=/Users/borisserzhanovich/Library/Developer/Xcode/DerivedData/WorkoutTracker-gugjzwqwyjqwbtaovaznehevomif/Build/Intermediates.noindex
    export ONLY_ACTIVE_ARCH\=YES
    export OS\=MACOS
    export OSAC\=/usr/bin/osacompile
    export OTHER_CFLAGS\=-fmodule-map-file\=/Users/borisserzhanovich/Library/Developer/Xcode/DerivedData/WorkoutTracker-gugjzwqwyjqwbtaovaznehevomif/Build/Intermediates.noindex/GeneratedModuleMaps-iphonesimulator/abslWrapper.modulemap\ -fmodule-map-file\=/Users/borisserzhanovich/Library/Developer/Xcode/DerivedData/WorkoutTracker-gugjzwqwyjqwbtaovaznehevomif/Build/Intermediates.noindex/GeneratedModuleMaps-iphonesimulator/opensslWrapper.modulemap\ -fmodule-map-file\=/Users/borisserzhanovich/Library/Developer/Xcode/DerivedData/WorkoutTracker-gugjzwqwyjqwbtaovaznehevomif/Build/Intermediates.noindex/GeneratedModuleMaps-iphonesimulator/grpcWrapper.modulemap\ -fmodule-map-file\=/Users/borisserzhanovich/Library/Developer/Xcode/DerivedData/WorkoutTracker-gugjzwqwyjqwbtaovaznehevomif/Build/Intermediates.noindex/GeneratedModuleMaps-iphonesimulator/grpcppWrapper.modulemap\ -fmodule-map-file\=/Users/borisserzhanovich/Library/Developer/Xcode/DerivedData/WorkoutTracker-gugjzwqwyjqwbtaovaznehevomif/Build/Intermediates.noindex/GeneratedModuleMaps-iphonesimulator/leveldb.modulemap\ -fmodule-map-file\=/Users/borisserzhanovich/Library/Developer/Xcode/DerivedData/WorkoutTracker-gugjzwqwyjqwbtaovaznehevomif/Build/Intermediates.noindex/GeneratedModuleMaps-iphonesimulator/FirebaseFirestore.modulemap\ -fmodule-map-file\=/Users/borisserzhanovich/Library/Developer/Xcode/DerivedData/WorkoutTracker-gugjzwqwyjqwbtaovaznehevomif/Build/Intermediates.noindex/GeneratedModuleMaps-iphonesimulator/FirebaseFirestoreInternalWrapper.modulemap\ -fmodule-map-file\=/Users/borisserzhanovich/Library/Developer/Xcode/DerivedData/WorkoutTracker-gugjzwqwyjqwbtaovaznehevomif/Build/Intermediates.noindex/GeneratedModuleMaps-iphonesimulator/FirebaseFirestoreTarget.modulemap\ -fmodule-map-file\=/Users/borisserzhanovich/Library/Developer/Xcode/DerivedData/WorkoutTracker-gugjzwqwyjqwbtaovaznehevomif/Build/Intermediates.noindex/GeneratedModuleMaps-iphonesimulator/RecaptchaInterop.modulemap\ -fmodule-map-file\=/Users/borisserzhanovich/Library/Developer/Xcode/DerivedData/WorkoutTracker-gugjzwqwyjqwbtaovaznehevomif/Build/Intermediates.noindex/GeneratedModuleMaps-iphonesimulator/FirebaseAuthInternal.modulemap\ -fmodule-map-file\=/Users/borisserzhanovich/Library/Developer/Xcode/DerivedData/WorkoutTracker-gugjzwqwyjqwbtaovaznehevomif/Build/Intermediates.noindex/GeneratedModuleMaps-iphonesimulator/FirebaseAuth.modulemap\ -fmodule-map-file\=/Users/borisserzhanovich/Library/Developer/Xcode/DerivedData/WorkoutTracker-gugjzwqwyjqwbtaovaznehevomif/Build/Intermediates.noindex/GeneratedModuleMaps-iphonesimulator/FirebaseStorage.modulemap\ -fmodule-map-file\=/Users/borisserzhanovich/Library/Developer/Xcode/DerivedData/WorkoutTracker-gugjzwqwyjqwbtaovaznehevomif/Build/Intermediates.noindex/GeneratedModuleMaps-iphonesimulator/FirebaseMessagingInterop.modulemap\ -fmodule-map-file\=/Users/borisserzhanovich/Library/Developer/Xcode/DerivedData/WorkoutTracker-gugjzwqwyjqwbtaovaznehevomif/Build/Intermediates.noindex/GeneratedModuleMaps-iphonesimulator/FirebaseAuthInterop.modulemap\ -fmodule-map-file\=/Users/borisserzhanovich/Library/Developer/Xcode/DerivedData/WorkoutTracker-gugjzwqwyjqwbtaovaznehevomif/Build/Intermediates.noindex/GeneratedModuleMaps-iphonesimulator/FirebaseFunctions.modulemap\ -fmodule-map-file\=/Users/borisserzhanovich/Library/Developer/Xcode/DerivedData/WorkoutTracker-gugjzwqwyjqwbtaovaznehevomif/Build/Intermediates.noindex/GeneratedModuleMaps-iphonesimulator/FirebaseAppCheckInterop.modulemap\ -fmodule-map-file\=/Users/borisserzhanovich/Library/Developer/Xcode/DerivedData/WorkoutTracker-gugjzwqwyjqwbtaovaznehevomif/Build/Intermediates.noindex/GeneratedModuleMaps-iphonesimulator/FirebaseAppCheck.modulemap\ -fmodule-map-file\=/Users/borisserzhanovich/Library/Developer/Xcode/DerivedData/WorkoutTracker-gugjzwqwyjqwbtaovaznehevomif/Build/Intermediates.noindex/GeneratedModuleMaps-iphonesimulator/FirebaseSharedSwift.modulemap\ -fmodule-map-file\=/Users/borisserzhanovich/Library/Developer/Xcode/DerivedData/WorkoutTracker-gugjzwqwyjqwbtaovaznehevomif/Build/Intermediates.noindex/GeneratedModuleMaps-iphonesimulator/FirebaseRemoteConfig.modulemap\ -fmodule-map-file\=/Users/borisserzhanovich/Library/Developer/Xcode/DerivedData/WorkoutTracker-gugjzwqwyjqwbtaovaznehevomif/Build/Intermediates.noindex/GeneratedModuleMaps-iphonesimulator/AppAuth.modulemap\ -fmodule-map-file\=/Users/borisserzhanovich/Library/Developer/Xcode/DerivedData/WorkoutTracker-gugjzwqwyjqwbtaovaznehevomif/Build/Intermediates.noindex/GeneratedModuleMaps-iphonesimulator/AppAuthCore.modulemap\ -fmodule-map-file\=/Users/borisserzhanovich/Library/Developer/Xcode/DerivedData/WorkoutTracker-gugjzwqwyjqwbtaovaznehevomif/Build/Intermediates.noindex/GeneratedModuleMaps-iphonesimulator/AppCheckCore.modulemap\ -fmodule-map-file\=/Users/borisserzhanovich/Library/Developer/Xcode/DerivedData/WorkoutTracker-gugjzwqwyjqwbtaovaznehevomif/Build/Intermediates.noindex/GeneratedModuleMaps-iphonesimulator/GTMAppAuth.modulemap\ -fmodule-map-file\=/Users/borisserzhanovich/Library/Developer/Xcode/DerivedData/WorkoutTracker-gugjzwqwyjqwbtaovaznehevomif/Build/Intermediates.noindex/GeneratedModuleMaps-iphonesimulator/GTMSessionFetcherCore.modulemap\ -fmodule-map-file\=/Users/borisserzhanovich/Library/Developer/Xcode/DerivedData/WorkoutTracker-gugjzwqwyjqwbtaovaznehevomif/Build/Intermediates.noindex/GeneratedModuleMaps-iphonesimulator/GoogleSignIn.modulemap\ -fmodule-map-file\=/Users/borisserzhanovich/Library/Developer/Xcode/DerivedData/WorkoutTracker-gugjzwqwyjqwbtaovaznehevomif/Build/Intermediates.noindex/GeneratedModuleMaps-iphonesimulator/GoogleAdsOnDeviceConversionTarget.modulemap\ -fmodule-map-file\=/Users/borisserzhanovich/Library/Developer/Xcode/DerivedData/WorkoutTracker-gugjzwqwyjqwbtaovaznehevomif/Build/Intermediates.noindex/GeneratedModuleMaps-iphonesimulator/GoogleAppMeasurementTarget.modulemap\ -fmodule-map-file\=/Users/borisserzhanovich/Library/Developer/Xcode/DerivedData/WorkoutTracker-gugjzwqwyjqwbtaovaznehevomif/Build/Intermediates.noindex/GeneratedModuleMaps-iphonesimulator/GoogleUtilities-AppDelegateSwizzler.modulemap\ -fmodule-map-file\=/Users/borisserzhanovich/Library/Developer/Xcode/DerivedData/WorkoutTracker-gugjzwqwyjqwbtaovaznehevomif/Build/Intermediates.noindex/GeneratedModuleMaps-iphonesimulator/GoogleUtilities-Reachability.modulemap\ -fmodule-map-file\=/Users/borisserzhanovich/Library/Developer/Xcode/DerivedData/WorkoutTracker-gugjzwqwyjqwbtaovaznehevomif/Build/Intermediates.noindex/GeneratedModuleMaps-iphonesimulator/GoogleUtilities-Network.modulemap\ -fmodule-map-file\=/Users/borisserzhanovich/Library/Developer/Xcode/DerivedData/WorkoutTracker-gugjzwqwyjqwbtaovaznehevomif/Build/Intermediates.noindex/GeneratedModuleMaps-iphonesimulator/FirebaseAnalyticsWrapper.modulemap\ -fmodule-map-file\=/Users/borisserzhanovich/Library/Developer/Xcode/DerivedData/WorkoutTracker-gugjzwqwyjqwbtaovaznehevomif/Build/Intermediates.noindex/GeneratedModuleMaps-iphonesimulator/FirebaseAnalyticsTarget.modulemap\ -fmodule-map-file\=/Users/borisserzhanovich/Library/Developer/Xcode/DerivedData/WorkoutTracker-gugjzwqwyjqwbtaovaznehevomif/Build/Intermediates.noindex/GeneratedModuleMaps-iphonesimulator/FirebaseCrashlyticsSwift.modulemap\ -fmodule-map-file\=/Users/borisserzhanovich/Library/Developer/Xcode/DerivedData/WorkoutTracker-gugjzwqwyjqwbtaovaznehevomif/Build/Intermediates.noindex/GeneratedModuleMaps-iphonesimulator/FirebaseCrashlytics.modulemap\ -fmodule-map-file\=/Users/borisserzhanovich/Library/Developer/Xcode/DerivedData/WorkoutTracker-gugjzwqwyjqwbtaovaznehevomif/Build/Intermediates.noindex/GeneratedModuleMaps-iphonesimulator/GoogleUtilities-NSData.modulemap\ -fmodule-map-file\=/Users/borisserzhanovich/Library/Developer/Xcode/DerivedData/WorkoutTracker-gugjzwqwyjqwbtaovaznehevomif/Build/Intermediates.noindex/GeneratedModuleMaps-iphonesimulator/GoogleUtilities-UserDefaults.modulemap\ -fmodule-map-file\=/Users/borisserzhanovich/Library/Developer/Xcode/DerivedData/WorkoutTracker-gugjzwqwyjqwbtaovaznehevomif/Build/Intermediates.noindex/GeneratedModuleMaps-iphonesimulator/nanopb.modulemap\ -fmodule-map-file\=/Users/borisserzhanovich/Library/Developer/Xcode/DerivedData/WorkoutTracker-gugjzwqwyjqwbtaovaznehevomif/Build/Intermediates.noindex/GeneratedModuleMaps-iphonesimulator/Promises.modulemap\ -fmodule-map-file\=/Users/borisserzhanovich/Library/Developer/Xcode/DerivedData/WorkoutTracker-gugjzwqwyjqwbtaovaznehevomif/Build/Intermediates.noindex/GeneratedModuleMaps-iphonesimulator/GoogleDataTransport.modulemap\ -fmodule-map-file\=/Users/borisserzhanovich/Library/Developer/Xcode/DerivedData/WorkoutTracker-gugjzwqwyjqwbtaovaznehevomif/Build/Intermediates.noindex/GeneratedModuleMaps-iphonesimulator/GoogleUtilities-Logger.modulemap\ -fmodule-map-file\=/Users/borisserzhanovich/Library/Developer/Xcode/DerivedData/WorkoutTracker-gugjzwqwyjqwbtaovaznehevomif/Build/Intermediates.noindex/GeneratedModuleMaps-iphonesimulator/GoogleUtilities-Environment.modulemap\ -fmodule-map-file\=/Users/borisserzhanovich/Library/Developer/Xcode/DerivedData/WorkoutTracker-gugjzwqwyjqwbtaovaznehevomif/Build/Intermediates.noindex/GeneratedModuleMaps-iphonesimulator/third-party-IsAppEncrypted.modulemap\ -fmodule-map-file\=/Users/borisserzhanovich/Library/Developer/Xcode/DerivedData/WorkoutTracker-gugjzwqwyjqwbtaovaznehevomif/Build/Intermediates.noindex/GeneratedModuleMaps-iphonesimulator/GoogleUtilities-MethodSwizzler.modulemap\ -fmodule-map-file\=/Users/borisserzhanovich/Library/Developer/Xcode/DerivedData/WorkoutTracker-gugjzwqwyjqwbtaovaznehevomif/Build/Intermediates.noindex/GeneratedModuleMaps-iphonesimulator/FirebasePerformance.modulemap\ -fmodule-map-file\=/Users/borisserzhanovich/Library/Developer/Xcode/DerivedData/WorkoutTracker-gugjzwqwyjqwbtaovaznehevomif/Build/Intermediates.noindex/GeneratedModuleMaps-iphonesimulator/FirebaseSessions.modulemap\ -fmodule-map-file\=/Users/borisserzhanovich/Library/Developer/Xcode/DerivedData/WorkoutTracker-gugjzwqwyjqwbtaovaznehevomif/Build/Intermediates.noindex/GeneratedModuleMaps-iphonesimulator/FirebaseSessionsObjC.modulemap\ -fmodule-map-file\=/Users/borisserzhanovich/Library/Developer/Xcode/DerivedData/WorkoutTracker-gugjzwqwyjqwbtaovaznehevomif/Build/Intermediates.noindex/GeneratedModuleMaps-iphonesimulator/FirebaseCoreExtension.modulemap\ -fmodule-map-file\=/Users/borisserzhanovich/Library/Developer/Xcode/DerivedData/WorkoutTracker-gugjzwqwyjqwbtaovaznehevomif/Build/Intermediates.noindex/GeneratedModuleMaps-iphonesimulator/FirebaseRemoteConfigInternal.modulemap\ -fmodule-map-file\=/Users/borisserzhanovich/Library/Developer/Xcode/DerivedData/WorkoutTracker-gugjzwqwyjqwbtaovaznehevomif/Build/Intermediates.noindex/GeneratedModuleMaps-iphonesimulator/FirebaseRemoteConfigInterop.modulemap\ -fmodule-map-file\=/Users/borisserzhanovich/Library/Developer/Xcode/DerivedData/WorkoutTracker-gugjzwqwyjqwbtaovaznehevomif/Build/Intermediates.noindex/GeneratedModuleMaps-iphonesimulator/FirebaseABTesting.modulemap\ -fmodule-map-file\=/Users/borisserzhanovich/Library/Developer/Xcode/DerivedData/WorkoutTracker-gugjzwqwyjqwbtaovaznehevomif/Build/Intermediates.noindex/GeneratedModuleMaps-iphonesimulator/FirebaseInstallations.modulemap\ -fmodule-map-file\=/Users/borisserzhanovich/Library/Developer/Xcode/DerivedData/WorkoutTracker-gugjzwqwyjqwbtaovaznehevomif/Build/Intermediates.noindex/GeneratedModuleMaps-iphonesimulator/FirebaseCore.modulemap\ -fmodule-map-file\=/Users/borisserzhanovich/Library/Developer/Xcode/DerivedData/WorkoutTracker-gugjzwqwyjqwbtaovaznehevomif/Build/Intermediates.noindex/GeneratedModuleMaps-iphonesimulator/FirebaseCoreInternal.modulemap\ -fmodule-map-file\=/Users/borisserzhanovich/Library/Developer/Xcode/DerivedData/WorkoutTracker-gugjzwqwyjqwbtaovaznehevomif/Build/Intermediates.noindex/GeneratedModuleMaps-iphonesimulator/FirebasePerformanceTarget.modulemap\ 
    export OTHER_CPLUSPLUSFLAGS\=-fmodule-map-file\=/Users/borisserzhanovich/Library/Developer/Xcode/DerivedData/WorkoutTracker-gugjzwqwyjqwbtaovaznehevomif/Build/Intermediates.noindex/GeneratedModuleMaps-iphonesimulator/abslWrapper.modulemap\ -fmodule-map-file\=/Users/borisserzhanovich/Library/Developer/Xcode/DerivedData/WorkoutTracker-gugjzwqwyjqwbtaovaznehevomif/Build/Intermediates.noindex/GeneratedModuleMaps-iphonesimulator/opensslWrapper.modulemap\ -fmodule-map-file\=/Users/borisserzhanovich/Library/Developer/Xcode/DerivedData/WorkoutTracker-gugjzwqwyjqwbtaovaznehevomif/Build/Intermediates.noindex/GeneratedModuleMaps-iphonesimulator/grpcWrapper.modulemap\ -fmodule-map-file\=/Users/borisserzhanovich/Library/Developer/Xcode/DerivedData/WorkoutTracker-gugjzwqwyjqwbtaovaznehevomif/Build/Intermediates.noindex/GeneratedModuleMaps-iphonesimulator/grpcppWrapper.modulemap\ -fmodule-map-file\=/Users/borisserzhanovich/Library/Developer/Xcode/DerivedData/WorkoutTracker-gugjzwqwyjqwbtaovaznehevomif/Build/Intermediates.noindex/GeneratedModuleMaps-iphonesimulator/leveldb.modulemap\ -fmodule-map-file\=/Users/borisserzhanovich/Library/Developer/Xcode/DerivedData/WorkoutTracker-gugjzwqwyjqwbtaovaznehevomif/Build/Intermediates.noindex/GeneratedModuleMaps-iphonesimulator/FirebaseFirestore.modulemap\ -fmodule-map-file\=/Users/borisserzhanovich/Library/Developer/Xcode/DerivedData/WorkoutTracker-gugjzwqwyjqwbtaovaznehevomif/Build/Intermediates.noindex/GeneratedModuleMaps-iphonesimulator/FirebaseFirestoreInternalWrapper.modulemap\ -fmodule-map-file\=/Users/borisserzhanovich/Library/Developer/Xcode/DerivedData/WorkoutTracker-gugjzwqwyjqwbtaovaznehevomif/Build/Intermediates.noindex/GeneratedModuleMaps-iphonesimulator/FirebaseFirestoreTarget.modulemap\ -fmodule-map-file\=/Users/borisserzhanovich/Library/Developer/Xcode/DerivedData/WorkoutTracker-gugjzwqwyjqwbtaovaznehevomif/Build/Intermediates.noindex/GeneratedModuleMaps-iphonesimulator/RecaptchaInterop.modulemap\ -fmodule-map-file\=/Users/borisserzhanovich/Library/Developer/Xcode/DerivedData/WorkoutTracker-gugjzwqwyjqwbtaovaznehevomif/Build/Intermediates.noindex/GeneratedModuleMaps-iphonesimulator/FirebaseAuthInternal.modulemap\ -fmodule-map-file\=/Users/borisserzhanovich/Library/Developer/Xcode/DerivedData/WorkoutTracker-gugjzwqwyjqwbtaovaznehevomif/Build/Intermediates.noindex/GeneratedModuleMaps-iphonesimulator/FirebaseAuth.modulemap\ -fmodule-map-file\=/Users/borisserzhanovich/Library/Developer/Xcode/DerivedData/WorkoutTracker-gugjzwqwyjqwbtaovaznehevomif/Build/Intermediates.noindex/GeneratedModuleMaps-iphonesimulator/FirebaseStorage.modulemap\ -fmodule-map-file\=/Users/borisserzhanovich/Library/Developer/Xcode/DerivedData/WorkoutTracker-gugjzwqwyjqwbtaovaznehevomif/Build/Intermediates.noindex/GeneratedModuleMaps-iphonesimulator/FirebaseMessagingInterop.modulemap\ -fmodule-map-file\=/Users/borisserzhanovich/Library/Developer/Xcode/DerivedData/WorkoutTracker-gugjzwqwyjqwbtaovaznehevomif/Build/Intermediates.noindex/GeneratedModuleMaps-iphonesimulator/FirebaseAuthInterop.modulemap\ -fmodule-map-file\=/Users/borisserzhanovich/Library/Developer/Xcode/DerivedData/WorkoutTracker-gugjzwqwyjqwbtaovaznehevomif/Build/Intermediates.noindex/GeneratedModuleMaps-iphonesimulator/FirebaseFunctions.modulemap\ -fmodule-map-file\=/Users/borisserzhanovich/Library/Developer/Xcode/DerivedData/WorkoutTracker-gugjzwqwyjqwbtaovaznehevomif/Build/Intermediates.noindex/GeneratedModuleMaps-iphonesimulator/FirebaseAppCheckInterop.modulemap\ -fmodule-map-file\=/Users/borisserzhanovich/Library/Developer/Xcode/DerivedData/WorkoutTracker-gugjzwqwyjqwbtaovaznehevomif/Build/Intermediates.noindex/GeneratedModuleMaps-iphonesimulator/FirebaseAppCheck.modulemap\ -fmodule-map-file\=/Users/borisserzhanovich/Library/Developer/Xcode/DerivedData/WorkoutTracker-gugjzwqwyjqwbtaovaznehevomif/Build/Intermediates.noindex/GeneratedModuleMaps-iphonesimulator/FirebaseSharedSwift.modulemap\ -fmodule-map-file\=/Users/borisserzhanovich/Library/Developer/Xcode/DerivedData/WorkoutTracker-gugjzwqwyjqwbtaovaznehevomif/Build/Intermediates.noindex/GeneratedModuleMaps-iphonesimulator/FirebaseRemoteConfig.modulemap\ -fmodule-map-file\=/Users/borisserzhanovich/Library/Developer/Xcode/DerivedData/WorkoutTracker-gugjzwqwyjqwbtaovaznehevomif/Build/Intermediates.noindex/GeneratedModuleMaps-iphonesimulator/AppAuth.modulemap\ -fmodule-map-file\=/Users/borisserzhanovich/Library/Developer/Xcode/DerivedData/WorkoutTracker-gugjzwqwyjqwbtaovaznehevomif/Build/Intermediates.noindex/GeneratedModuleMaps-iphonesimulator/AppAuthCore.modulemap\ -fmodule-map-file\=/Users/borisserzhanovich/Library/Developer/Xcode/DerivedData/WorkoutTracker-gugjzwqwyjqwbtaovaznehevomif/Build/Intermediates.noindex/GeneratedModuleMaps-iphonesimulator/AppCheckCore.modulemap\ -fmodule-map-file\=/Users/borisserzhanovich/Library/Developer/Xcode/DerivedData/WorkoutTracker-gugjzwqwyjqwbtaovaznehevomif/Build/Intermediates.noindex/GeneratedModuleMaps-iphonesimulator/GTMAppAuth.modulemap\ -fmodule-map-file\=/Users/borisserzhanovich/Library/Developer/Xcode/DerivedData/WorkoutTracker-gugjzwqwyjqwbtaovaznehevomif/Build/Intermediates.noindex/GeneratedModuleMaps-iphonesimulator/GTMSessionFetcherCore.modulemap\ -fmodule-map-file\=/Users/borisserzhanovich/Library/Developer/Xcode/DerivedData/WorkoutTracker-gugjzwqwyjqwbtaovaznehevomif/Build/Intermediates.noindex/GeneratedModuleMaps-iphonesimulator/GoogleSignIn.modulemap\ -fmodule-map-file\=/Users/borisserzhanovich/Library/Developer/Xcode/DerivedData/WorkoutTracker-gugjzwqwyjqwbtaovaznehevomif/Build/Intermediates.noindex/GeneratedModuleMaps-iphonesimulator/GoogleAdsOnDeviceConversionTarget.modulemap\ -fmodule-map-file\=/Users/borisserzhanovich/Library/Developer/Xcode/DerivedData/WorkoutTracker-gugjzwqwyjqwbtaovaznehevomif/Build/Intermediates.noindex/GeneratedModuleMaps-iphonesimulator/GoogleAppMeasurementTarget.modulemap\ -fmodule-map-file\=/Users/borisserzhanovich/Library/Developer/Xcode/DerivedData/WorkoutTracker-gugjzwqwyjqwbtaovaznehevomif/Build/Intermediates.noindex/GeneratedModuleMaps-iphonesimulator/GoogleUtilities-AppDelegateSwizzler.modulemap\ -fmodule-map-file\=/Users/borisserzhanovich/Library/Developer/Xcode/DerivedData/WorkoutTracker-gugjzwqwyjqwbtaovaznehevomif/Build/Intermediates.noindex/GeneratedModuleMaps-iphonesimulator/GoogleUtilities-Reachability.modulemap\ -fmodule-map-file\=/Users/borisserzhanovich/Library/Developer/Xcode/DerivedData/WorkoutTracker-gugjzwqwyjqwbtaovaznehevomif/Build/Intermediates.noindex/GeneratedModuleMaps-iphonesimulator/GoogleUtilities-Network.modulemap\ -fmodule-map-file\=/Users/borisserzhanovich/Library/Developer/Xcode/DerivedData/WorkoutTracker-gugjzwqwyjqwbtaovaznehevomif/Build/Intermediates.noindex/GeneratedModuleMaps-iphonesimulator/FirebaseAnalyticsWrapper.modulemap\ -fmodule-map-file\=/Users/borisserzhanovich/Library/Developer/Xcode/DerivedData/WorkoutTracker-gugjzwqwyjqwbtaovaznehevomif/Build/Intermediates.noindex/GeneratedModuleMaps-iphonesimulator/FirebaseAnalyticsTarget.modulemap\ -fmodule-map-file\=/Users/borisserzhanovich/Library/Developer/Xcode/DerivedData/WorkoutTracker-gugjzwqwyjqwbtaovaznehevomif/Build/Intermediates.noindex/GeneratedModuleMaps-iphonesimulator/FirebaseCrashlyticsSwift.modulemap\ -fmodule-map-file\=/Users/borisserzhanovich/Library/Developer/Xcode/DerivedData/WorkoutTracker-gugjzwqwyjqwbtaovaznehevomif/Build/Intermediates.noindex/GeneratedModuleMaps-iphonesimulator/FirebaseCrashlytics.modulemap\ -fmodule-map-file\=/Users/borisserzhanovich/Library/Developer/Xcode/DerivedData/WorkoutTracker-gugjzwqwyjqwbtaovaznehevomif/Build/Intermediates.noindex/GeneratedModuleMaps-iphonesimulator/GoogleUtilities-NSData.modulemap\ -fmodule-map-file\=/Users/borisserzhanovich/Library/Developer/Xcode/DerivedData/WorkoutTracker-gugjzwqwyjqwbtaovaznehevomif/Build/Intermediates.noindex/GeneratedModuleMaps-iphonesimulator/GoogleUtilities-UserDefaults.modulemap\ -fmodule-map-file\=/Users/borisserzhanovich/Library/Developer/Xcode/DerivedData/WorkoutTracker-gugjzwqwyjqwbtaovaznehevomif/Build/Intermediates.noindex/GeneratedModuleMaps-iphonesimulator/nanopb.modulemap\ -fmodule-map-file\=/Users/borisserzhanovich/Library/Developer/Xcode/DerivedData/WorkoutTracker-gugjzwqwyjqwbtaovaznehevomif/Build/Intermediates.noindex/GeneratedModuleMaps-iphonesimulator/Promises.modulemap\ -fmodule-map-file\=/Users/borisserzhanovich/Library/Developer/Xcode/DerivedData/WorkoutTracker-gugjzwqwyjqwbtaovaznehevomif/Build/Intermediates.noindex/GeneratedModuleMaps-iphonesimulator/GoogleDataTransport.modulemap\ -fmodule-map-file\=/Users/borisserzhanovich/Library/Developer/Xcode/DerivedData/WorkoutTracker-gugjzwqwyjqwbtaovaznehevomif/Build/Intermediates.noindex/GeneratedModuleMaps-iphonesimulator/GoogleUtilities-Logger.modulemap\ -fmodule-map-file\=/Users/borisserzhanovich/Library/Developer/Xcode/DerivedData/WorkoutTracker-gugjzwqwyjqwbtaovaznehevomif/Build/Intermediates.noindex/GeneratedModuleMaps-iphonesimulator/GoogleUtilities-Environment.modulemap\ -fmodule-map-file\=/Users/borisserzhanovich/Library/Developer/Xcode/DerivedData/WorkoutTracker-gugjzwqwyjqwbtaovaznehevomif/Build/Intermediates.noindex/GeneratedModuleMaps-iphonesimulator/third-party-IsAppEncrypted.modulemap\ -fmodule-map-file\=/Users/borisserzhanovich/Library/Developer/Xcode/DerivedData/WorkoutTracker-gugjzwqwyjqwbtaovaznehevomif/Build/Intermediates.noindex/GeneratedModuleMaps-iphonesimulator/GoogleUtilities-MethodSwizzler.modulemap\ -fmodule-map-file\=/Users/borisserzhanovich/Library/Developer/Xcode/DerivedData/WorkoutTracker-gugjzwqwyjqwbtaovaznehevomif/Build/Intermediates.noindex/GeneratedModuleMaps-iphonesimulator/FirebasePerformance.modulemap\ -fmodule-map-file\=/Users/borisserzhanovich/Library/Developer/Xcode/DerivedData/WorkoutTracker-gugjzwqwyjqwbtaovaznehevomif/Build/Intermediates.noindex/GeneratedModuleMaps-iphonesimulator/FirebaseSessions.modulemap\ -fmodule-map-file\=/Users/borisserzhanovich/Library/Developer/Xcode/DerivedData/WorkoutTracker-gugjzwqwyjqwbtaovaznehevomif/Build/Intermediates.noindex/GeneratedModuleMaps-iphonesimulator/FirebaseSessionsObjC.modulemap\ -fmodule-map-file\=/Users/borisserzhanovich/Library/Developer/Xcode/DerivedData/WorkoutTracker-gugjzwqwyjqwbtaovaznehevomif/Build/Intermediates.noindex/GeneratedModuleMaps-iphonesimulator/FirebaseCoreExtension.modulemap\ -fmodule-map-file\=/Users/borisserzhanovich/Library/Developer/Xcode/DerivedData/WorkoutTracker-gugjzwqwyjqwbtaovaznehevomif/Build/Intermediates.noindex/GeneratedModuleMaps-iphonesimulator/FirebaseRemoteConfigInternal.modulemap\ -fmodule-map-file\=/Users/borisserzhanovich/Library/Developer/Xcode/DerivedData/WorkoutTracker-gugjzwqwyjqwbtaovaznehevomif/Build/Intermediates.noindex/GeneratedModuleMaps-iphonesimulator/FirebaseRemoteConfigInterop.modulemap\ -fmodule-map-file\=/Users/borisserzhanovich/Library/Developer/Xcode/DerivedData/WorkoutTracker-gugjzwqwyjqwbtaovaznehevomif/Build/Intermediates.noindex/GeneratedModuleMaps-iphonesimulator/FirebaseABTesting.modulemap\ -fmodule-map-file\=/Users/borisserzhanovich/Library/Developer/Xcode/DerivedData/WorkoutTracker-gugjzwqwyjqwbtaovaznehevomif/Build/Intermediates.noindex/GeneratedModuleMaps-iphonesimulator/FirebaseInstallations.modulemap\ -fmodule-map-file\=/Users/borisserzhanovich/Library/Developer/Xcode/DerivedData/WorkoutTracker-gugjzwqwyjqwbtaovaznehevomif/Build/Intermediates.noindex/GeneratedModuleMaps-iphonesimulator/FirebaseCore.modulemap\ -fmodule-map-file\=/Users/borisserzhanovich/Library/Developer/Xcode/DerivedData/WorkoutTracker-gugjzwqwyjqwbtaovaznehevomif/Build/Intermediates.noindex/GeneratedModuleMaps-iphonesimulator/FirebaseCoreInternal.modulemap\ -fmodule-map-file\=/Users/borisserzhanovich/Library/Developer/Xcode/DerivedData/WorkoutTracker-gugjzwqwyjqwbtaovaznehevomif/Build/Intermediates.noindex/GeneratedModuleMaps-iphonesimulator/FirebasePerformanceTarget.modulemap\ 
    export OTHER_LDFLAGS\=-Wl,-no_warn_duplicate_libraries\ -Wl,-no_warn_duplicate_libraries\ -Wl,-no_warn_duplicate_libraries\ -Wl,-no_warn_duplicate_libraries\ -lc++\ -Wl,-no_warn_duplicate_libraries\ -Wl,-no_warn_duplicate_libraries\ -Wl,-no_warn_duplicate_libraries\ -Wl,-no_warn_duplicate_libraries\ -Wl,-no_warn_duplicate_libraries\ -Wl,-no_warn_duplicate_libraries\ -Wl,-no_warn_duplicate_libraries\ -Wl,-no_warn_duplicate_libraries\ -Wl,-no_warn_duplicate_libraries\ -Wl,-no_warn_duplicate_libraries\ -Wl,-no_warn_duplicate_libraries\ -Wl,-no_warn_duplicate_libraries\ -Wl,-no_warn_duplicate_libraries\ -Wl,-no_warn_duplicate_libraries\ -Wl,-no_warn_duplicate_libraries\ -Wl,-no_warn_duplicate_libraries\ -Wl,-no_warn_duplicate_libraries\ -Wl,-no_warn_duplicate_libraries\ -Wl,-no_warn_duplicate_libraries\ -Wl,-no_warn_duplicate_libraries\ -Wl,-no_warn_duplicate_libraries\ -Wl,-no_warn_duplicate_libraries\ -Wl,-no_warn_duplicate_libraries\ -Wl,-no_warn_duplicate_libraries\ -Wl,-no_warn_duplicate_libraries\ -Wl,-no_warn_duplicate_libraries\ -Wl,-no_warn_duplicate_libraries\ -Wl,-no_warn_duplicate_libraries\ -Wl,-no_warn_duplicate_libraries\ -lc++\ -Wl,-no_warn_duplicate_libraries\ -Wl,-no_warn_duplicate_libraries\ -Wl,-no_warn_duplicate_libraries\ -Wl,-no_warn_duplicate_libraries\ -Wl,-no_warn_duplicate_libraries\ -Wl,-no_warn_duplicate_libraries\ -Wl,-no_warn_duplicate_libraries\ -Wl,-no_warn_duplicate_libraries\ -Wl,-no_warn_duplicate_libraries\ -Wl,-no_warn_duplicate_libraries\ -Wl,-no_warn_duplicate_libraries\ -Wl,-no_warn_duplicate_libraries\ -Wl,-no_warn_duplicate_libraries\ -Wl,-no_warn_duplicate_libraries\ -Wl,-no_warn_duplicate_libraries\ -Wl,-no_warn_duplicate_libraries\ -Wl,-no_warn_duplicate_libraries\ -Wl,-no_warn_duplicate_libraries\ -Wl,-no_warn_duplicate_libraries\ -Wl,-no_warn_duplicate_libraries\ -Wl,-no_warn_duplicate_libraries\ -Wl,-no_warn_duplicate_libraries\ -Wl,-no_warn_duplicate_libraries\ \ -framework\ UIKit\ -framework\ Security\ -framework\ Security\ -framework\ SystemConfiguration\ -framework\ Security\ -framework\ SystemConfiguration\ -framework\ MobileCoreServices\ -framework\ QuartzCore\ -framework\ SystemConfiguration\ -framework\ CoreTelephony\ -lz\ -framework\ Security\ -framework\ SystemConfiguration\ -lsqlite3\ -lc++\ -lz\ -framework\ StoreKit\ -lsqlite3\ -lc++\ -lz\ -framework\ StoreKit\ -lc++\ -framework\ CoreGraphics\ -framework\ CoreText\ -framework\ Foundation\ -framework\ LocalAuthentication\ -framework\ Security\ -framework\ UIKit\ -framework\ Security\ -framework\ DeviceCheck\ -framework\ DeviceCheck\ -framework\ Security\ -framework\ SafariServices\ -lc++\ -framework\ SystemConfiguration\ -framework\ UIKit
    export OTHER_SWIFT_FLAGS\=-Xcc\ -fmodule-map-file\=/Users/borisserzhanovich/Library/Developer/Xcode/DerivedData/WorkoutTracker-gugjzwqwyjqwbtaovaznehevomif/Build/Intermediates.noindex/GeneratedModuleMaps-iphonesimulator/abslWrapper.modulemap\ -Xcc\ -fmodule-map-file\=/Users/borisserzhanovich/Library/Developer/Xcode/DerivedData/WorkoutTracker-gugjzwqwyjqwbtaovaznehevomif/Build/Intermediates.noindex/GeneratedModuleMaps-iphonesimulator/opensslWrapper.modulemap\ -Xcc\ -fmodule-map-file\=/Users/borisserzhanovich/Library/Developer/Xcode/DerivedData/WorkoutTracker-gugjzwqwyjqwbtaovaznehevomif/Build/Intermediates.noindex/GeneratedModuleMaps-iphonesimulator/grpcWrapper.modulemap\ -Xcc\ -fmodule-map-file\=/Users/borisserzhanovich/Library/Developer/Xcode/DerivedData/WorkoutTracker-gugjzwqwyjqwbtaovaznehevomif/Build/Intermediates.noindex/GeneratedModuleMaps-iphonesimulator/grpcppWrapper.modulemap\ -Xcc\ -fmodule-map-file\=/Users/borisserzhanovich/Library/Developer/Xcode/DerivedData/WorkoutTracker-gugjzwqwyjqwbtaovaznehevomif/Build/Intermediates.noindex/GeneratedModuleMaps-iphonesimulator/leveldb.modulemap\ -Xcc\ -fmodule-map-file\=/Users/borisserzhanovich/Library/Developer/Xcode/DerivedData/WorkoutTracker-gugjzwqwyjqwbtaovaznehevomif/Build/Intermediates.noindex/GeneratedModuleMaps-iphonesimulator/FirebaseFirestoreInternalWrapper.modulemap\ -Xcc\ -fmodule-map-file\=/Users/borisserzhanovich/Library/Developer/Xcode/DerivedData/WorkoutTracker-gugjzwqwyjqwbtaovaznehevomif/Build/Intermediates.noindex/GeneratedModuleMaps-iphonesimulator/FirebaseFirestoreTarget.modulemap\ -Xcc\ -fmodule-map-file\=/Users/borisserzhanovich/Library/Developer/Xcode/DerivedData/WorkoutTracker-gugjzwqwyjqwbtaovaznehevomif/Build/Intermediates.noindex/GeneratedModuleMaps-iphonesimulator/RecaptchaInterop.modulemap\ -Xcc\ -fmodule-map-file\=/Users/borisserzhanovich/Library/Developer/Xcode/DerivedData/WorkoutTracker-gugjzwqwyjqwbtaovaznehevomif/Build/Intermediates.noindex/GeneratedModuleMaps-iphonesimulator/FirebaseAuthInternal.modulemap\ -Xcc\ -fmodule-map-file\=/Users/borisserzhanovich/Library/Developer/Xcode/DerivedData/WorkoutTracker-gugjzwqwyjqwbtaovaznehevomif/Build/Intermediates.noindex/GeneratedModuleMaps-iphonesimulator/FirebaseMessagingInterop.modulemap\ -Xcc\ -fmodule-map-file\=/Users/borisserzhanovich/Library/Developer/Xcode/DerivedData/WorkoutTracker-gugjzwqwyjqwbtaovaznehevomif/Build/Intermediates.noindex/GeneratedModuleMaps-iphonesimulator/FirebaseAuthInterop.modulemap\ -Xcc\ -fmodule-map-file\=/Users/borisserzhanovich/Library/Developer/Xcode/DerivedData/WorkoutTracker-gugjzwqwyjqwbtaovaznehevomif/Build/Intermediates.noindex/GeneratedModuleMaps-iphonesimulator/FirebaseAppCheckInterop.modulemap\ -Xcc\ -fmodule-map-file\=/Users/borisserzhanovich/Library/Developer/Xcode/DerivedData/WorkoutTracker-gugjzwqwyjqwbtaovaznehevomif/Build/Intermediates.noindex/GeneratedModuleMaps-iphonesimulator/FirebaseAppCheck.modulemap\ -Xcc\ -fmodule-map-file\=/Users/borisserzhanovich/Library/Developer/Xcode/DerivedData/WorkoutTracker-gugjzwqwyjqwbtaovaznehevomif/Build/Intermediates.noindex/GeneratedModuleMaps-iphonesimulator/AppAuth.modulemap\ -Xcc\ -fmodule-map-file\=/Users/borisserzhanovich/Library/Developer/Xcode/DerivedData/WorkoutTracker-gugjzwqwyjqwbtaovaznehevomif/Build/Intermediates.noindex/GeneratedModuleMaps-iphonesimulator/AppAuthCore.modulemap\ -Xcc\ -fmodule-map-file\=/Users/borisserzhanovich/Library/Developer/Xcode/DerivedData/WorkoutTracker-gugjzwqwyjqwbtaovaznehevomif/Build/Intermediates.noindex/GeneratedModuleMaps-iphonesimulator/AppCheckCore.modulemap\ -Xcc\ -fmodule-map-file\=/Users/borisserzhanovich/Library/Developer/Xcode/DerivedData/WorkoutTracker-gugjzwqwyjqwbtaovaznehevomif/Build/Intermediates.noindex/GeneratedModuleMaps-iphonesimulator/GTMSessionFetcherCore.modulemap\ -Xcc\ -fmodule-map-file\=/Users/borisserzhanovich/Library/Developer/Xcode/DerivedData/WorkoutTracker-gugjzwqwyjqwbtaovaznehevomif/Build/Intermediates.noindex/GeneratedModuleMaps-iphonesimulator/GoogleSignIn.modulemap\ -Xcc\ -fmodule-map-file\=/Users/borisserzhanovich/Library/Developer/Xcode/DerivedData/WorkoutTracker-gugjzwqwyjqwbtaovaznehevomif/Build/Intermediates.noindex/GeneratedModuleMaps-iphonesimulator/GoogleAdsOnDeviceConversionTarget.modulemap\ -Xcc\ -fmodule-map-file\=/Users/borisserzhanovich/Library/Developer/Xcode/DerivedData/WorkoutTracker-gugjzwqwyjqwbtaovaznehevomif/Build/Intermediates.noindex/GeneratedModuleMaps-iphonesimulator/GoogleAppMeasurementTarget.modulemap\ -Xcc\ -fmodule-map-file\=/Users/borisserzhanovich/Library/Developer/Xcode/DerivedData/WorkoutTracker-gugjzwqwyjqwbtaovaznehevomif/Build/Intermediates.noindex/GeneratedModuleMaps-iphonesimulator/GoogleUtilities-AppDelegateSwizzler.modulemap\ -Xcc\ -fmodule-map-file\=/Users/borisserzhanovich/Library/Developer/Xcode/DerivedData/WorkoutTracker-gugjzwqwyjqwbtaovaznehevomif/Build/Intermediates.noindex/GeneratedModuleMaps-iphonesimulator/GoogleUtilities-Reachability.modulemap\ -Xcc\ -fmodule-map-file\=/Users/borisserzhanovich/Library/Developer/Xcode/DerivedData/WorkoutTracker-gugjzwqwyjqwbtaovaznehevomif/Build/Intermediates.noindex/GeneratedModuleMaps-iphonesimulator/GoogleUtilities-Network.modulemap\ -Xcc\ -fmodule-map-file\=/Users/borisserzhanovich/Library/Developer/Xcode/DerivedData/WorkoutTracker-gugjzwqwyjqwbtaovaznehevomif/Build/Intermediates.noindex/GeneratedModuleMaps-iphonesimulator/FirebaseAnalyticsWrapper.modulemap\ -Xcc\ -fmodule-map-file\=/Users/borisserzhanovich/Library/Developer/Xcode/DerivedData/WorkoutTracker-gugjzwqwyjqwbtaovaznehevomif/Build/Intermediates.noindex/GeneratedModuleMaps-iphonesimulator/FirebaseAnalyticsTarget.modulemap\ -Xcc\ -fmodule-map-file\=/Users/borisserzhanovich/Library/Developer/Xcode/DerivedData/WorkoutTracker-gugjzwqwyjqwbtaovaznehevomif/Build/Intermediates.noindex/GeneratedModuleMaps-iphonesimulator/FirebaseCrashlytics.modulemap\ -Xcc\ -fmodule-map-file\=/Users/borisserzhanovich/Library/Developer/Xcode/DerivedData/WorkoutTracker-gugjzwqwyjqwbtaovaznehevomif/Build/Intermediates.noindex/GeneratedModuleMaps-iphonesimulator/GoogleUtilities-NSData.modulemap\ -Xcc\ -fmodule-map-file\=/Users/borisserzhanovich/Library/Developer/Xcode/DerivedData/WorkoutTracker-gugjzwqwyjqwbtaovaznehevomif/Build/Intermediates.noindex/GeneratedModuleMaps-iphonesimulator/GoogleUtilities-UserDefaults.modulemap\ -Xcc\ -fmodule-map-file\=/Users/borisserzhanovich/Library/Developer/Xcode/DerivedData/WorkoutTracker-gugjzwqwyjqwbtaovaznehevomif/Build/Intermediates.noindex/GeneratedModuleMaps-iphonesimulator/nanopb.modulemap\ -Xcc\ -fmodule-map-file\=/Users/borisserzhanovich/Library/Developer/Xcode/DerivedData/WorkoutTracker-gugjzwqwyjqwbtaovaznehevomif/Build/Intermediates.noindex/GeneratedModuleMaps-iphonesimulator/GoogleDataTransport.modulemap\ -Xcc\ -fmodule-map-file\=/Users/borisserzhanovich/Library/Developer/Xcode/DerivedData/WorkoutTracker-gugjzwqwyjqwbtaovaznehevomif/Build/Intermediates.noindex/GeneratedModuleMaps-iphonesimulator/GoogleUtilities-Logger.modulemap\ -Xcc\ -fmodule-map-file\=/Users/borisserzhanovich/Library/Developer/Xcode/DerivedData/WorkoutTracker-gugjzwqwyjqwbtaovaznehevomif/Build/Intermediates.noindex/GeneratedModuleMaps-iphonesimulator/GoogleUtilities-Environment.modulemap\ -Xcc\ -fmodule-map-file\=/Users/borisserzhanovich/Library/Developer/Xcode/DerivedData/WorkoutTracker-gugjzwqwyjqwbtaovaznehevomif/Build/Intermediates.noindex/GeneratedModuleMaps-iphonesimulator/third-party-IsAppEncrypted.modulemap\ -Xcc\ -fmodule-map-file\=/Users/borisserzhanovich/Library/Developer/Xcode/DerivedData/WorkoutTracker-gugjzwqwyjqwbtaovaznehevomif/Build/Intermediates.noindex/GeneratedModuleMaps-iphonesimulator/GoogleUtilities-MethodSwizzler.modulemap\ -Xcc\ -fmodule-map-file\=/Users/borisserzhanovich/Library/Developer/Xcode/DerivedData/WorkoutTracker-gugjzwqwyjqwbtaovaznehevomif/Build/Intermediates.noindex/GeneratedModuleMaps-iphonesimulator/FirebasePerformance.modulemap\ -Xcc\ -fmodule-map-file\=/Users/borisserzhanovich/Library/Developer/Xcode/DerivedData/WorkoutTracker-gugjzwqwyjqwbtaovaznehevomif/Build/Intermediates.noindex/GeneratedModuleMaps-iphonesimulator/FirebaseSessionsObjC.modulemap\ -Xcc\ -fmodule-map-file\=/Users/borisserzhanovich/Library/Developer/Xcode/DerivedData/WorkoutTracker-gugjzwqwyjqwbtaovaznehevomif/Build/Intermediates.noindex/GeneratedModuleMaps-iphonesimulator/FirebaseCoreExtension.modulemap\ -Xcc\ -fmodule-map-file\=/Users/borisserzhanovich/Library/Developer/Xcode/DerivedData/WorkoutTracker-gugjzwqwyjqwbtaovaznehevomif/Build/Intermediates.noindex/GeneratedModuleMaps-iphonesimulator/FirebaseRemoteConfigInternal.modulemap\ -Xcc\ -fmodule-map-file\=/Users/borisserzhanovich/Library/Developer/Xcode/DerivedData/WorkoutTracker-gugjzwqwyjqwbtaovaznehevomif/Build/Intermediates.noindex/GeneratedModuleMaps-iphonesimulator/FirebaseABTesting.modulemap\ -Xcc\ -fmodule-map-file\=/Users/borisserzhanovich/Library/Developer/Xcode/DerivedData/WorkoutTracker-gugjzwqwyjqwbtaovaznehevomif/Build/Intermediates.noindex/GeneratedModuleMaps-iphonesimulator/FirebaseInstallations.modulemap\ -Xcc\ -fmodule-map-file\=/Users/borisserzhanovich/Library/Developer/Xcode/DerivedData/WorkoutTracker-gugjzwqwyjqwbtaovaznehevomif/Build/Intermediates.noindex/GeneratedModuleMaps-iphonesimulator/FirebaseCore.modulemap\ -Xcc\ -fmodule-map-file\=/Users/borisserzhanovich/Library/Developer/Xcode/DerivedData/WorkoutTracker-gugjzwqwyjqwbtaovaznehevomif/Build/Intermediates.noindex/GeneratedModuleMaps-iphonesimulator/FirebasePerformanceTarget.modulemap\ 
    export PACKAGE_TYPE\=com.apple.package-type.wrapper.application
    export PASCAL_STRINGS\=YES
    export PATH\=/Applications/Xcode.app/Contents/SharedFrameworks/SwiftBuild.framework/Versions/A/PlugIns/SWBBuildService.bundle/Contents/PlugIns/SWBUniversalPlatformPlugin.bundle/Contents/Frameworks/SWBUniversalPlatform.framework/Resources:/Applications/Xcode.app/Contents/Developer/Toolchains/XcodeDefault.xctoolchain/usr/bin:/Applications/Xcode.app/Contents/Developer/Toolchains/XcodeDefault.xctoolchain/usr/local/bin:/Applications/Xcode.app/Contents/Developer/Toolchains/XcodeDefault.xctoolchain/usr/libexec:/Applications/Xcode.app/Contents/Developer/Platforms/iPhoneSimulator.platform/usr/bin:/Applications/Xcode.app/Contents/Developer/Platforms/iPhoneSimulator.platform/usr/local/bin:/Applications/Xcode.app/Contents/Developer/Platforms/iPhoneSimulator.platform/Developer/usr/bin:/Applications/Xcode.app/Contents/Developer/Platforms/iPhoneSimulator.platform/Developer/usr/local/bin:/Applications/Xcode.app/Contents/Developer/usr/bin:/Applications/Xcode.app/Contents/Developer/usr/local/bin:/Users/borisserzhanovich/.gemini/antigravity-ide/bin:/Users/borisserzhanovich/.antigravity-ide/antigravity-ide/bin:/Users/borisserzhanovich/.grok/bin:/opt/homebrew/bin:/opt/homebrew/sbin:/usr/local/bin:/System/Cryptexes/App/usr/bin:/usr/bin:/bin:/usr/sbin:/sbin:/var/run/com.apple.security.cryptexd/codex.system/bootstrap/usr/local/bin:/var/run/com.apple.security.cryptexd/codex.system/bootstrap/usr/bin:/var/run/com.apple.security.cryptexd/codex.system/bootstrap/usr/appleinternal/bin:/pkg/env/global/bin:/Library/Apple/usr/bin:/Library/TeX/texbin
    export PATH_PREFIXES_EXCLUDED_FROM_HEADER_DEPENDENCIES\=/usr/include\ /usr/local/include\ /System/Library/Frameworks\ /System/Library/PrivateFrameworks\ /Applications/Xcode.app/Contents/Developer/Headers\ /Applications/Xcode.app/Contents/Developer/SDKs\ /Applications/Xcode.app/Contents/Developer/Platforms
    export PBDEVELOPMENTPLIST_PATH\=WorkoutTracker.app/pbdevelopment.plist
    export PER_ARCH_MODULE_FILE_DIR\=/Users/borisserzhanovich/Library/Developer/Xcode/DerivedData/WorkoutTracker-gugjzwqwyjqwbtaovaznehevomif/Build/Intermediates.noindex/WorkoutTracker.build/Debug-iphonesimulator/WorkoutTracker.build/Objects-normal/undefined_arch
    export PER_ARCH_OBJECT_FILE_DIR\=/Users/borisserzhanovich/Library/Developer/Xcode/DerivedData/WorkoutTracker-gugjzwqwyjqwbtaovaznehevomif/Build/Intermediates.noindex/WorkoutTracker.build/Debug-iphonesimulator/WorkoutTracker.build/Objects-normal/undefined_arch
    export PER_VARIANT_OBJECT_FILE_DIR\=/Users/borisserzhanovich/Library/Developer/Xcode/DerivedData/WorkoutTracker-gugjzwqwyjqwbtaovaznehevomif/Build/Intermediates.noindex/WorkoutTracker.build/Debug-iphonesimulator/WorkoutTracker.build/Objects-normal
    export PKGINFO_FILE_PATH\=/Users/borisserzhanovich/Library/Developer/Xcode/DerivedData/WorkoutTracker-gugjzwqwyjqwbtaovaznehevomif/Build/Intermediates.noindex/WorkoutTracker.build/Debug-iphonesimulator/WorkoutTracker.build/PkgInfo
    export PKGINFO_PATH\=WorkoutTracker.app/PkgInfo
    export PLATFORM_DEVELOPER_APPLICATIONS_DIR\=/Applications/Xcode.app/Contents/Developer/Platforms/iPhoneSimulator.platform/Developer/Applications
    export PLATFORM_DEVELOPER_BIN_DIR\=/Applications/Xcode.app/Contents/Developer/Platforms/iPhoneSimulator.platform/Developer/usr/bin
    export PLATFORM_DEVELOPER_LIBRARY_DIR\=/Applications/Xcode.app/Contents/Developer/Platforms/iPhoneSimulator.platform/Developer/Library
    export PLATFORM_DEVELOPER_SDK_DIR\=/Applications/Xcode.app/Contents/Developer/Platforms/iPhoneSimulator.platform/Developer/SDKs
    export PLATFORM_DEVELOPER_TOOLS_DIR\=/Applications/Xcode.app/Contents/Developer/Platforms/iPhoneSimulator.platform/Developer/Tools
    export PLATFORM_DEVELOPER_USR_DIR\=/Applications/Xcode.app/Contents/Developer/Platforms/iPhoneSimulator.platform/Developer/usr
    export PLATFORM_DIR\=/Applications/Xcode.app/Contents/Developer/Platforms/iPhoneSimulator.platform
    export PLATFORM_DISPLAY_NAME\=iOS\ Simulator
    export PLATFORM_FAMILY_NAME\=iOS
    export PLATFORM_NAME\=iphonesimulator
    export PLATFORM_PREFERRED_ARCH\=x86_64
    export PLATFORM_PRODUCT_BUILD_VERSION\=23C57
    export PLATFORM_REQUIRES_SWIFT_AUTOLINK_EXTRACT\=NO
    export PLATFORM_REQUIRES_SWIFT_MODULEWRAP\=NO
    export PLIST_FILE_OUTPUT_FORMAT\=binary
    export PLUGINS_FOLDER_PATH\=WorkoutTracker.app/PlugIns
    export PRECOMPS_INCLUDE_HEADERS_FROM_BUILT_PRODUCTS_DIR\=YES
    export PRECOMP_DESTINATION_DIR\=/Users/borisserzhanovich/Library/Developer/Xcode/DerivedData/WorkoutTracker-gugjzwqwyjqwbtaovaznehevomif/Build/Intermediates.noindex/WorkoutTracker.build/Debug-iphonesimulator/WorkoutTracker.build/PrefixHeaders
    export PRIVATE_HEADERS_FOLDER_PATH\=WorkoutTracker.app/PrivateHeaders
    export PROCESSED_INFOPLIST_PATH\=/Users/borisserzhanovich/Library/Developer/Xcode/DerivedData/WorkoutTracker-gugjzwqwyjqwbtaovaznehevomif/Build/Intermediates.noindex/WorkoutTracker.build/Debug-iphonesimulator/WorkoutTracker.build/Objects-normal/undefined_arch/Processed-Info.plist
    export PRODUCT_BUNDLE_IDENTIFIER\=com.borisdev.WorkoutTracker
    export PRODUCT_BUNDLE_PACKAGE_TYPE\=APPL
    export PRODUCT_MODULE_NAME\=WorkoutTracker
    export PRODUCT_NAME\=WorkoutTracker
    export PRODUCT_SETTINGS_PATH\=/Users/borisserzhanovich/projects/Workout/WorkoutTracker\ copy/WorkoutTracker/Info.plist
    export PRODUCT_TYPE\=com.apple.product-type.application
    export PROFILING_CODE\=NO
    export PROJECT\=WorkoutTracker
    export PROJECT_DERIVED_FILE_DIR\=/Users/borisserzhanovich/Library/Developer/Xcode/DerivedData/WorkoutTracker-gugjzwqwyjqwbtaovaznehevomif/Build/Intermediates.noindex/WorkoutTracker.build/DerivedSources
    export PROJECT_DIR\=/Users/borisserzhanovich/projects/Workout/WorkoutTracker\ copy
    export PROJECT_FILE_PATH\=/Users/borisserzhanovich/projects/Workout/WorkoutTracker\ copy/WorkoutTracker.xcodeproj
    export PROJECT_GUID\=d36e0c2491cbbecbfaeaed3ebc3d9b3e
    export PROJECT_NAME\=WorkoutTracker
    export PROJECT_TEMP_DIR\=/Users/borisserzhanovich/Library/Developer/Xcode/DerivedData/WorkoutTracker-gugjzwqwyjqwbtaovaznehevomif/Build/Intermediates.noindex/WorkoutTracker.build
    export PROJECT_TEMP_ROOT\=/Users/borisserzhanovich/Library/Developer/Xcode/DerivedData/WorkoutTracker-gugjzwqwyjqwbtaovaznehevomif/Build/Intermediates.noindex
    export PROVISIONING_PROFILE_REQUIRED\=NO
    export PROVISIONING_PROFILE_REQUIRED_YES_YES\=YES
    export PROVISIONING_PROFILE_SUPPORTED\=YES
    export PUBLIC_HEADERS_FOLDER_PATH\=WorkoutTracker.app/Headers
    export RECOMMENDED_IPHONEOS_DEPLOYMENT_TARGET\=15.0
    export RECURSIVE_SEARCH_PATHS_FOLLOW_SYMLINKS\=YES
    export REMOVE_CVS_FROM_RESOURCES\=YES
    export REMOVE_GIT_FROM_RESOURCES\=YES
    export REMOVE_HEADERS_FROM_EMBEDDED_BUNDLES\=YES
    export REMOVE_HG_FROM_RESOURCES\=YES
    export REMOVE_STATIC_EXECUTABLES_FROM_EMBEDDED_BUNDLES\=YES
    export REMOVE_SVN_FROM_RESOURCES\=YES
    export RESCHEDULE_INDEPENDENT_HEADERS_PHASES\=YES
    export REZ_COLLECTOR_DIR\=/Users/borisserzhanovich/Library/Developer/Xcode/DerivedData/WorkoutTracker-gugjzwqwyjqwbtaovaznehevomif/Build/Intermediates.noindex/WorkoutTracker.build/Debug-iphonesimulator/WorkoutTracker.build/ResourceManagerResources
    export REZ_OBJECTS_DIR\=/Users/borisserzhanovich/Library/Developer/Xcode/DerivedData/WorkoutTracker-gugjzwqwyjqwbtaovaznehevomif/Build/Intermediates.noindex/WorkoutTracker.build/Debug-iphonesimulator/WorkoutTracker.build/ResourceManagerResources/Objects
    export REZ_SEARCH_PATHS\=/Users/borisserzhanovich/Library/Developer/Xcode/DerivedData/WorkoutTracker-gugjzwqwyjqwbtaovaznehevomif/Build/Products/Debug-iphonesimulator\ 
    export RUNTIME_EXCEPTION_ALLOW_DYLD_ENVIRONMENT_VARIABLES\=NO
    export RUNTIME_EXCEPTION_ALLOW_JIT\=NO
    export RUNTIME_EXCEPTION_ALLOW_UNSIGNED_EXECUTABLE_MEMORY\=NO
    export RUNTIME_EXCEPTION_DEBUGGING_TOOL\=NO
    export RUNTIME_EXCEPTION_DISABLE_EXECUTABLE_PAGE_PROTECTION\=NO
    export RUNTIME_EXCEPTION_DISABLE_LIBRARY_VALIDATION\=NO
    export SCAN_ALL_SOURCE_FILES_FOR_INCLUDES\=NO
    export SCRIPTS_FOLDER_PATH\=WorkoutTracker.app/Scripts
    export SCRIPT_INPUT_FILE_COUNT\=0
    export SCRIPT_INPUT_FILE_LIST_COUNT\=0
    export SCRIPT_OUTPUT_FILE_COUNT\=0
    export SCRIPT_OUTPUT_FILE_LIST_COUNT\=0
    export SDKROOT\=/Applications/Xcode.app/Contents/Developer/Platforms/iPhoneSimulator.platform/Developer/SDKs/iPhoneSimulator26.2.sdk
    export SDK_DIR\=/Applications/Xcode.app/Contents/Developer/Platforms/iPhoneSimulator.platform/Developer/SDKs/iPhoneSimulator26.2.sdk
    export SDK_DIR_iphonesimulator\=/Applications/Xcode.app/Contents/Developer/Platforms/iPhoneSimulator.platform/Developer/SDKs/iPhoneSimulator26.2.sdk
    export SDK_DIR_iphonesimulator26_2\=/Applications/Xcode.app/Contents/Developer/Platforms/iPhoneSimulator.platform/Developer/SDKs/iPhoneSimulator26.2.sdk
    export SDK_NAME\=iphonesimulator26.2
    export SDK_NAMES\=iphonesimulator26.2
    export SDK_PRODUCT_BUILD_VERSION\=23C57
    export SDK_STAT_CACHE_DIR\=/Users/borisserzhanovich/Library/Developer/Xcode/DerivedData
    export SDK_STAT_CACHE_ENABLE\=YES
    export SDK_STAT_CACHE_PATH\=/Users/borisserzhanovich/Library/Developer/Xcode/DerivedData/SDKStatCaches.noindex/iphonesimulator26.2-23C57-7d00a8b37fbd7999ea79df8ebc024bf0.sdkstatcache
    export SDK_VERSION\=26.2
    export SDK_VERSION_ACTUAL\=260200
    export SDK_VERSION_MAJOR\=260000
    export SDK_VERSION_MINOR\=260200
    export SED\=/usr/bin/sed
    export SEPARATE_STRIP\=NO
    export SEPARATE_SYMBOL_EDIT\=NO
    export SET_DIR_MODE_OWNER_GROUP\=YES
    export SET_FILE_MODE_OWNER_GROUP\=NO
    export SHALLOW_BUNDLE\=YES
    export SHALLOW_BUNDLE_TRIPLE\=ios-simulator
    export SHALLOW_BUNDLE_ios_macabi\=NO
    export SHALLOW_BUNDLE_macos\=NO
    export SHARED_DERIVED_FILE_DIR\=/Users/borisserzhanovich/Library/Developer/Xcode/DerivedData/WorkoutTracker-gugjzwqwyjqwbtaovaznehevomif/Build/Products/Debug-iphonesimulator/DerivedSources
    export SHARED_FRAMEWORKS_FOLDER_PATH\=WorkoutTracker.app/SharedFrameworks
    export SHARED_PRECOMPS_DIR\=/Users/borisserzhanovich/Library/Developer/Xcode/DerivedData/WorkoutTracker-gugjzwqwyjqwbtaovaznehevomif/Build/Intermediates.noindex/PrecompiledHeaders
    export SHARED_SUPPORT_FOLDER_PATH\=WorkoutTracker.app/SharedSupport
    export SKIP_INSTALL\=NO
    export SOURCE_ROOT\=/Users/borisserzhanovich/projects/Workout/WorkoutTracker\ copy
    export SRCROOT\=/Users/borisserzhanovich/projects/Workout/WorkoutTracker\ copy
    export STRINGSDATA_DIR\=/Users/borisserzhanovich/Library/Developer/Xcode/DerivedData/WorkoutTracker-gugjzwqwyjqwbtaovaznehevomif/Build/Intermediates.noindex/WorkoutTracker.build/Debug-iphonesimulator/WorkoutTracker.build/Objects-normal/undefined_arch
    export STRINGSDATA_ROOT\=/Users/borisserzhanovich/Library/Developer/Xcode/DerivedData/WorkoutTracker-gugjzwqwyjqwbtaovaznehevomif/Build/Intermediates.noindex/WorkoutTracker.build/Debug-iphonesimulator/WorkoutTracker.build
    export STRINGS_FILE_INFOPLIST_RENAME\=YES
    export STRINGS_FILE_OUTPUT_ENCODING\=binary
    export STRING_CATALOG_GENERATE_SYMBOLS\=YES
    export STRIP_BITCODE_FROM_COPIED_FILES\=NO
    export STRIP_INSTALLED_PRODUCT\=NO
    export STRIP_STYLE\=all
    export STRIP_SWIFT_SYMBOLS\=YES
    export SUPPORTED_DEVICE_FAMILIES\=1,2
    export SUPPORTED_PLATFORMS\=iphoneos\ iphonesimulator
    export SUPPORTS_MACCATALYST\=NO
    export SUPPORTS_ON_DEMAND_RESOURCES\=YES
    export SUPPORTS_TEXT_BASED_API\=NO
    export SUPPRESS_WARNINGS\=NO
    export SWIFT_ACTIVE_COMPILATION_CONDITIONS\=DEBUG\ 
    export SWIFT_APPROACHABLE_CONCURRENCY\=YES
    export SWIFT_DEFAULT_ACTOR_ISOLATION\=MainActor
    export SWIFT_EMIT_CONST_VALUE_PROTOCOLS\=AppIntent\ EntityQuery\ AppEntity\ TransientEntity\ AppEnum\ AppShortcutProviding\ AppShortcutsProvider\ AnyResolverProviding\ AppIntentsPackage\ DynamicOptionsProvider\ _IntentValueRepresentable\ _AssistantIntentsProvider\ _GenerativeFunctionExtractable\ IntentValueQuery\ Resolver\ AppExtension\ ExtensionPointDefining
    export SWIFT_EMIT_LOC_STRINGS\=YES
    export SWIFT_ENABLE_EXPLICIT_MODULES\=YES
    export SWIFT_OPTIMIZATION_LEVEL\=-Onone
    export SWIFT_PLATFORM_TARGET_PREFIX\=ios
    export SWIFT_RESPONSE_FILE_PATH_normal_arm64\=/Users/borisserzhanovich/Library/Developer/Xcode/DerivedData/WorkoutTracker-gugjzwqwyjqwbtaovaznehevomif/Build/Intermediates.noindex/WorkoutTracker.build/Debug-iphonesimulator/WorkoutTracker.build/Objects-normal/arm64/WorkoutTracker.SwiftFileList
    export SWIFT_UPCOMING_FEATURE_MEMBER_IMPORT_VISIBILITY\=YES
    export SWIFT_VERSION\=5.0
    export SYMROOT\=/Users/borisserzhanovich/Library/Developer/Xcode/DerivedData/WorkoutTracker-gugjzwqwyjqwbtaovaznehevomif/Build/Products
    export SYSTEM_ADMIN_APPS_DIR\=/Applications/Utilities
    export SYSTEM_APPS_DIR\=/Applications
    export SYSTEM_CORE_SERVICES_DIR\=/System/Library/CoreServices
    export SYSTEM_DEMOS_DIR\=/Applications/Extras
    export SYSTEM_DEVELOPER_APPS_DIR\=/Applications/Xcode.app/Contents/Developer/Applications
    export SYSTEM_DEVELOPER_BIN_DIR\=/Applications/Xcode.app/Contents/Developer/usr/bin
    export SYSTEM_DEVELOPER_DEMOS_DIR\=/Applications/Xcode.app/Contents/Developer/Applications/Utilities/Built\ Examples
    export SYSTEM_DEVELOPER_DIR\=/Applications/Xcode.app/Contents/Developer
    export SYSTEM_DEVELOPER_DOC_DIR\=/Applications/Xcode.app/Contents/Developer/ADC\ Reference\ Library
    export SYSTEM_DEVELOPER_GRAPHICS_TOOLS_DIR\=/Applications/Xcode.app/Contents/Developer/Applications/Graphics\ Tools
    export SYSTEM_DEVELOPER_JAVA_TOOLS_DIR\=/Applications/Xcode.app/Contents/Developer/Applications/Java\ Tools
    export SYSTEM_DEVELOPER_PERFORMANCE_TOOLS_DIR\=/Applications/Xcode.app/Contents/Developer/Applications/Performance\ Tools
    export SYSTEM_DEVELOPER_RELEASENOTES_DIR\=/Applications/Xcode.app/Contents/Developer/ADC\ Reference\ Library/releasenotes
    export SYSTEM_DEVELOPER_TOOLS\=/Applications/Xcode.app/Contents/Developer/Tools
    export SYSTEM_DEVELOPER_TOOLS_DOC_DIR\=/Applications/Xcode.app/Contents/Developer/ADC\ Reference\ Library/documentation/DeveloperTools
    export SYSTEM_DEVELOPER_TOOLS_RELEASENOTES_DIR\=/Applications/Xcode.app/Contents/Developer/ADC\ Reference\ Library/releasenotes/DeveloperTools
    export SYSTEM_DEVELOPER_USR_DIR\=/Applications/Xcode.app/Contents/Developer/usr
    export SYSTEM_DEVELOPER_UTILITIES_DIR\=/Applications/Xcode.app/Contents/Developer/Applications/Utilities
    export SYSTEM_DEXT_INSTALL_PATH\=/System/Library/DriverExtensions
    export SYSTEM_DOCUMENTATION_DIR\=/Library/Documentation
    export SYSTEM_EXTENSIONS_FOLDER_PATH\=WorkoutTracker.app/SystemExtensions
    export SYSTEM_EXTENSIONS_FOLDER_PATH_SHALLOW_BUNDLE_NO\=WorkoutTracker.app/Library/SystemExtensions
    export SYSTEM_EXTENSIONS_FOLDER_PATH_SHALLOW_BUNDLE_YES\=WorkoutTracker.app/SystemExtensions
    export SYSTEM_KEXT_INSTALL_PATH\=/System/Library/Extensions
    export SYSTEM_LIBRARY_DIR\=/System/Library
    export TAPI_DEMANGLE\=YES
    export TAPI_ENABLE_PROJECT_HEADERS\=NO
    export TAPI_LANGUAGE\=objective-c
    export TAPI_LANGUAGE_STANDARD\=compiler-default
    export TAPI_USE_SRCROOT\=YES
    export TAPI_VERIFY_MODE\=Pedantic
    export TARGETED_DEVICE_FAMILY\=1,2
    export TARGETNAME\=WorkoutTracker
    export TARGET_BUILD_DIR\=/Users/borisserzhanovich/Library/Developer/Xcode/DerivedData/WorkoutTracker-gugjzwqwyjqwbtaovaznehevomif/Build/Products/Debug-iphonesimulator
    export TARGET_DEVICE_IDENTIFIER\=A57B1CB0-6C16-4A70-905C-2B457D7125F7
    export TARGET_DEVICE_MODEL\=iPhone18,1
    export TARGET_DEVICE_OS_VERSION\=26.3.1
    export TARGET_DEVICE_PLATFORM_NAME\=iphonesimulator
    export TARGET_NAME\=WorkoutTracker
    export TARGET_TEMP_DIR\=/Users/borisserzhanovich/Library/Developer/Xcode/DerivedData/WorkoutTracker-gugjzwqwyjqwbtaovaznehevomif/Build/Intermediates.noindex/WorkoutTracker.build/Debug-iphonesimulator/WorkoutTracker.build
    export TEMP_DIR\=/Users/borisserzhanovich/Library/Developer/Xcode/DerivedData/WorkoutTracker-gugjzwqwyjqwbtaovaznehevomif/Build/Intermediates.noindex/WorkoutTracker.build/Debug-iphonesimulator/WorkoutTracker.build
    export TEMP_FILES_DIR\=/Users/borisserzhanovich/Library/Developer/Xcode/DerivedData/WorkoutTracker-gugjzwqwyjqwbtaovaznehevomif/Build/Intermediates.noindex/WorkoutTracker.build/Debug-iphonesimulator/WorkoutTracker.build
    export TEMP_FILE_DIR\=/Users/borisserzhanovich/Library/Developer/Xcode/DerivedData/WorkoutTracker-gugjzwqwyjqwbtaovaznehevomif/Build/Intermediates.noindex/WorkoutTracker.build/Debug-iphonesimulator/WorkoutTracker.build
    export TEMP_ROOT\=/Users/borisserzhanovich/Library/Developer/Xcode/DerivedData/WorkoutTracker-gugjzwqwyjqwbtaovaznehevomif/Build/Intermediates.noindex
    export TEMP_SANDBOX_DIR\=/Users/borisserzhanovich/Library/Developer/Xcode/DerivedData/WorkoutTracker-gugjzwqwyjqwbtaovaznehevomif/Build/Intermediates.noindex/TemporaryTaskSandboxes
    export TEST_FRAMEWORK_SEARCH_PATHS\=\ /Applications/Xcode.app/Contents/Developer/Platforms/iPhoneSimulator.platform/Developer/Library/Frameworks\ /Applications/Xcode.app/Contents/Developer/Platforms/iPhoneSimulator.platform/Developer/SDKs/iPhoneSimulator26.2.sdk/Developer/Library/Frameworks
    export TEST_LIBRARY_SEARCH_PATHS\=\ /Applications/Xcode.app/Contents/Developer/Platforms/iPhoneSimulator.platform/Developer/usr/lib
    export TOOLCHAINS\=com.apple.dt.toolchain.XcodeDefault
    export TOOLCHAIN_DIR\=/Applications/Xcode.app/Contents/Developer/Toolchains/XcodeDefault.xctoolchain
    export TREAT_MISSING_BASELINES_AS_TEST_FAILURES\=NO
    export TREAT_MISSING_SCRIPT_PHASE_OUTPUTS_AS_ERRORS\=NO
    export TeamIdentifierPrefix\=LSCCP92LMG.
    export UID\=501
    export UNINSTALLED_PRODUCTS_DIR\=/Users/borisserzhanovich/Library/Developer/Xcode/DerivedData/WorkoutTracker-gugjzwqwyjqwbtaovaznehevomif/Build/Intermediates.noindex/UninstalledProducts
    export UNLOCALIZED_RESOURCES_FOLDER_PATH\=WorkoutTracker.app
    export UNLOCALIZED_RESOURCES_FOLDER_PATH_SHALLOW_BUNDLE_NO\=WorkoutTracker.app/Resources
    export UNLOCALIZED_RESOURCES_FOLDER_PATH_SHALLOW_BUNDLE_YES\=WorkoutTracker.app
    export UNSTRIPPED_PRODUCT\=NO
    export USER\=borisserzhanovich
    export USER_APPS_DIR\=/Users/borisserzhanovich/Applications
    export USER_LIBRARY_DIR\=/Users/borisserzhanovich/Library
    export USE_DYNAMIC_NO_PIC\=YES
    export USE_HEADERMAP\=YES
    export USE_HEADER_SYMLINKS\=NO
    export VALIDATE_DEVELOPMENT_ASSET_PATHS\=YES_ERROR
    export VALIDATE_PRODUCT\=NO
    export VALID_ARCHS\=arm64\ x86_64
    export VERBOSE_PBXCP\=NO
    export VERSIONPLIST_PATH\=WorkoutTracker.app/version.plist
    export VERSION_INFO_BUILDER\=borisserzhanovich
    export VERSION_INFO_FILE\=WorkoutTracker_vers.c
    export VERSION_INFO_STRING\=\"@\(\#\)PROGRAM:WorkoutTracker\ \ PROJECT:WorkoutTracker-5\"
    export WORKSPACE_DIR\=/Users/borisserzhanovich/projects/Workout/WorkoutTracker\ copy/WorkoutTracker.xcodeproj
    export WRAPPER_EXTENSION\=app
    export WRAPPER_NAME\=WorkoutTracker.app
    export WRAPPER_SUFFIX\=.app
    export WRAP_ASSET_PACKS_IN_SEPARATE_DIRECTORIES\=NO
    export XCODE_APP_SUPPORT_DIR\=/Applications/Xcode.app/Contents/Developer/Library/Xcode
    export XCODE_PRODUCT_BUILD_VERSION\=17C529
    export XCODE_VERSION_ACTUAL\=2630
    export XCODE_VERSION_MAJOR\=2600
    export XCODE_VERSION_MINOR\=2630
    export XPCSERVICES_FOLDER_PATH\=WorkoutTracker.app/XPCServices
    export YACC\=yacc
    export _DISCOVER_COMMAND_LINE_LINKER_INPUTS\=YES
    export _DISCOVER_COMMAND_LINE_LINKER_INPUTS_INCLUDE_WL\=YES
    export _LD_MULTIARCH\=YES
    export _WRAPPER_CONTENTS_DIR_SHALLOW_BUNDLE_NO\=/Contents
    export _WRAPPER_PARENT_PATH_SHALLOW_BUNDLE_NO\=/..
    export _WRAPPER_RESOURCES_DIR_SHALLOW_BUNDLE_NO\=/Resources
    export __DIAGNOSE_DEPRECATED_ARCHS\=YES
    export __IS_NOT_MACOS\=YES
    export __IS_NOT_MACOS_macosx\=NO
    export __IS_NOT_SIMULATOR\=NO
    export __IS_NOT_SIMULATOR_simulator\=NO
    export arch\=undefined_arch
    export variant\=normal
    /bin/sh -c /Users/borisserzhanovich/Library/Developer/Xcode/DerivedData/WorkoutTracker-gugjzwqwyjqwbtaovaznehevomif/Build/Intermediates.noindex/WorkoutTracker.build/Debug-iphonesimulator/WorkoutTracker.build/Script-2C8C5B7DF210F68765FED759.sh
Running upload-symbols in Build Phase mode
Validating build environment for Crashlytics...
warning: DEBUG_INFORMATION_FORMAT should be set to dwarf-with-dsym for all configurations. This could also be a timing issue, make sure the Firebase run script build phase is the last build phase and no other scripts have moved the dSYM from the location Xcode generated it. Unable to process WorkoutTracker.app.dSYM at path /Users/borisserzhanovich/Library/Developer/Xcode/DerivedData/WorkoutTracker-gugjzwqwyjqwbtaovaznehevomif/Build/Products/Debug-iphonesimulator/WorkoutTracker.app.dSYM
Make sure your project build settings are generating a dSYM file.


Validation succeeded. Symbol uploading will proceed in the background.

CopySwiftLibs /Users/borisserzhanovich/Library/Developer/Xcode/DerivedData/WorkoutTracker-gugjzwqwyjqwbtaovaznehevomif/Build/Products/Debug-iphonesimulator/WorkoutTracker.app (in target 'WorkoutTracker' from project 'WorkoutTracker')
    cd /Users/borisserzhanovich/projects/Workout/WorkoutTracker\ copy
    builtin-swiftStdLibTool --copy --verbose --sign - --scan-executable /Users/borisserzhanovich/Library/Developer/Xcode/DerivedData/WorkoutTracker-gugjzwqwyjqwbtaovaznehevomif/Build/Products/Debug-iphonesimulator/WorkoutTracker.app/WorkoutTracker.debug.dylib --scan-folder /Users/borisserzhanovich/Library/Developer/Xcode/DerivedData/WorkoutTracker-gugjzwqwyjqwbtaovaznehevomif/Build/Products/Debug-iphonesimulator/WorkoutTracker.app/Frameworks --scan-folder /Users/borisserzhanovich/Library/Developer/Xcode/DerivedData/WorkoutTracker-gugjzwqwyjqwbtaovaznehevomif/Build/Products/Debug-iphonesimulator/WorkoutTracker.app/PlugIns --scan-folder /Users/borisserzhanovich/Library/Developer/Xcode/DerivedData/WorkoutTracker-gugjzwqwyjqwbtaovaznehevomif/Build/Products/Debug-iphonesimulator/WorkoutTracker.app/SystemExtensions --scan-folder /Users/borisserzhanovich/Library/Developer/Xcode/DerivedData/WorkoutTracker-gugjzwqwyjqwbtaovaznehevomif/Build/Products/Debug-iphonesimulator/WorkoutTracker.app/Extensions --platform iphonesimulator --toolchain /Applications/Xcode.app/Contents/Developer/Toolchains/XcodeDefault.xctoolchain --destination /Users/borisserzhanovich/Library/Developer/Xcode/DerivedData/WorkoutTracker-gugjzwqwyjqwbtaovaznehevomif/Build/Products/Debug-iphonesimulator/WorkoutTracker.app/Frameworks --strip-bitcode --strip-bitcode-tool /Applications/Xcode.app/Contents/Developer/Toolchains/XcodeDefault.xctoolchain/usr/bin/bitcode_strip --emit-dependency-info /Users/borisserzhanovich/Library/Developer/Xcode/DerivedData/WorkoutTracker-gugjzwqwyjqwbtaovaznehevomif/Build/Intermediates.noindex/WorkoutTracker.build/Debug-iphonesimulator/WorkoutTracker.build/SwiftStdLibToolInputDependencies.dep --filter-for-swift-os

ExtractAppIntentsMetadata (in target 'WorkoutTracker' from project 'WorkoutTracker')
    cd /Users/borisserzhanovich/projects/Workout/WorkoutTracker\ copy
    /Applications/Xcode.app/Contents/Developer/Toolchains/XcodeDefault.xctoolchain/usr/bin/appintentsmetadataprocessor --toolchain-dir /Applications/Xcode.app/Contents/Developer/Toolchains/XcodeDefault.xctoolchain --module-name WorkoutTracker --sdk-root /Applications/Xcode.app/Contents/Developer/Platforms/iPhoneSimulator.platform/Developer/SDKs/iPhoneSimulator26.2.sdk --xcode-version 17C529 --platform-family iOS --deployment-target 17.6 --bundle-identifier com.borisdev.WorkoutTracker --output /Users/borisserzhanovich/Library/Developer/Xcode/DerivedData/WorkoutTracker-gugjzwqwyjqwbtaovaznehevomif/Build/Products/Debug-iphonesimulator/WorkoutTracker.app --target-triple arm64-apple-ios17.6-simulator --binary-file /Users/borisserzhanovich/Library/Developer/Xcode/DerivedData/WorkoutTracker-gugjzwqwyjqwbtaovaznehevomif/Build/Products/Debug-iphonesimulator/WorkoutTracker.app/WorkoutTracker --dependency-file /Users/borisserzhanovich/Library/Developer/Xcode/DerivedData/WorkoutTracker-gugjzwqwyjqwbtaovaznehevomif/Build/Intermediates.noindex/WorkoutTracker.build/Debug-iphonesimulator/WorkoutTracker.build/Objects-normal/arm64/WorkoutTracker_dependency_info.dat --stringsdata-file /Users/borisserzhanovich/Library/Developer/Xcode/DerivedData/WorkoutTracker-gugjzwqwyjqwbtaovaznehevomif/Build/Intermediates.noindex/WorkoutTracker.build/Debug-iphonesimulator/WorkoutTracker.build/Objects-normal/arm64/ExtractedAppShortcutsMetadata.stringsdata --source-file-list /Users/borisserzhanovich/Library/Developer/Xcode/DerivedData/WorkoutTracker-gugjzwqwyjqwbtaovaznehevomif/Build/Intermediates.noindex/WorkoutTracker.build/Debug-iphonesimulator/WorkoutTracker.build/Objects-normal/arm64/WorkoutTracker.SwiftFileList --metadata-file-list /Users/borisserzhanovich/Library/Developer/Xcode/DerivedData/WorkoutTracker-gugjzwqwyjqwbtaovaznehevomif/Build/Intermediates.noindex/WorkoutTracker.build/Debug-iphonesimulator/WorkoutTracker.build/WorkoutTracker.DependencyMetadataFileList --static-metadata-file-list /Users/borisserzhanovich/Library/Developer/Xcode/DerivedData/WorkoutTracker-gugjzwqwyjqwbtaovaznehevomif/Build/Intermediates.noindex/WorkoutTracker.build/Debug-iphonesimulator/WorkoutTracker.build/WorkoutTracker.DependencyStaticMetadataFileList --swift-const-vals-list /Users/borisserzhanovich/Library/Developer/Xcode/DerivedData/WorkoutTracker-gugjzwqwyjqwbtaovaznehevomif/Build/Intermediates.noindex/WorkoutTracker.build/Debug-iphonesimulator/WorkoutTracker.build/Objects-normal/arm64/WorkoutTracker.SwiftConstValuesFileList --compile-time-extraction --deployment-aware-processing --validate-assistant-intents --no-app-shortcuts-localization
2026-06-13 22:32:22.693 appintentsmetadataprocessor[58441:10977135] Starting appintentsmetadataprocessor export
2026-06-13 22:32:22.796 appintentsmetadataprocessor[58441:10977135] Writing Metadata.appintents
2026-06-13 22:32:22.796 appintentsmetadataprocessor[58441:10977135] Metadata root: /Users/borisserzhanovich/Library/Developer/Xcode/DerivedData/WorkoutTracker-gugjzwqwyjqwbtaovaznehevomif/Build/Products/Debug-iphonesimulator/WorkoutTracker.app/Metadata.appintents

CodeSign /Users/borisserzhanovich/Library/Developer/Xcode/DerivedData/WorkoutTracker-gugjzwqwyjqwbtaovaznehevomif/Build/Products/Debug-iphonesimulator/WorkoutTracker.app/WorkoutTracker.debug.dylib (in target 'WorkoutTracker' from project 'WorkoutTracker')
    cd /Users/borisserzhanovich/projects/Workout/WorkoutTracker\ copy
    
    Signing Identity:     "Sign to Run Locally"
    
    /usr/bin/codesign --force --sign - --timestamp\=none --generate-entitlement-der /Users/borisserzhanovich/Library/Developer/Xcode/DerivedData/WorkoutTracker-gugjzwqwyjqwbtaovaznehevomif/Build/Products/Debug-iphonesimulator/WorkoutTracker.app/WorkoutTracker.debug.dylib

CodeSign /Users/borisserzhanovich/Library/Developer/Xcode/DerivedData/WorkoutTracker-gugjzwqwyjqwbtaovaznehevomif/Build/Products/Debug-iphonesimulator/WorkoutTracker.app/__preview.dylib (in target 'WorkoutTracker' from project 'WorkoutTracker')
    cd /Users/borisserzhanovich/projects/Workout/WorkoutTracker\ copy
    
    Signing Identity:     "Sign to Run Locally"
    
    /usr/bin/codesign --force --sign - --timestamp\=none --generate-entitlement-der /Users/borisserzhanovich/Library/Developer/Xcode/DerivedData/WorkoutTracker-gugjzwqwyjqwbtaovaznehevomif/Build/Products/Debug-iphonesimulator/WorkoutTracker.app/__preview.dylib
/Users/borisserzhanovich/Library/Developer/Xcode/DerivedData/WorkoutTracker-gugjzwqwyjqwbtaovaznehevomif/Build/Products/Debug-iphonesimulator/WorkoutTracker.app/__preview.dylib: replacing existing signature

CodeSign /Users/borisserzhanovich/Library/Developer/Xcode/DerivedData/WorkoutTracker-gugjzwqwyjqwbtaovaznehevomif/Build/Products/Debug-iphonesimulator/WorkoutTracker.app (in target 'WorkoutTracker' from project 'WorkoutTracker')
    cd /Users/borisserzhanovich/projects/Workout/WorkoutTracker\ copy
    
    Signing Identity:     "Sign to Run Locally"
    
    /usr/bin/codesign --force --sign - --entitlements /Users/borisserzhanovich/Library/Developer/Xcode/DerivedData/WorkoutTracker-gugjzwqwyjqwbtaovaznehevomif/Build/Intermediates.noindex/WorkoutTracker.build/Debug-iphonesimulator/WorkoutTracker.build/WorkoutTracker.app.xcent --timestamp\=none --generate-entitlement-der /Users/borisserzhanovich/Library/Developer/Xcode/DerivedData/WorkoutTracker-gugjzwqwyjqwbtaovaznehevomif/Build/Products/Debug-iphonesimulator/WorkoutTracker.app

Validate /Users/borisserzhanovich/Library/Developer/Xcode/DerivedData/WorkoutTracker-gugjzwqwyjqwbtaovaznehevomif/Build/Products/Debug-iphonesimulator/WorkoutTracker.app (in target 'WorkoutTracker' from project 'WorkoutTracker')
    cd /Users/borisserzhanovich/projects/Workout/WorkoutTracker\ copy
    builtin-validationUtility /Users/borisserzhanovich/Library/Developer/Xcode/DerivedData/WorkoutTracker-gugjzwqwyjqwbtaovaznehevomif/Build/Products/Debug-iphonesimulator/WorkoutTracker.app -shallow-bundle -infoplist-subpath Info.plist

warning: Run script build phase 'Firebase Crashlytics' will be run during every build because it does not specify any outputs. To address this issue, either add output dependencies to the script phase, or configure it to run in every build by unchecking "Based on dependency analysis" in the script phase. (in target 'WorkoutTracker' from project 'WorkoutTracker')
** BUILD SUCCEEDED **

