Command line invocation:
    /Applications/Xcode.app/Contents/Developer/usr/bin/xcodebuild -scheme WorkoutTracker -destination "generic/platform=iOS Simulator" build

Resolve Package Graph


Resolved source packages:
  Firebase: https://github.com/firebase/firebase-ios-sdk.git @ 12.12.1
  abseil: https://github.com/google/abseil-cpp-binary.git @ 1.2024072200.0
  InteropForGoogle: https://github.com/google/interop-ios-for-google-sdks.git @ 101.0.0
  GTMSessionFetcher: https://github.com/google/gtm-session-fetcher.git @ 3.5.0
  GoogleDataTransport: https://github.com/google/GoogleDataTransport.git @ 10.1.0
  leveldb: https://github.com/firebase/leveldb.git @ 1.22.5
  GoogleAppMeasurement: https://github.com/google/GoogleAppMeasurement.git @ 12.12.1
  Promises: https://github.com/google/promises.git @ 2.4.0
  GoogleUtilities: https://github.com/google/GoogleUtilities.git @ 8.1.0
  AppAuth: https://github.com/openid/AppAuth-iOS.git @ 2.0.0
  nanopb: https://github.com/firebase/nanopb.git @ 2.30910.0
  gRPC: https://github.com/google/grpc-binary.git @ 1.69.1
  GoogleAdsOnDeviceConversion: https://github.com/googleads/google-ads-on-device-conversion-ios-sdk @ 3.5.0
  GTMAppAuth: https://github.com/google/GTMAppAuth.git @ 5.0.0
  GoogleSignIn: https://github.com/google/GoogleSignIn-iOS @ 9.1.0
  AppCheck: https://github.com/google/app-check.git @ 11.2.0

ComputePackagePrebuildTargetDependencyGraph

Prepare packages

CreateBuildRequest

SendProjectDescription

CreateBuildOperation

ComputeTargetDependencyGraph
note: Building targets in dependency order
note: Target dependency graph (124 targets)
    Target 'WorkoutTracker' in project 'WorkoutTracker'
        ➜ Explicit dependency on target 'WorkoutTimerWidgetExtension' in project 'WorkoutTracker'
        ➜ Explicit dependency on target 'StatsWidgetExtension' in project 'WorkoutTracker'
        ➜ Explicit dependency on target 'WorkoutTrackerWatch Watch App' in project 'WorkoutTracker'
        ➜ Explicit dependency on target 'FirebaseFirestore' in project 'Firebase'
        ➜ Explicit dependency on target 'FirebaseAuth' in project 'Firebase'
        ➜ Explicit dependency on target 'FirebaseStorage' in project 'Firebase'
        ➜ Explicit dependency on target 'FirebaseFunctions' in project 'Firebase'
        ➜ Explicit dependency on target 'FirebaseAppCheck' in project 'Firebase'
        ➜ Explicit dependency on target 'FirebaseRemoteConfig' in project 'Firebase'
        ➜ Explicit dependency on target 'GoogleSignIn' in project 'GoogleSignIn'
        ➜ Explicit dependency on target 'FirebaseAnalytics' in project 'Firebase'
        ➜ Explicit dependency on target 'FirebaseCrashlytics' in project 'Firebase'
        ➜ Explicit dependency on target 'FirebasePerformance' in project 'Firebase'
    Target 'FirebasePerformance' in project 'Firebase'
        ➜ Explicit dependency on target 'FirebasePerformanceTarget' in project 'Firebase'
        ➜ Explicit dependency on target 'Firebase' in project 'Firebase'
        ➜ Explicit dependency on target 'FirebaseCoreInternal' in project 'Firebase'
        ➜ Explicit dependency on target 'FirebaseCore' in project 'Firebase'
        ➜ Explicit dependency on target 'FirebaseInstallations' in project 'Firebase'
        ➜ Explicit dependency on target 'FirebaseABTesting' in project 'Firebase'
        ➜ Explicit dependency on target 'FirebaseRemoteConfigInterop' in project 'Firebase'
        ➜ Explicit dependency on target 'FirebaseRemoteConfigInternal' in project 'Firebase'
        ➜ Explicit dependency on target 'FirebaseCoreExtension' in project 'Firebase'
        ➜ Explicit dependency on target 'FirebaseSessionsObjC' in project 'Firebase'
        ➜ Explicit dependency on target 'FirebaseSessions' in project 'Firebase'
        ➜ Explicit dependency on target 'FirebasePerformance' in project 'Firebase'
        ➜ Explicit dependency on target 'GULNSData' in project 'GoogleUtilities'
        ➜ Explicit dependency on target 'GULEnvironment' in project 'GoogleUtilities'
        ➜ Explicit dependency on target 'GULLogger' in project 'GoogleUtilities'
        ➜ Explicit dependency on target 'FBLPromises' in project 'Promises'
        ➜ Explicit dependency on target 'GULUserDefaults' in project 'GoogleUtilities'
        ➜ Explicit dependency on target 'nanopb' in project 'nanopb'
        ➜ Explicit dependency on target 'Promises' in project 'Promises'
        ➜ Explicit dependency on target 'GoogleDataTransport' in project 'GoogleDataTransport'
        ➜ Explicit dependency on target 'GULMethodSwizzler' in project 'GoogleUtilities'
    Target 'FirebasePerformanceTarget' in project 'Firebase'
        ➜ Explicit dependency on target 'Firebase' in project 'Firebase'
        ➜ Explicit dependency on target 'FirebaseCoreInternal' in project 'Firebase'
        ➜ Explicit dependency on target 'FirebaseCore' in project 'Firebase'
        ➜ Explicit dependency on target 'FirebaseInstallations' in project 'Firebase'
        ➜ Explicit dependency on target 'FirebaseABTesting' in project 'Firebase'
        ➜ Explicit dependency on target 'FirebaseRemoteConfigInterop' in project 'Firebase'
        ➜ Explicit dependency on target 'FirebaseRemoteConfigInternal' in project 'Firebase'
        ➜ Explicit dependency on target 'FirebaseCoreExtension' in project 'Firebase'
        ➜ Explicit dependency on target 'FirebaseSessionsObjC' in project 'Firebase'
        ➜ Explicit dependency on target 'FirebaseSessions' in project 'Firebase'
        ➜ Explicit dependency on target 'FirebasePerformance' in project 'Firebase'
        ➜ Explicit dependency on target 'GULNSData' in project 'GoogleUtilities'
        ➜ Explicit dependency on target 'GULEnvironment' in project 'GoogleUtilities'
        ➜ Explicit dependency on target 'GULLogger' in project 'GoogleUtilities'
        ➜ Explicit dependency on target 'FBLPromises' in project 'Promises'
        ➜ Explicit dependency on target 'GULUserDefaults' in project 'GoogleUtilities'
        ➜ Explicit dependency on target 'nanopb' in project 'nanopb'
        ➜ Explicit dependency on target 'Promises' in project 'Promises'
        ➜ Explicit dependency on target 'GoogleDataTransport' in project 'GoogleDataTransport'
        ➜ Explicit dependency on target 'GULMethodSwizzler' in project 'GoogleUtilities'
    Target 'FirebasePerformance' in project 'Firebase'
        ➜ Explicit dependency on target 'Firebase' in project 'Firebase'
        ➜ Explicit dependency on target 'FirebaseCoreInternal' in project 'Firebase'
        ➜ Explicit dependency on target 'FirebaseCore' in project 'Firebase'
        ➜ Explicit dependency on target 'FirebaseInstallations' in project 'Firebase'
        ➜ Explicit dependency on target 'FirebaseABTesting' in project 'Firebase'
        ➜ Explicit dependency on target 'FirebaseRemoteConfigInterop' in project 'Firebase'
        ➜ Explicit dependency on target 'FirebaseRemoteConfigInternal' in project 'Firebase'
        ➜ Explicit dependency on target 'FirebaseCoreExtension' in project 'Firebase'
        ➜ Explicit dependency on target 'FirebaseSessionsObjC' in project 'Firebase'
        ➜ Explicit dependency on target 'FirebaseSessions' in project 'Firebase'
        ➜ Explicit dependency on target 'GULNSData' in project 'GoogleUtilities'
        ➜ Explicit dependency on target 'GULEnvironment' in project 'GoogleUtilities'
        ➜ Explicit dependency on target 'GULLogger' in project 'GoogleUtilities'
        ➜ Explicit dependency on target 'FBLPromises' in project 'Promises'
        ➜ Explicit dependency on target 'GULUserDefaults' in project 'GoogleUtilities'
        ➜ Explicit dependency on target 'nanopb' in project 'nanopb'
        ➜ Explicit dependency on target 'Promises' in project 'Promises'
        ➜ Explicit dependency on target 'GoogleDataTransport' in project 'GoogleDataTransport'
        ➜ Explicit dependency on target 'GULMethodSwizzler' in project 'GoogleUtilities'
    Target 'FirebaseCrashlytics' in project 'Firebase'
        ➜ Explicit dependency on target 'FirebaseCrashlytics' in project 'Firebase'
        ➜ Explicit dependency on target 'Firebase_FirebaseCrashlytics' in project 'Firebase'
        ➜ Explicit dependency on target 'Firebase' in project 'Firebase'
        ➜ Explicit dependency on target 'FirebaseCoreInternal' in project 'Firebase'
        ➜ Explicit dependency on target 'FirebaseCore' in project 'Firebase'
        ➜ Explicit dependency on target 'FirebaseInstallations' in project 'Firebase'
        ➜ Explicit dependency on target 'FirebaseCoreExtension' in project 'Firebase'
        ➜ Explicit dependency on target 'FirebaseSessionsObjC' in project 'Firebase'
        ➜ Explicit dependency on target 'FirebaseSessions' in project 'Firebase'
        ➜ Explicit dependency on target 'FirebaseRemoteConfigInterop' in project 'Firebase'
        ➜ Explicit dependency on target 'FirebaseCrashlyticsSwift' in project 'Firebase'
        ➜ Explicit dependency on target 'GULNSData' in project 'GoogleUtilities'
        ➜ Explicit dependency on target 'GULEnvironment' in project 'GoogleUtilities'
        ➜ Explicit dependency on target 'GULLogger' in project 'GoogleUtilities'
        ➜ Explicit dependency on target 'FBLPromises' in project 'Promises'
        ➜ Explicit dependency on target 'GULUserDefaults' in project 'GoogleUtilities'
        ➜ Explicit dependency on target 'nanopb' in project 'nanopb'
        ➜ Explicit dependency on target 'Promises' in project 'Promises'
        ➜ Explicit dependency on target 'GoogleDataTransport' in project 'GoogleDataTransport'
    Target 'FirebaseCrashlytics' in project 'Firebase'
        ➜ Explicit dependency on target 'Firebase_FirebaseCrashlytics' in project 'Firebase'
        ➜ Explicit dependency on target 'Firebase' in project 'Firebase'
        ➜ Explicit dependency on target 'FirebaseCoreInternal' in project 'Firebase'
        ➜ Explicit dependency on target 'FirebaseCore' in project 'Firebase'
        ➜ Explicit dependency on target 'FirebaseInstallations' in project 'Firebase'
        ➜ Explicit dependency on target 'FirebaseCoreExtension' in project 'Firebase'
        ➜ Explicit dependency on target 'FirebaseSessionsObjC' in project 'Firebase'
        ➜ Explicit dependency on target 'FirebaseSessions' in project 'Firebase'
        ➜ Explicit dependency on target 'FirebaseRemoteConfigInterop' in project 'Firebase'
        ➜ Explicit dependency on target 'FirebaseCrashlyticsSwift' in project 'Firebase'
        ➜ Explicit dependency on target 'GULNSData' in project 'GoogleUtilities'
        ➜ Explicit dependency on target 'GULEnvironment' in project 'GoogleUtilities'
        ➜ Explicit dependency on target 'GULLogger' in project 'GoogleUtilities'
        ➜ Explicit dependency on target 'FBLPromises' in project 'Promises'
        ➜ Explicit dependency on target 'GULUserDefaults' in project 'GoogleUtilities'
        ➜ Explicit dependency on target 'nanopb' in project 'nanopb'
        ➜ Explicit dependency on target 'Promises' in project 'Promises'
        ➜ Explicit dependency on target 'GoogleDataTransport' in project 'GoogleDataTransport'
    Target 'FirebaseCrashlyticsSwift' in project 'Firebase'
        ➜ Explicit dependency on target 'Firebase_FirebaseCrashlyticsSwift' in project 'Firebase'
        ➜ Explicit dependency on target 'FirebaseRemoteConfigInterop' in project 'Firebase'
    Target 'Firebase_FirebaseCrashlyticsSwift' in project 'Firebase' (no dependencies)
    Target 'FirebaseSessions' in project 'Firebase'
        ➜ Explicit dependency on target 'Firebase' in project 'Firebase'
        ➜ Explicit dependency on target 'FirebaseCoreInternal' in project 'Firebase'
        ➜ Explicit dependency on target 'FirebaseCore' in project 'Firebase'
        ➜ Explicit dependency on target 'FirebaseInstallations' in project 'Firebase'
        ➜ Explicit dependency on target 'FirebaseCoreExtension' in project 'Firebase'
        ➜ Explicit dependency on target 'FirebaseSessionsObjC' in project 'Firebase'
        ➜ Explicit dependency on target 'GULNSData' in project 'GoogleUtilities'
        ➜ Explicit dependency on target 'GULEnvironment' in project 'GoogleUtilities'
        ➜ Explicit dependency on target 'GULLogger' in project 'GoogleUtilities'
        ➜ Explicit dependency on target 'FBLPromises' in project 'Promises'
        ➜ Explicit dependency on target 'GULUserDefaults' in project 'GoogleUtilities'
        ➜ Explicit dependency on target 'nanopb' in project 'nanopb'
        ➜ Explicit dependency on target 'Promises' in project 'Promises'
        ➜ Explicit dependency on target 'GoogleDataTransport' in project 'GoogleDataTransport'
    Target 'GoogleDataTransport' in project 'GoogleDataTransport'
        ➜ Explicit dependency on target 'GoogleDataTransport' in project 'GoogleDataTransport'
        ➜ Explicit dependency on target 'GoogleDataTransport_GoogleDataTransport' in project 'GoogleDataTransport'
        ➜ Explicit dependency on target 'nanopb' in project 'nanopb'
        ➜ Explicit dependency on target 'FBLPromises' in project 'Promises'
    Target 'GoogleDataTransport' in project 'GoogleDataTransport'
        ➜ Explicit dependency on target 'GoogleDataTransport_GoogleDataTransport' in project 'GoogleDataTransport'
        ➜ Explicit dependency on target 'nanopb' in project 'nanopb'
        ➜ Explicit dependency on target 'FBLPromises' in project 'Promises'
    Target 'GoogleDataTransport_GoogleDataTransport' in project 'GoogleDataTransport' (no dependencies)
    Target 'Promises' in project 'Promises'
        ➜ Explicit dependency on target 'Promises' in project 'Promises'
        ➜ Explicit dependency on target 'Promises_Promises' in project 'Promises'
        ➜ Explicit dependency on target 'FBLPromises' in project 'Promises'
    Target 'Promises' in project 'Promises'
        ➜ Explicit dependency on target 'Promises_Promises' in project 'Promises'
        ➜ Explicit dependency on target 'FBLPromises' in project 'Promises'
    Target 'Promises_Promises' in project 'Promises' (no dependencies)
    Target 'FirebaseSessionsObjC' in project 'Firebase'
        ➜ Explicit dependency on target 'Firebase' in project 'Firebase'
        ➜ Explicit dependency on target 'FirebaseCoreInternal' in project 'Firebase'
        ➜ Explicit dependency on target 'FirebaseCore' in project 'Firebase'
        ➜ Explicit dependency on target 'FirebaseCoreExtension' in project 'Firebase'
        ➜ Explicit dependency on target 'GULNSData' in project 'GoogleUtilities'
        ➜ Explicit dependency on target 'GULEnvironment' in project 'GoogleUtilities'
        ➜ Explicit dependency on target 'GULLogger' in project 'GoogleUtilities'
        ➜ Explicit dependency on target 'nanopb' in project 'nanopb'
    Target 'Firebase_FirebaseCrashlytics' in project 'Firebase' (no dependencies)
    Target 'FirebaseAnalytics' in project 'Firebase'
        ➜ Explicit dependency on target 'FirebaseAnalyticsTarget' in project 'Firebase'
        ➜ Explicit dependency on target 'Firebase' in project 'Firebase'
        ➜ Explicit dependency on target 'FirebaseCoreInternal' in project 'Firebase'
        ➜ Explicit dependency on target 'FirebaseCore' in project 'Firebase'
        ➜ Explicit dependency on target 'FirebaseInstallations' in project 'Firebase'
        ➜ Explicit dependency on target 'FirebaseAnalyticsWrapper' in project 'Firebase'
        ➜ Explicit dependency on target 'GULNSData' in project 'GoogleUtilities'
        ➜ Explicit dependency on target 'GULEnvironment' in project 'GoogleUtilities'
        ➜ Explicit dependency on target 'GULLogger' in project 'GoogleUtilities'
        ➜ Explicit dependency on target 'FBLPromises' in project 'Promises'
        ➜ Explicit dependency on target 'GULUserDefaults' in project 'GoogleUtilities'
        ➜ Explicit dependency on target 'GoogleAppMeasurement' in project 'GoogleAppMeasurement'
        ➜ Explicit dependency on target 'GULAppDelegateSwizzler' in project 'GoogleUtilities'
        ➜ Explicit dependency on target 'GULMethodSwizzler' in project 'GoogleUtilities'
        ➜ Explicit dependency on target 'GULNetwork' in project 'GoogleUtilities'
        ➜ Explicit dependency on target 'nanopb' in project 'nanopb'
    Target 'FirebaseAnalyticsTarget' in project 'Firebase'
        ➜ Explicit dependency on target 'Firebase' in project 'Firebase'
        ➜ Explicit dependency on target 'FirebaseCoreInternal' in project 'Firebase'
        ➜ Explicit dependency on target 'FirebaseCore' in project 'Firebase'
        ➜ Explicit dependency on target 'FirebaseInstallations' in project 'Firebase'
        ➜ Explicit dependency on target 'FirebaseAnalyticsWrapper' in project 'Firebase'
        ➜ Explicit dependency on target 'GULNSData' in project 'GoogleUtilities'
        ➜ Explicit dependency on target 'GULEnvironment' in project 'GoogleUtilities'
        ➜ Explicit dependency on target 'GULLogger' in project 'GoogleUtilities'
        ➜ Explicit dependency on target 'FBLPromises' in project 'Promises'
        ➜ Explicit dependency on target 'GULUserDefaults' in project 'GoogleUtilities'
        ➜ Explicit dependency on target 'GoogleAppMeasurement' in project 'GoogleAppMeasurement'
        ➜ Explicit dependency on target 'GULAppDelegateSwizzler' in project 'GoogleUtilities'
        ➜ Explicit dependency on target 'GULMethodSwizzler' in project 'GoogleUtilities'
        ➜ Explicit dependency on target 'GULNetwork' in project 'GoogleUtilities'
        ➜ Explicit dependency on target 'nanopb' in project 'nanopb'
    Target 'FirebaseAnalyticsWrapper' in project 'Firebase'
        ➜ Explicit dependency on target 'Firebase' in project 'Firebase'
        ➜ Explicit dependency on target 'FirebaseCoreInternal' in project 'Firebase'
        ➜ Explicit dependency on target 'FirebaseCore' in project 'Firebase'
        ➜ Explicit dependency on target 'FirebaseInstallations' in project 'Firebase'
        ➜ Explicit dependency on target 'GULNSData' in project 'GoogleUtilities'
        ➜ Explicit dependency on target 'GULEnvironment' in project 'GoogleUtilities'
        ➜ Explicit dependency on target 'GULLogger' in project 'GoogleUtilities'
        ➜ Explicit dependency on target 'FBLPromises' in project 'Promises'
        ➜ Explicit dependency on target 'GULUserDefaults' in project 'GoogleUtilities'
        ➜ Explicit dependency on target 'GoogleAppMeasurement' in project 'GoogleAppMeasurement'
        ➜ Explicit dependency on target 'GULAppDelegateSwizzler' in project 'GoogleUtilities'
        ➜ Explicit dependency on target 'GULMethodSwizzler' in project 'GoogleUtilities'
        ➜ Explicit dependency on target 'GULNetwork' in project 'GoogleUtilities'
        ➜ Explicit dependency on target 'nanopb' in project 'nanopb'
    Target 'GoogleAppMeasurement' in project 'GoogleAppMeasurement'
        ➜ Explicit dependency on target 'GoogleAppMeasurementTarget' in project 'GoogleAppMeasurement'
        ➜ Explicit dependency on target 'GULAppDelegateSwizzler' in project 'GoogleUtilities'
        ➜ Explicit dependency on target 'GULMethodSwizzler' in project 'GoogleUtilities'
        ➜ Explicit dependency on target 'GULNSData' in project 'GoogleUtilities'
        ➜ Explicit dependency on target 'GULNetwork' in project 'GoogleUtilities'
        ➜ Explicit dependency on target 'GULLogger' in project 'GoogleUtilities'
        ➜ Explicit dependency on target 'GULEnvironment' in project 'GoogleUtilities'
        ➜ Explicit dependency on target 'nanopb' in project 'nanopb'
        ➜ Explicit dependency on target 'GoogleAdsOnDeviceConversion' in project 'GoogleAdsOnDeviceConversion'
    Target 'GoogleAppMeasurementTarget' in project 'GoogleAppMeasurement'
        ➜ Explicit dependency on target 'GULAppDelegateSwizzler' in project 'GoogleUtilities'
        ➜ Explicit dependency on target 'GULMethodSwizzler' in project 'GoogleUtilities'
        ➜ Explicit dependency on target 'GULNSData' in project 'GoogleUtilities'
        ➜ Explicit dependency on target 'GULNetwork' in project 'GoogleUtilities'
        ➜ Explicit dependency on target 'GULLogger' in project 'GoogleUtilities'
        ➜ Explicit dependency on target 'GULEnvironment' in project 'GoogleUtilities'
        ➜ Explicit dependency on target 'nanopb' in project 'nanopb'
        ➜ Explicit dependency on target 'GoogleAdsOnDeviceConversion' in project 'GoogleAdsOnDeviceConversion'
    Target 'GoogleAdsOnDeviceConversion' in project 'GoogleAdsOnDeviceConversion'
        ➜ Explicit dependency on target 'GoogleAdsOnDeviceConversionTarget' in project 'GoogleAdsOnDeviceConversion'
        ➜ Explicit dependency on target 'GULEnvironment' in project 'GoogleUtilities'
        ➜ Explicit dependency on target 'GULLogger' in project 'GoogleUtilities'
        ➜ Explicit dependency on target 'GULNetwork' in project 'GoogleUtilities'
        ➜ Explicit dependency on target 'nanopb' in project 'nanopb'
    Target 'GoogleAdsOnDeviceConversionTarget' in project 'GoogleAdsOnDeviceConversion'
        ➜ Explicit dependency on target 'GULEnvironment' in project 'GoogleUtilities'
        ➜ Explicit dependency on target 'GULLogger' in project 'GoogleUtilities'
        ➜ Explicit dependency on target 'GULNetwork' in project 'GoogleUtilities'
        ➜ Explicit dependency on target 'nanopb' in project 'nanopb'
    Target 'GULNetwork' in project 'GoogleUtilities'
        ➜ Explicit dependency on target 'GoogleUtilities-Network' in project 'GoogleUtilities'
        ➜ Explicit dependency on target 'GoogleUtilities_GoogleUtilities-Network' in project 'GoogleUtilities'
        ➜ Explicit dependency on target 'third-party-IsAppEncrypted' in project 'GoogleUtilities'
        ➜ Explicit dependency on target 'GoogleUtilities-Environment' in project 'GoogleUtilities'
        ➜ Explicit dependency on target 'GoogleUtilities-Logger' in project 'GoogleUtilities'
        ➜ Explicit dependency on target 'GoogleUtilities-NSData' in project 'GoogleUtilities'
        ➜ Explicit dependency on target 'GoogleUtilities-Reachability' in project 'GoogleUtilities'
    Target 'GULMethodSwizzler' in project 'GoogleUtilities'
        ➜ Explicit dependency on target 'GoogleUtilities-MethodSwizzler' in project 'GoogleUtilities'
        ➜ Explicit dependency on target 'GoogleUtilities_GoogleUtilities-MethodSwizzler' in project 'GoogleUtilities'
        ➜ Explicit dependency on target 'third-party-IsAppEncrypted' in project 'GoogleUtilities'
        ➜ Explicit dependency on target 'GoogleUtilities-Environment' in project 'GoogleUtilities'
        ➜ Explicit dependency on target 'GoogleUtilities-Logger' in project 'GoogleUtilities'
    Target 'GoogleUtilities-MethodSwizzler' in project 'GoogleUtilities'
        ➜ Explicit dependency on target 'GoogleUtilities_GoogleUtilities-MethodSwizzler' in project 'GoogleUtilities'
        ➜ Explicit dependency on target 'third-party-IsAppEncrypted' in project 'GoogleUtilities'
        ➜ Explicit dependency on target 'GoogleUtilities-Environment' in project 'GoogleUtilities'
        ➜ Explicit dependency on target 'GoogleUtilities-Logger' in project 'GoogleUtilities'
    Target 'GoogleUtilities_GoogleUtilities-MethodSwizzler' in project 'GoogleUtilities' (no dependencies)
    Target 'GoogleSignIn' in project 'GoogleSignIn'
        ➜ Explicit dependency on target 'GoogleSignIn' in project 'GoogleSignIn'
        ➜ Explicit dependency on target 'GoogleSignIn_GoogleSignIn' in project 'GoogleSignIn'
        ➜ Explicit dependency on target 'AppAuth' in project 'AppAuth'
        ➜ Explicit dependency on target 'AppAuthCore' in project 'AppAuth'
        ➜ Explicit dependency on target 'AppCheckCore' in project 'AppCheck'
        ➜ Explicit dependency on target 'GTMAppAuth' in project 'GTMAppAuth'
        ➜ Explicit dependency on target 'GTMSessionFetcherCore' in project 'GTMSessionFetcher'
    Target 'GoogleSignIn' in project 'GoogleSignIn'
        ➜ Explicit dependency on target 'GoogleSignIn_GoogleSignIn' in project 'GoogleSignIn'
        ➜ Explicit dependency on target 'AppAuth' in project 'AppAuth'
        ➜ Explicit dependency on target 'AppAuthCore' in project 'AppAuth'
        ➜ Explicit dependency on target 'AppCheckCore' in project 'AppCheck'
        ➜ Explicit dependency on target 'GTMAppAuth' in project 'GTMAppAuth'
        ➜ Explicit dependency on target 'GTMSessionFetcherCore' in project 'GTMSessionFetcher'
    Target 'GTMAppAuth' in project 'GTMAppAuth'
        ➜ Explicit dependency on target 'GTMAppAuth' in project 'GTMAppAuth'
        ➜ Explicit dependency on target 'GTMAppAuth_GTMAppAuth' in project 'GTMAppAuth'
        ➜ Explicit dependency on target 'GTMSessionFetcherCore' in project 'GTMSessionFetcher'
        ➜ Explicit dependency on target 'AppAuthCore' in project 'AppAuth'
    Target 'GTMAppAuth' in project 'GTMAppAuth'
        ➜ Explicit dependency on target 'GTMAppAuth_GTMAppAuth' in project 'GTMAppAuth'
        ➜ Explicit dependency on target 'GTMSessionFetcherCore' in project 'GTMSessionFetcher'
        ➜ Explicit dependency on target 'AppAuthCore' in project 'AppAuth'
    Target 'GTMAppAuth_GTMAppAuth' in project 'GTMAppAuth' (no dependencies)
    Target 'AppAuthCore' in project 'AppAuth'
        ➜ Explicit dependency on target 'AppAuthCore' in project 'AppAuth'
        ➜ Explicit dependency on target 'AppAuth_AppAuthCore' in project 'AppAuth'
    Target 'AppAuth' in project 'AppAuth'
        ➜ Explicit dependency on target 'AppAuth' in project 'AppAuth'
        ➜ Explicit dependency on target 'AppAuth_AppAuth' in project 'AppAuth'
        ➜ Explicit dependency on target 'AppAuthCore' in project 'AppAuth'
    Target 'AppAuth' in project 'AppAuth'
        ➜ Explicit dependency on target 'AppAuth_AppAuth' in project 'AppAuth'
        ➜ Explicit dependency on target 'AppAuthCore' in project 'AppAuth'
    Target 'AppAuthCore' in project 'AppAuth'
        ➜ Explicit dependency on target 'AppAuth_AppAuthCore' in project 'AppAuth'
    Target 'AppAuth_AppAuthCore' in project 'AppAuth' (no dependencies)
    Target 'AppAuth_AppAuth' in project 'AppAuth' (no dependencies)
    Target 'GoogleSignIn_GoogleSignIn' in project 'GoogleSignIn' (no dependencies)
    Target 'FirebaseRemoteConfig' in project 'Firebase'
        ➜ Explicit dependency on target 'FirebaseRemoteConfig' in project 'Firebase'
        ➜ Explicit dependency on target 'Firebase_FirebaseRemoteConfig' in project 'Firebase'
        ➜ Explicit dependency on target 'Firebase' in project 'Firebase'
        ➜ Explicit dependency on target 'FirebaseCoreInternal' in project 'Firebase'
        ➜ Explicit dependency on target 'FirebaseCore' in project 'Firebase'
        ➜ Explicit dependency on target 'FirebaseABTesting' in project 'Firebase'
        ➜ Explicit dependency on target 'FirebaseInstallations' in project 'Firebase'
        ➜ Explicit dependency on target 'FirebaseRemoteConfigInterop' in project 'Firebase'
        ➜ Explicit dependency on target 'FirebaseRemoteConfigInternal' in project 'Firebase'
        ➜ Explicit dependency on target 'FirebaseSharedSwift' in project 'Firebase'
        ➜ Explicit dependency on target 'GULNSData' in project 'GoogleUtilities'
        ➜ Explicit dependency on target 'GULEnvironment' in project 'GoogleUtilities'
        ➜ Explicit dependency on target 'GULLogger' in project 'GoogleUtilities'
        ➜ Explicit dependency on target 'FBLPromises' in project 'Promises'
        ➜ Explicit dependency on target 'GULUserDefaults' in project 'GoogleUtilities'
    Target 'FirebaseRemoteConfig' in project 'Firebase'
        ➜ Explicit dependency on target 'Firebase_FirebaseRemoteConfig' in project 'Firebase'
        ➜ Explicit dependency on target 'Firebase' in project 'Firebase'
        ➜ Explicit dependency on target 'FirebaseCoreInternal' in project 'Firebase'
        ➜ Explicit dependency on target 'FirebaseCore' in project 'Firebase'
        ➜ Explicit dependency on target 'FirebaseABTesting' in project 'Firebase'
        ➜ Explicit dependency on target 'FirebaseInstallations' in project 'Firebase'
        ➜ Explicit dependency on target 'FirebaseRemoteConfigInterop' in project 'Firebase'
        ➜ Explicit dependency on target 'FirebaseRemoteConfigInternal' in project 'Firebase'
        ➜ Explicit dependency on target 'FirebaseSharedSwift' in project 'Firebase'
        ➜ Explicit dependency on target 'GULNSData' in project 'GoogleUtilities'
        ➜ Explicit dependency on target 'GULEnvironment' in project 'GoogleUtilities'
        ➜ Explicit dependency on target 'GULLogger' in project 'GoogleUtilities'
        ➜ Explicit dependency on target 'FBLPromises' in project 'Promises'
        ➜ Explicit dependency on target 'GULUserDefaults' in project 'GoogleUtilities'
    Target 'FirebaseRemoteConfigInternal' in project 'Firebase'
        ➜ Explicit dependency on target 'Firebase' in project 'Firebase'
        ➜ Explicit dependency on target 'FirebaseCoreInternal' in project 'Firebase'
        ➜ Explicit dependency on target 'FirebaseCore' in project 'Firebase'
        ➜ Explicit dependency on target 'FirebaseABTesting' in project 'Firebase'
        ➜ Explicit dependency on target 'FirebaseInstallations' in project 'Firebase'
        ➜ Explicit dependency on target 'FirebaseRemoteConfigInterop' in project 'Firebase'
        ➜ Explicit dependency on target 'GULNSData' in project 'GoogleUtilities'
        ➜ Explicit dependency on target 'GULEnvironment' in project 'GoogleUtilities'
        ➜ Explicit dependency on target 'GULLogger' in project 'GoogleUtilities'
        ➜ Explicit dependency on target 'FBLPromises' in project 'Promises'
        ➜ Explicit dependency on target 'GULUserDefaults' in project 'GoogleUtilities'
    Target 'FirebaseRemoteConfigInterop' in project 'Firebase' (no dependencies)
    Target 'FirebaseInstallations' in project 'Firebase'
        ➜ Explicit dependency on target 'Firebase_FirebaseInstallations' in project 'Firebase'
        ➜ Explicit dependency on target 'Firebase' in project 'Firebase'
        ➜ Explicit dependency on target 'FirebaseCoreInternal' in project 'Firebase'
        ➜ Explicit dependency on target 'FirebaseCore' in project 'Firebase'
        ➜ Explicit dependency on target 'GULNSData' in project 'GoogleUtilities'
        ➜ Explicit dependency on target 'GULEnvironment' in project 'GoogleUtilities'
        ➜ Explicit dependency on target 'GULLogger' in project 'GoogleUtilities'
        ➜ Explicit dependency on target 'FBLPromises' in project 'Promises'
        ➜ Explicit dependency on target 'GULUserDefaults' in project 'GoogleUtilities'
    Target 'Firebase_FirebaseInstallations' in project 'Firebase' (no dependencies)
    Target 'FirebaseABTesting' in project 'Firebase'
        ➜ Explicit dependency on target 'Firebase_FirebaseABTesting' in project 'Firebase'
        ➜ Explicit dependency on target 'Firebase' in project 'Firebase'
        ➜ Explicit dependency on target 'FirebaseCoreInternal' in project 'Firebase'
        ➜ Explicit dependency on target 'FirebaseCore' in project 'Firebase'
        ➜ Explicit dependency on target 'GULNSData' in project 'GoogleUtilities'
        ➜ Explicit dependency on target 'GULEnvironment' in project 'GoogleUtilities'
        ➜ Explicit dependency on target 'GULLogger' in project 'GoogleUtilities'
    Target 'Firebase_FirebaseABTesting' in project 'Firebase' (no dependencies)
    Target 'Firebase_FirebaseRemoteConfig' in project 'Firebase' (no dependencies)
    Target 'FirebaseAppCheck' in project 'Firebase'
        ➜ Explicit dependency on target 'FirebaseAppCheck' in project 'Firebase'
        ➜ Explicit dependency on target 'FirebaseAppCheckInterop' in project 'Firebase'
        ➜ Explicit dependency on target 'Firebase' in project 'Firebase'
        ➜ Explicit dependency on target 'FirebaseCoreInternal' in project 'Firebase'
        ➜ Explicit dependency on target 'FirebaseCore' in project 'Firebase'
        ➜ Explicit dependency on target 'GULNSData' in project 'GoogleUtilities'
        ➜ Explicit dependency on target 'GULEnvironment' in project 'GoogleUtilities'
        ➜ Explicit dependency on target 'GULLogger' in project 'GoogleUtilities'
        ➜ Explicit dependency on target 'AppCheckCore' in project 'AppCheck'
        ➜ Explicit dependency on target 'GULUserDefaults' in project 'GoogleUtilities'
    Target 'FirebaseAppCheck' in project 'Firebase'
        ➜ Explicit dependency on target 'FirebaseAppCheckInterop' in project 'Firebase'
        ➜ Explicit dependency on target 'Firebase' in project 'Firebase'
        ➜ Explicit dependency on target 'FirebaseCoreInternal' in project 'Firebase'
        ➜ Explicit dependency on target 'FirebaseCore' in project 'Firebase'
        ➜ Explicit dependency on target 'GULNSData' in project 'GoogleUtilities'
        ➜ Explicit dependency on target 'GULEnvironment' in project 'GoogleUtilities'
        ➜ Explicit dependency on target 'GULLogger' in project 'GoogleUtilities'
        ➜ Explicit dependency on target 'AppCheckCore' in project 'AppCheck'
        ➜ Explicit dependency on target 'GULUserDefaults' in project 'GoogleUtilities'
    Target 'AppCheckCore' in project 'AppCheck'
        ➜ Explicit dependency on target 'AppCheckCore' in project 'AppCheck'
        ➜ Explicit dependency on target 'FBLPromises' in project 'Promises'
        ➜ Explicit dependency on target 'GULEnvironment' in project 'GoogleUtilities'
        ➜ Explicit dependency on target 'GULUserDefaults' in project 'GoogleUtilities'
    Target 'AppCheckCore' in project 'AppCheck'
        ➜ Explicit dependency on target 'FBLPromises' in project 'Promises'
        ➜ Explicit dependency on target 'GULEnvironment' in project 'GoogleUtilities'
        ➜ Explicit dependency on target 'GULUserDefaults' in project 'GoogleUtilities'
    Target 'GULUserDefaults' in project 'GoogleUtilities'
        ➜ Explicit dependency on target 'GoogleUtilities-UserDefaults' in project 'GoogleUtilities'
        ➜ Explicit dependency on target 'GoogleUtilities_GoogleUtilities-UserDefaults' in project 'GoogleUtilities'
        ➜ Explicit dependency on target 'third-party-IsAppEncrypted' in project 'GoogleUtilities'
        ➜ Explicit dependency on target 'GoogleUtilities-Environment' in project 'GoogleUtilities'
        ➜ Explicit dependency on target 'GoogleUtilities-Logger' in project 'GoogleUtilities'
    Target 'GoogleUtilities-UserDefaults' in project 'GoogleUtilities'
        ➜ Explicit dependency on target 'GoogleUtilities_GoogleUtilities-UserDefaults' in project 'GoogleUtilities'
        ➜ Explicit dependency on target 'third-party-IsAppEncrypted' in project 'GoogleUtilities'
        ➜ Explicit dependency on target 'GoogleUtilities-Environment' in project 'GoogleUtilities'
        ➜ Explicit dependency on target 'GoogleUtilities-Logger' in project 'GoogleUtilities'
    Target 'GoogleUtilities_GoogleUtilities-UserDefaults' in project 'GoogleUtilities' (no dependencies)
    Target 'FBLPromises' in project 'Promises'
        ➜ Explicit dependency on target 'FBLPromises' in project 'Promises'
        ➜ Explicit dependency on target 'Promises_FBLPromises' in project 'Promises'
    Target 'FBLPromises' in project 'Promises'
        ➜ Explicit dependency on target 'Promises_FBLPromises' in project 'Promises'
    Target 'Promises_FBLPromises' in project 'Promises' (no dependencies)
    Target 'FirebaseFunctions' in project 'Firebase'
        ➜ Explicit dependency on target 'FirebaseFunctions' in project 'Firebase'
        ➜ Explicit dependency on target 'FirebaseAppCheckInterop' in project 'Firebase'
        ➜ Explicit dependency on target 'FirebaseAuthInterop' in project 'Firebase'
        ➜ Explicit dependency on target 'Firebase' in project 'Firebase'
        ➜ Explicit dependency on target 'FirebaseCoreInternal' in project 'Firebase'
        ➜ Explicit dependency on target 'FirebaseCore' in project 'Firebase'
        ➜ Explicit dependency on target 'FirebaseCoreExtension' in project 'Firebase'
        ➜ Explicit dependency on target 'FirebaseMessagingInterop' in project 'Firebase'
        ➜ Explicit dependency on target 'FirebaseSharedSwift' in project 'Firebase'
        ➜ Explicit dependency on target 'GULNSData' in project 'GoogleUtilities'
        ➜ Explicit dependency on target 'GULEnvironment' in project 'GoogleUtilities'
        ➜ Explicit dependency on target 'GULLogger' in project 'GoogleUtilities'
        ➜ Explicit dependency on target 'GTMSessionFetcherCore' in project 'GTMSessionFetcher'
    Target 'FirebaseFunctions' in project 'Firebase'
        ➜ Explicit dependency on target 'FirebaseAppCheckInterop' in project 'Firebase'
        ➜ Explicit dependency on target 'FirebaseAuthInterop' in project 'Firebase'
        ➜ Explicit dependency on target 'Firebase' in project 'Firebase'
        ➜ Explicit dependency on target 'FirebaseCoreInternal' in project 'Firebase'
        ➜ Explicit dependency on target 'FirebaseCore' in project 'Firebase'
        ➜ Explicit dependency on target 'FirebaseCoreExtension' in project 'Firebase'
        ➜ Explicit dependency on target 'FirebaseMessagingInterop' in project 'Firebase'
        ➜ Explicit dependency on target 'FirebaseSharedSwift' in project 'Firebase'
        ➜ Explicit dependency on target 'GULNSData' in project 'GoogleUtilities'
        ➜ Explicit dependency on target 'GULEnvironment' in project 'GoogleUtilities'
        ➜ Explicit dependency on target 'GULLogger' in project 'GoogleUtilities'
        ➜ Explicit dependency on target 'GTMSessionFetcherCore' in project 'GTMSessionFetcher'
    Target 'FirebaseMessagingInterop' in project 'Firebase' (no dependencies)
    Target 'FirebaseStorage' in project 'Firebase'
        ➜ Explicit dependency on target 'FirebaseStorage' in project 'Firebase'
        ➜ Explicit dependency on target 'FirebaseAppCheckInterop' in project 'Firebase'
        ➜ Explicit dependency on target 'FirebaseAuthInterop' in project 'Firebase'
        ➜ Explicit dependency on target 'Firebase' in project 'Firebase'
        ➜ Explicit dependency on target 'FirebaseCoreInternal' in project 'Firebase'
        ➜ Explicit dependency on target 'FirebaseCore' in project 'Firebase'
        ➜ Explicit dependency on target 'FirebaseCoreExtension' in project 'Firebase'
        ➜ Explicit dependency on target 'GULNSData' in project 'GoogleUtilities'
        ➜ Explicit dependency on target 'GULEnvironment' in project 'GoogleUtilities'
        ➜ Explicit dependency on target 'GULLogger' in project 'GoogleUtilities'
        ➜ Explicit dependency on target 'GTMSessionFetcherCore' in project 'GTMSessionFetcher'
    Target 'FirebaseStorage' in project 'Firebase'
        ➜ Explicit dependency on target 'FirebaseAppCheckInterop' in project 'Firebase'
        ➜ Explicit dependency on target 'FirebaseAuthInterop' in project 'Firebase'
        ➜ Explicit dependency on target 'Firebase' in project 'Firebase'
        ➜ Explicit dependency on target 'FirebaseCoreInternal' in project 'Firebase'
        ➜ Explicit dependency on target 'FirebaseCore' in project 'Firebase'
        ➜ Explicit dependency on target 'FirebaseCoreExtension' in project 'Firebase'
        ➜ Explicit dependency on target 'GULNSData' in project 'GoogleUtilities'
        ➜ Explicit dependency on target 'GULEnvironment' in project 'GoogleUtilities'
        ➜ Explicit dependency on target 'GULLogger' in project 'GoogleUtilities'
        ➜ Explicit dependency on target 'GTMSessionFetcherCore' in project 'GTMSessionFetcher'
    Target 'FirebaseAuth' in project 'Firebase'
        ➜ Explicit dependency on target 'FirebaseAuth' in project 'Firebase'
        ➜ Explicit dependency on target 'Firebase_FirebaseAuth' in project 'Firebase'
        ➜ Explicit dependency on target 'FirebaseAppCheckInterop' in project 'Firebase'
        ➜ Explicit dependency on target 'FirebaseAuthInterop' in project 'Firebase'
        ➜ Explicit dependency on target 'FirebaseAuthInternal' in project 'Firebase'
        ➜ Explicit dependency on target 'Firebase' in project 'Firebase'
        ➜ Explicit dependency on target 'FirebaseCoreInternal' in project 'Firebase'
        ➜ Explicit dependency on target 'FirebaseCore' in project 'Firebase'
        ➜ Explicit dependency on target 'FirebaseCoreExtension' in project 'Firebase'
        ➜ Explicit dependency on target 'RecaptchaInterop' in project 'InteropForGoogle'
        ➜ Explicit dependency on target 'GULNSData' in project 'GoogleUtilities'
        ➜ Explicit dependency on target 'GULEnvironment' in project 'GoogleUtilities'
        ➜ Explicit dependency on target 'GULLogger' in project 'GoogleUtilities'
        ➜ Explicit dependency on target 'GULAppDelegateSwizzler' in project 'GoogleUtilities'
        ➜ Explicit dependency on target 'GTMSessionFetcherCore' in project 'GTMSessionFetcher'
    Target 'FirebaseAuth' in project 'Firebase'
        ➜ Explicit dependency on target 'Firebase_FirebaseAuth' in project 'Firebase'
        ➜ Explicit dependency on target 'FirebaseAppCheckInterop' in project 'Firebase'
        ➜ Explicit dependency on target 'FirebaseAuthInterop' in project 'Firebase'
        ➜ Explicit dependency on target 'FirebaseAuthInternal' in project 'Firebase'
        ➜ Explicit dependency on target 'Firebase' in project 'Firebase'
        ➜ Explicit dependency on target 'FirebaseCoreInternal' in project 'Firebase'
        ➜ Explicit dependency on target 'FirebaseCore' in project 'Firebase'
        ➜ Explicit dependency on target 'FirebaseCoreExtension' in project 'Firebase'
        ➜ Explicit dependency on target 'RecaptchaInterop' in project 'InteropForGoogle'
        ➜ Explicit dependency on target 'GULNSData' in project 'GoogleUtilities'
        ➜ Explicit dependency on target 'GULEnvironment' in project 'GoogleUtilities'
        ➜ Explicit dependency on target 'GULLogger' in project 'GoogleUtilities'
        ➜ Explicit dependency on target 'GULAppDelegateSwizzler' in project 'GoogleUtilities'
        ➜ Explicit dependency on target 'GTMSessionFetcherCore' in project 'GTMSessionFetcher'
    Target 'GTMSessionFetcherCore' in project 'GTMSessionFetcher'
        ➜ Explicit dependency on target 'GTMSessionFetcherCore' in project 'GTMSessionFetcher'
        ➜ Explicit dependency on target 'GTMSessionFetcher_GTMSessionFetcherCore' in project 'GTMSessionFetcher'
    Target 'GTMSessionFetcherCore' in project 'GTMSessionFetcher'
        ➜ Explicit dependency on target 'GTMSessionFetcher_GTMSessionFetcherCore' in project 'GTMSessionFetcher'
    Target 'GTMSessionFetcher_GTMSessionFetcherCore' in project 'GTMSessionFetcher' (no dependencies)
    Target 'GULAppDelegateSwizzler' in project 'GoogleUtilities'
        ➜ Explicit dependency on target 'GoogleUtilities-AppDelegateSwizzler' in project 'GoogleUtilities'
        ➜ Explicit dependency on target 'GoogleUtilities_GoogleUtilities-AppDelegateSwizzler' in project 'GoogleUtilities'
        ➜ Explicit dependency on target 'third-party-IsAppEncrypted' in project 'GoogleUtilities'
        ➜ Explicit dependency on target 'GoogleUtilities-Environment' in project 'GoogleUtilities'
        ➜ Explicit dependency on target 'GoogleUtilities-Logger' in project 'GoogleUtilities'
        ➜ Explicit dependency on target 'GoogleUtilities-NSData' in project 'GoogleUtilities'
        ➜ Explicit dependency on target 'GoogleUtilities-Reachability' in project 'GoogleUtilities'
        ➜ Explicit dependency on target 'GoogleUtilities-Network' in project 'GoogleUtilities'
    Target 'GoogleUtilities-AppDelegateSwizzler' in project 'GoogleUtilities'
        ➜ Explicit dependency on target 'GoogleUtilities_GoogleUtilities-AppDelegateSwizzler' in project 'GoogleUtilities'
        ➜ Explicit dependency on target 'third-party-IsAppEncrypted' in project 'GoogleUtilities'
        ➜ Explicit dependency on target 'GoogleUtilities-Environment' in project 'GoogleUtilities'
        ➜ Explicit dependency on target 'GoogleUtilities-Logger' in project 'GoogleUtilities'
        ➜ Explicit dependency on target 'GoogleUtilities-NSData' in project 'GoogleUtilities'
        ➜ Explicit dependency on target 'GoogleUtilities-Reachability' in project 'GoogleUtilities'
        ➜ Explicit dependency on target 'GoogleUtilities-Network' in project 'GoogleUtilities'
    Target 'GoogleUtilities-Network' in project 'GoogleUtilities'
        ➜ Explicit dependency on target 'GoogleUtilities_GoogleUtilities-Network' in project 'GoogleUtilities'
        ➜ Explicit dependency on target 'third-party-IsAppEncrypted' in project 'GoogleUtilities'
        ➜ Explicit dependency on target 'GoogleUtilities-Environment' in project 'GoogleUtilities'
        ➜ Explicit dependency on target 'GoogleUtilities-Logger' in project 'GoogleUtilities'
        ➜ Explicit dependency on target 'GoogleUtilities-NSData' in project 'GoogleUtilities'
        ➜ Explicit dependency on target 'GoogleUtilities-Reachability' in project 'GoogleUtilities'
    Target 'GoogleUtilities_GoogleUtilities-Network' in project 'GoogleUtilities' (no dependencies)
    Target 'GoogleUtilities-Reachability' in project 'GoogleUtilities'
        ➜ Explicit dependency on target 'GoogleUtilities_GoogleUtilities-Reachability' in project 'GoogleUtilities'
        ➜ Explicit dependency on target 'third-party-IsAppEncrypted' in project 'GoogleUtilities'
        ➜ Explicit dependency on target 'GoogleUtilities-Environment' in project 'GoogleUtilities'
        ➜ Explicit dependency on target 'GoogleUtilities-Logger' in project 'GoogleUtilities'
    Target 'GoogleUtilities_GoogleUtilities-Reachability' in project 'GoogleUtilities' (no dependencies)
    Target 'GoogleUtilities_GoogleUtilities-AppDelegateSwizzler' in project 'GoogleUtilities' (no dependencies)
    Target 'FirebaseAuthInternal' in project 'Firebase'
        ➜ Explicit dependency on target 'RecaptchaInterop' in project 'InteropForGoogle'
    Target 'RecaptchaInterop' in project 'InteropForGoogle'
        ➜ Explicit dependency on target 'RecaptchaInterop' in project 'InteropForGoogle'
    Target 'RecaptchaInterop' in project 'InteropForGoogle' (no dependencies)
    Target 'FirebaseAuthInterop' in project 'Firebase' (no dependencies)
    Target 'Firebase_FirebaseAuth' in project 'Firebase' (no dependencies)
    Target 'FirebaseFirestore' in project 'Firebase'
        ➜ Explicit dependency on target 'FirebaseFirestoreTarget' in project 'Firebase'
        ➜ Explicit dependency on target 'FirebaseFirestoreInternalWrapper' in project 'Firebase'
        ➜ Explicit dependency on target 'FirebaseAppCheckInterop' in project 'Firebase'
        ➜ Explicit dependency on target 'Firebase' in project 'Firebase'
        ➜ Explicit dependency on target 'FirebaseCoreInternal' in project 'Firebase'
        ➜ Explicit dependency on target 'FirebaseCore' in project 'Firebase'
        ➜ Explicit dependency on target 'FirebaseCoreExtension' in project 'Firebase'
        ➜ Explicit dependency on target 'FirebaseSharedSwift' in project 'Firebase'
        ➜ Explicit dependency on target 'FirebaseFirestore' in project 'Firebase'
        ➜ Explicit dependency on target 'GULNSData' in project 'GoogleUtilities'
        ➜ Explicit dependency on target 'GULEnvironment' in project 'GoogleUtilities'
        ➜ Explicit dependency on target 'GULLogger' in project 'GoogleUtilities'
        ➜ Explicit dependency on target 'abseil' in project 'abseil'
        ➜ Explicit dependency on target 'gRPC-C++' in project 'gRPC'
        ➜ Explicit dependency on target 'nanopb' in project 'nanopb'
        ➜ Explicit dependency on target 'leveldb' in project 'leveldb'
    Target 'FirebaseFirestoreTarget' in project 'Firebase'
        ➜ Explicit dependency on target 'FirebaseFirestoreInternalWrapper' in project 'Firebase'
        ➜ Explicit dependency on target 'FirebaseAppCheckInterop' in project 'Firebase'
        ➜ Explicit dependency on target 'Firebase' in project 'Firebase'
        ➜ Explicit dependency on target 'FirebaseCoreInternal' in project 'Firebase'
        ➜ Explicit dependency on target 'FirebaseCore' in project 'Firebase'
        ➜ Explicit dependency on target 'FirebaseCoreExtension' in project 'Firebase'
        ➜ Explicit dependency on target 'FirebaseSharedSwift' in project 'Firebase'
        ➜ Explicit dependency on target 'FirebaseFirestore' in project 'Firebase'
        ➜ Explicit dependency on target 'GULNSData' in project 'GoogleUtilities'
        ➜ Explicit dependency on target 'GULEnvironment' in project 'GoogleUtilities'
        ➜ Explicit dependency on target 'GULLogger' in project 'GoogleUtilities'
        ➜ Explicit dependency on target 'abseil' in project 'abseil'
        ➜ Explicit dependency on target 'gRPC-C++' in project 'gRPC'
        ➜ Explicit dependency on target 'nanopb' in project 'nanopb'
        ➜ Explicit dependency on target 'leveldb' in project 'leveldb'
    Target 'FirebaseFirestore' in project 'Firebase'
        ➜ Explicit dependency on target 'Firebase_FirebaseFirestore' in project 'Firebase'
        ➜ Explicit dependency on target 'FirebaseFirestoreInternalWrapper' in project 'Firebase'
        ➜ Explicit dependency on target 'FirebaseAppCheckInterop' in project 'Firebase'
        ➜ Explicit dependency on target 'Firebase' in project 'Firebase'
        ➜ Explicit dependency on target 'FirebaseCoreInternal' in project 'Firebase'
        ➜ Explicit dependency on target 'FirebaseCore' in project 'Firebase'
        ➜ Explicit dependency on target 'FirebaseCoreExtension' in project 'Firebase'
        ➜ Explicit dependency on target 'FirebaseSharedSwift' in project 'Firebase'
        ➜ Explicit dependency on target 'GULNSData' in project 'GoogleUtilities'
        ➜ Explicit dependency on target 'GULEnvironment' in project 'GoogleUtilities'
        ➜ Explicit dependency on target 'GULLogger' in project 'GoogleUtilities'
        ➜ Explicit dependency on target 'abseil' in project 'abseil'
        ➜ Explicit dependency on target 'gRPC-C++' in project 'gRPC'
        ➜ Explicit dependency on target 'nanopb' in project 'nanopb'
        ➜ Explicit dependency on target 'leveldb' in project 'leveldb'
    Target 'leveldb' in project 'leveldb'
        ➜ Explicit dependency on target 'leveldb' in project 'leveldb'
        ➜ Explicit dependency on target 'leveldb_leveldb' in project 'leveldb'
    Target 'leveldb' in project 'leveldb'
        ➜ Explicit dependency on target 'leveldb_leveldb' in project 'leveldb'
    Target 'leveldb_leveldb' in project 'leveldb' (no dependencies)
    Target 'nanopb' in project 'nanopb'
        ➜ Explicit dependency on target 'nanopb' in project 'nanopb'
        ➜ Explicit dependency on target 'nanopb_nanopb' in project 'nanopb'
    Target 'nanopb' in project 'nanopb'
        ➜ Explicit dependency on target 'nanopb_nanopb' in project 'nanopb'
    Target 'nanopb_nanopb' in project 'nanopb' (no dependencies)
    Target 'gRPC-C++' in project 'gRPC'
        ➜ Explicit dependency on target 'grpcppWrapper' in project 'gRPC'
        ➜ Explicit dependency on target 'gRPC_grpcppWrapper' in project 'gRPC'
        ➜ Explicit dependency on target 'grpcWrapper' in project 'gRPC'
        ➜ Explicit dependency on target 'opensslWrapper' in project 'gRPC'
        ➜ Explicit dependency on target 'abseil' in project 'abseil'
    Target 'grpcppWrapper' in project 'gRPC'
        ➜ Explicit dependency on target 'gRPC_grpcppWrapper' in project 'gRPC'
        ➜ Explicit dependency on target 'grpcWrapper' in project 'gRPC'
        ➜ Explicit dependency on target 'opensslWrapper' in project 'gRPC'
        ➜ Explicit dependency on target 'abseil' in project 'abseil'
    Target 'opensslWrapper' in project 'gRPC'
        ➜ Explicit dependency on target 'gRPC_opensslWrapper' in project 'gRPC'
    Target 'gRPC_opensslWrapper' in project 'gRPC' (no dependencies)
    Target 'grpcWrapper' in project 'gRPC'
        ➜ Explicit dependency on target 'gRPC_grpcWrapper' in project 'gRPC'
    Target 'gRPC_grpcWrapper' in project 'gRPC' (no dependencies)
    Target 'gRPC_grpcppWrapper' in project 'gRPC' (no dependencies)
    Target 'abseil' in project 'abseil'
        ➜ Explicit dependency on target 'abslWrapper' in project 'abseil'
        ➜ Explicit dependency on target 'abseil_abslWrapper' in project 'abseil'
    Target 'abslWrapper' in project 'abseil'
        ➜ Explicit dependency on target 'abseil_abslWrapper' in project 'abseil'
    Target 'abseil_abslWrapper' in project 'abseil' (no dependencies)
    Target 'Firebase_FirebaseFirestore' in project 'Firebase' (no dependencies)
    Target 'FirebaseSharedSwift' in project 'Firebase' (no dependencies)
    Target 'FirebaseCoreExtension' in project 'Firebase'
        ➜ Explicit dependency on target 'Firebase_FirebaseCoreExtension' in project 'Firebase'
    Target 'Firebase_FirebaseCoreExtension' in project 'Firebase' (no dependencies)
    Target 'FirebaseCore' in project 'Firebase'
        ➜ Explicit dependency on target 'Firebase_FirebaseCore' in project 'Firebase'
        ➜ Explicit dependency on target 'Firebase' in project 'Firebase'
        ➜ Explicit dependency on target 'FirebaseCoreInternal' in project 'Firebase'
        ➜ Explicit dependency on target 'GULNSData' in project 'GoogleUtilities'
        ➜ Explicit dependency on target 'GULEnvironment' in project 'GoogleUtilities'
        ➜ Explicit dependency on target 'GULLogger' in project 'GoogleUtilities'
    Target 'GULLogger' in project 'GoogleUtilities'
        ➜ Explicit dependency on target 'GoogleUtilities-Logger' in project 'GoogleUtilities'
        ➜ Explicit dependency on target 'GoogleUtilities_GoogleUtilities-Logger' in project 'GoogleUtilities'
        ➜ Explicit dependency on target 'third-party-IsAppEncrypted' in project 'GoogleUtilities'
        ➜ Explicit dependency on target 'GoogleUtilities-Environment' in project 'GoogleUtilities'
    Target 'GoogleUtilities-Logger' in project 'GoogleUtilities'
        ➜ Explicit dependency on target 'GoogleUtilities_GoogleUtilities-Logger' in project 'GoogleUtilities'
        ➜ Explicit dependency on target 'third-party-IsAppEncrypted' in project 'GoogleUtilities'
        ➜ Explicit dependency on target 'GoogleUtilities-Environment' in project 'GoogleUtilities'
    Target 'GoogleUtilities_GoogleUtilities-Logger' in project 'GoogleUtilities' (no dependencies)
    Target 'GULEnvironment' in project 'GoogleUtilities'
        ➜ Explicit dependency on target 'GoogleUtilities-Environment' in project 'GoogleUtilities'
        ➜ Explicit dependency on target 'GoogleUtilities_GoogleUtilities-Environment' in project 'GoogleUtilities'
        ➜ Explicit dependency on target 'third-party-IsAppEncrypted' in project 'GoogleUtilities'
    Target 'GoogleUtilities-Environment' in project 'GoogleUtilities'
        ➜ Explicit dependency on target 'GoogleUtilities_GoogleUtilities-Environment' in project 'GoogleUtilities'
        ➜ Explicit dependency on target 'third-party-IsAppEncrypted' in project 'GoogleUtilities'
    Target 'third-party-IsAppEncrypted' in project 'GoogleUtilities' (no dependencies)
    Target 'GoogleUtilities_GoogleUtilities-Environment' in project 'GoogleUtilities' (no dependencies)
    Target 'Firebase_FirebaseCore' in project 'Firebase' (no dependencies)
    Target 'FirebaseCoreInternal' in project 'Firebase'
        ➜ Explicit dependency on target 'Firebase_FirebaseCoreInternal' in project 'Firebase'
        ➜ Explicit dependency on target 'GULNSData' in project 'GoogleUtilities'
    Target 'GULNSData' in project 'GoogleUtilities'
        ➜ Explicit dependency on target 'GoogleUtilities-NSData' in project 'GoogleUtilities'
        ➜ Explicit dependency on target 'GoogleUtilities_GoogleUtilities-NSData' in project 'GoogleUtilities'
    Target 'GoogleUtilities-NSData' in project 'GoogleUtilities'
        ➜ Explicit dependency on target 'GoogleUtilities_GoogleUtilities-NSData' in project 'GoogleUtilities'
    Target 'GoogleUtilities_GoogleUtilities-NSData' in project 'GoogleUtilities' (no dependencies)
    Target 'Firebase_FirebaseCoreInternal' in project 'Firebase' (no dependencies)
    Target 'Firebase' in project 'Firebase' (no dependencies)
    Target 'FirebaseAppCheckInterop' in project 'Firebase' (no dependencies)
    Target 'FirebaseFirestoreInternalWrapper' in project 'Firebase' (no dependencies)
    Target 'WorkoutTrackerWatch Watch App' in project 'WorkoutTracker' (no dependencies)
    Target 'StatsWidgetExtension' in project 'WorkoutTracker' (no dependencies)
    Target 'WorkoutTimerWidgetExtension' in project 'WorkoutTracker' (no dependencies)

GatherProvisioningInputs

CreateBuildDescription

ExecuteExternalTool /Applications/Xcode.app/Contents/Developer/usr/bin/actool --version --output-format xml1

ExecuteExternalTool /Applications/Xcode.app/Contents/Developer/Toolchains/XcodeDefault.xctoolchain/usr/bin/clang -v -E -dM -arch arm64 -isysroot /Applications/Xcode.app/Contents/Developer/Platforms/iPhoneSimulator.platform/Developer/SDKs/iPhoneSimulator26.2.sdk -x objective-c -c /dev/null

ExecuteExternalTool /Applications/Xcode.app/Contents/Developer/usr/bin/actool --print-asset-tag-combinations --output-format xml1 /Users/ilakazdan/WorkoutTracker/WatchApp/Assets.xcassets

ExecuteExternalTool /Applications/Xcode.app/Contents/Developer/Toolchains/XcodeDefault.xctoolchain/usr/bin/swiftc --version

ExecuteExternalTool /Applications/Xcode.app/Contents/Developer/Toolchains/XcodeDefault.xctoolchain/usr/bin/clang -v -E -dM -isysroot /Applications/Xcode.app/Contents/Developer/Platforms/iPhoneSimulator.platform/Developer/SDKs/iPhoneSimulator26.2.sdk -x c -c /dev/null

ExecuteExternalTool /Applications/Xcode.app/Contents/Developer/Toolchains/XcodeDefault.xctoolchain/usr/bin/clang -v -E -dM -arch arm64 -isysroot /Applications/Xcode.app/Contents/Developer/Platforms/iPhoneSimulator.platform/Developer/SDKs/iPhoneSimulator26.2.sdk -x c -c /dev/null

ExecuteExternalTool /Applications/Xcode.app/Contents/Developer/Toolchains/XcodeDefault.xctoolchain/usr/bin/ld -version_details

ExecuteExternalTool /Applications/Xcode.app/Contents/Developer/Toolchains/XcodeDefault.xctoolchain/usr/bin/clang -v -E -dM -arch arm64 -isysroot /Applications/Xcode.app/Contents/Developer/Platforms/iPhoneSimulator.platform/Developer/SDKs/iPhoneSimulator26.2.sdk -x c++ -c /dev/null

ExecuteExternalTool /Applications/Xcode.app/Contents/Developer/Toolchains/XcodeDefault.xctoolchain/usr/bin/clang -v -E -dM -arch x86_64 -isysroot /Applications/Xcode.app/Contents/Developer/Platforms/iPhoneSimulator.platform/Developer/SDKs/iPhoneSimulator26.2.sdk -x objective-c -c /dev/null

ExecuteExternalTool /Applications/Xcode.app/Contents/Developer/Toolchains/XcodeDefault.xctoolchain/usr/bin/clang -v -E -dM -arch x86_64 -isysroot /Applications/Xcode.app/Contents/Developer/Platforms/iPhoneSimulator.platform/Developer/SDKs/iPhoneSimulator26.2.sdk -x c -c /dev/null

ExecuteExternalTool /Applications/Xcode.app/Contents/Developer/Toolchains/XcodeDefault.xctoolchain/usr/bin/clang -v -E -dM -isysroot /Applications/Xcode.app/Contents/Developer/Platforms/WatchSimulator.platform/Developer/SDKs/WatchSimulator26.2.sdk -x c -c /dev/null

ExecuteExternalTool /Applications/Xcode.app/Contents/Developer/Toolchains/XcodeDefault.xctoolchain/usr/bin/clang -v -E -dM -arch arm64 -isysroot /Applications/Xcode.app/Contents/Developer/Platforms/iPhoneSimulator.platform/Developer/SDKs/iPhoneSimulator26.2.sdk -x objective-c++ -c /dev/null

ExecuteExternalTool /usr/bin/what -q /Applications/Xcode.app/Contents/Developer/Toolchains/XcodeDefault.xctoolchain/usr/bin/coremlc

ExecuteExternalTool /Applications/Xcode.app/Contents/Developer/Toolchains/XcodeDefault.xctoolchain/usr/bin/clang -v -E -dM -arch x86_64 -isysroot /Applications/Xcode.app/Contents/Developer/Platforms/iPhoneSimulator.platform/Developer/SDKs/iPhoneSimulator26.2.sdk -x c++ -c /dev/null

ExecuteExternalTool /Applications/Xcode.app/Contents/Developer/Toolchains/XcodeDefault.xctoolchain/usr/bin/clang -v -E -dM -arch x86_64 -isysroot /Applications/Xcode.app/Contents/Developer/Platforms/iPhoneSimulator.platform/Developer/SDKs/iPhoneSimulator26.2.sdk -x objective-c++ -c /dev/null

ExecuteExternalTool /Applications/Xcode.app/Contents/Developer/Toolchains/XcodeDefault.xctoolchain/usr/bin/coremlc generate /Users/ilakazdan/WorkoutTracker/WorkoutTracker/WorkoutClassifier.mlmodel /Users/ilakazdan/Library/Developer/Xcode/DerivedData/WorkoutTracker-damryvjlpuarrrhkmzzrsckhybqp/Build/Intermediates.noindex/WorkoutTracker.build/Debug-iphonesimulator/WorkoutTracker.build/DerivedSources/CoreMLGenerated/WorkoutClassifier --dry-run yes --deployment-target 17.6 --sdkroot /Applications/Xcode.app/Contents/Developer/Platforms/iPhoneSimulator.platform/Developer/SDKs/iPhoneSimulator26.2.sdk --platform ios --output-partial-info-plist /Users/ilakazdan/Library/Developer/Xcode/DerivedData/WorkoutTracker-damryvjlpuarrrhkmzzrsckhybqp/Build/Intermediates.noindex/WorkoutTracker.build/Debug-iphonesimulator/WorkoutTracker.build/WorkoutClassifier-CoreMLPartialInfo.plist --container bundle-resources --language Swift --swift-version 5.0

ExecuteExternalTool /Applications/Xcode.app/Contents/Developer/usr/bin/actool --print-asset-tag-combinations --output-format xml1 /Users/ilakazdan/WorkoutTracker/WorkoutTracker/Assets.xcassets

ExecuteExternalTool /Applications/Xcode.app/Contents/Developer/usr/bin/xcstringstool compile --dry-run --output-directory /Users/ilakazdan/Library/Developer/Xcode/DerivedData/WorkoutTracker-damryvjlpuarrrhkmzzrsckhybqp/Build/Intermediates.noindex/WorkoutTracker.build/Debug-iphonesimulator/WorkoutTracker.build /Users/ilakazdan/WorkoutTracker/WorkoutTracker/Localizable.xcstrings

Build description signature: ea66da9425f9d854a772013cce92f3d6
Build description path: /Users/ilakazdan/Library/Developer/Xcode/DerivedData/WorkoutTracker-damryvjlpuarrrhkmzzrsckhybqp/Build/Intermediates.noindex/XCBuildData/ea66da9425f9d854a772013cce92f3d6.xcbuilddata
ClangStatCache /Applications/Xcode.app/Contents/Developer/Toolchains/XcodeDefault.xctoolchain/usr/bin/clang-stat-cache /Applications/Xcode.app/Contents/Developer/Platforms/WatchSimulator.platform/Developer/SDKs/WatchSimulator26.2.sdk /Users/ilakazdan/Library/Developer/Xcode/DerivedData/SDKStatCaches.noindex/watchsimulator26.2-23S303-963ebdd26732d23a23bcca82c2045e26.sdkstatcache
    cd /Users/ilakazdan/WorkoutTracker/WorkoutTracker.xcodeproj
    /Applications/Xcode.app/Contents/Developer/Toolchains/XcodeDefault.xctoolchain/usr/bin/clang-stat-cache /Applications/Xcode.app/Contents/Developer/Platforms/WatchSimulator.platform/Developer/SDKs/WatchSimulator26.2.sdk -o /Users/ilakazdan/Library/Developer/Xcode/DerivedData/SDKStatCaches.noindex/watchsimulator26.2-23S303-963ebdd26732d23a23bcca82c2045e26.sdkstatcache

ClangStatCache /Applications/Xcode.app/Contents/Developer/Toolchains/XcodeDefault.xctoolchain/usr/bin/clang-stat-cache /Applications/Xcode.app/Contents/Developer/Platforms/iPhoneSimulator.platform/Developer/SDKs/iPhoneSimulator26.2.sdk /Users/ilakazdan/Library/Developer/Xcode/DerivedData/SDKStatCaches.noindex/iphonesimulator26.2-23C57-7d00a8b37fbd7999ea79df8ebc024bf0.sdkstatcache
    cd /Users/ilakazdan/WorkoutTracker/WorkoutTracker.xcodeproj
    /Applications/Xcode.app/Contents/Developer/Toolchains/XcodeDefault.xctoolchain/usr/bin/clang-stat-cache /Applications/Xcode.app/Contents/Developer/Platforms/iPhoneSimulator.platform/Developer/SDKs/iPhoneSimulator26.2.sdk -o /Users/ilakazdan/Library/Developer/Xcode/DerivedData/SDKStatCaches.noindex/iphonesimulator26.2-23C57-7d00a8b37fbd7999ea79df8ebc024bf0.sdkstatcache

ProcessProductPackaging /Users/ilakazdan/WorkoutTracker/WorkoutTrackerWatch\ Watch\ App.entitlements /Users/ilakazdan/Library/Developer/Xcode/DerivedData/WorkoutTracker-damryvjlpuarrrhkmzzrsckhybqp/Build/Intermediates.noindex/WorkoutTracker.build/Debug-watchsimulator/WorkoutTrackerWatch\ Watch\ App.build/WorkoutTrackerWatch\ Watch\ App.app.xcent (in target 'WorkoutTrackerWatch Watch App' from project 'WorkoutTracker')
    cd /Users/ilakazdan/WorkoutTracker
    
    Entitlements:
    
    {
}
    
    builtin-productPackagingUtility /Users/ilakazdan/WorkoutTracker/WorkoutTrackerWatch\ Watch\ App.entitlements -entitlements -format xml -o /Users/ilakazdan/Library/Developer/Xcode/DerivedData/WorkoutTracker-damryvjlpuarrrhkmzzrsckhybqp/Build/Intermediates.noindex/WorkoutTracker.build/Debug-watchsimulator/WorkoutTrackerWatch\ Watch\ App.build/WorkoutTrackerWatch\ Watch\ App.app.xcent

ProcessInfoPlistFile /Users/ilakazdan/Library/Developer/Xcode/DerivedData/WorkoutTracker-damryvjlpuarrrhkmzzrsckhybqp/Build/Products/Debug-iphonesimulator/GoogleUtilities_GoogleUtilities-Environment.bundle/Info.plist /Users/ilakazdan/Library/Developer/Xcode/DerivedData/WorkoutTracker-damryvjlpuarrrhkmzzrsckhybqp/Build/Intermediates.noindex/GoogleUtilities.build/Debug-iphonesimulator/GoogleUtilities_GoogleUtilities-Environment.build/empty-GoogleUtilities_GoogleUtilities-Environment.plist (in target 'GoogleUtilities_GoogleUtilities-Environment' from project 'GoogleUtilities')
    cd /Users/ilakazdan/Library/Developer/Xcode/DerivedData/WorkoutTracker-damryvjlpuarrrhkmzzrsckhybqp/SourcePackages/checkouts/GoogleUtilities
    builtin-infoPlistUtility /Users/ilakazdan/Library/Developer/Xcode/DerivedData/WorkoutTracker-damryvjlpuarrrhkmzzrsckhybqp/Build/Intermediates.noindex/GoogleUtilities.build/Debug-iphonesimulator/GoogleUtilities_GoogleUtilities-Environment.build/empty-GoogleUtilities_GoogleUtilities-Environment.plist -producttype com.apple.product-type.bundle -expandbuildsettings -format binary -platform iphonesimulator -o /Users/ilakazdan/Library/Developer/Xcode/DerivedData/WorkoutTracker-damryvjlpuarrrhkmzzrsckhybqp/Build/Products/Debug-iphonesimulator/GoogleUtilities_GoogleUtilities-Environment.bundle/Info.plist

ProcessInfoPlistFile /Users/ilakazdan/Library/Developer/Xcode/DerivedData/WorkoutTracker-damryvjlpuarrrhkmzzrsckhybqp/Build/Products/Debug-iphonesimulator/GoogleUtilities_GoogleUtilities-AppDelegateSwizzler.bundle/Info.plist /Users/ilakazdan/Library/Developer/Xcode/DerivedData/WorkoutTracker-damryvjlpuarrrhkmzzrsckhybqp/Build/Intermediates.noindex/GoogleUtilities.build/Debug-iphonesimulator/GoogleUtilities_GoogleUtilities-AppDelegateSwizzler.build/empty-GoogleUtilities_GoogleUtilities-AppDelegateSwizzler.plist (in target 'GoogleUtilities_GoogleUtilities-AppDelegateSwizzler' from project 'GoogleUtilities')
    cd /Users/ilakazdan/Library/Developer/Xcode/DerivedData/WorkoutTracker-damryvjlpuarrrhkmzzrsckhybqp/SourcePackages/checkouts/GoogleUtilities
    builtin-infoPlistUtility /Users/ilakazdan/Library/Developer/Xcode/DerivedData/WorkoutTracker-damryvjlpuarrrhkmzzrsckhybqp/Build/Intermediates.noindex/GoogleUtilities.build/Debug-iphonesimulator/GoogleUtilities_GoogleUtilities-AppDelegateSwizzler.build/empty-GoogleUtilities_GoogleUtilities-AppDelegateSwizzler.plist -producttype com.apple.product-type.bundle -expandbuildsettings -format binary -platform iphonesimulator -o /Users/ilakazdan/Library/Developer/Xcode/DerivedData/WorkoutTracker-damryvjlpuarrrhkmzzrsckhybqp/Build/Products/Debug-iphonesimulator/GoogleUtilities_GoogleUtilities-AppDelegateSwizzler.bundle/Info.plist

ProcessInfoPlistFile /Users/ilakazdan/Library/Developer/Xcode/DerivedData/WorkoutTracker-damryvjlpuarrrhkmzzrsckhybqp/Build/Products/Debug-iphonesimulator/Promises_FBLPromises.bundle/Info.plist /Users/ilakazdan/Library/Developer/Xcode/DerivedData/WorkoutTracker-damryvjlpuarrrhkmzzrsckhybqp/Build/Intermediates.noindex/Promises.build/Debug-iphonesimulator/Promises_FBLPromises.build/empty-Promises_FBLPromises.plist (in target 'Promises_FBLPromises' from project 'Promises')
    cd /Users/ilakazdan/Library/Developer/Xcode/DerivedData/WorkoutTracker-damryvjlpuarrrhkmzzrsckhybqp/SourcePackages/checkouts/promises
    builtin-infoPlistUtility /Users/ilakazdan/Library/Developer/Xcode/DerivedData/WorkoutTracker-damryvjlpuarrrhkmzzrsckhybqp/Build/Intermediates.noindex/Promises.build/Debug-iphonesimulator/Promises_FBLPromises.build/empty-Promises_FBLPromises.plist -producttype com.apple.product-type.bundle -expandbuildsettings -format binary -platform iphonesimulator -o /Users/ilakazdan/Library/Developer/Xcode/DerivedData/WorkoutTracker-damryvjlpuarrrhkmzzrsckhybqp/Build/Products/Debug-iphonesimulator/Promises_FBLPromises.bundle/Info.plist

ProcessInfoPlistFile /Users/ilakazdan/Library/Developer/Xcode/DerivedData/WorkoutTracker-damryvjlpuarrrhkmzzrsckhybqp/Build/Products/Debug-iphonesimulator/GoogleUtilities_GoogleUtilities-NSData.bundle/Info.plist /Users/ilakazdan/Library/Developer/Xcode/DerivedData/WorkoutTracker-damryvjlpuarrrhkmzzrsckhybqp/Build/Intermediates.noindex/GoogleUtilities.build/Debug-iphonesimulator/GoogleUtilities_GoogleUtilities-NSData.build/empty-GoogleUtilities_GoogleUtilities-NSData.plist (in target 'GoogleUtilities_GoogleUtilities-NSData' from project 'GoogleUtilities')
    cd /Users/ilakazdan/Library/Developer/Xcode/DerivedData/WorkoutTracker-damryvjlpuarrrhkmzzrsckhybqp/SourcePackages/checkouts/GoogleUtilities
    builtin-infoPlistUtility /Users/ilakazdan/Library/Developer/Xcode/DerivedData/WorkoutTracker-damryvjlpuarrrhkmzzrsckhybqp/Build/Intermediates.noindex/GoogleUtilities.build/Debug-iphonesimulator/GoogleUtilities_GoogleUtilities-NSData.build/empty-GoogleUtilities_GoogleUtilities-NSData.plist -producttype com.apple.product-type.bundle -expandbuildsettings -format binary -platform iphonesimulator -o /Users/ilakazdan/Library/Developer/Xcode/DerivedData/WorkoutTracker-damryvjlpuarrrhkmzzrsckhybqp/Build/Products/Debug-iphonesimulator/GoogleUtilities_GoogleUtilities-NSData.bundle/Info.plist

ProcessProductPackaging /Users/ilakazdan/WorkoutTracker/StatsWidgetExtension.entitlements /Users/ilakazdan/Library/Developer/Xcode/DerivedData/WorkoutTracker-damryvjlpuarrrhkmzzrsckhybqp/Build/Intermediates.noindex/WorkoutTracker.build/Debug-iphonesimulator/StatsWidgetExtension.build/StatsWidgetExtension.appex.xcent (in target 'StatsWidgetExtension' from project 'WorkoutTracker')
    cd /Users/ilakazdan/WorkoutTracker
    
    Entitlements:
    
    {
}
    
    builtin-productPackagingUtility /Users/ilakazdan/WorkoutTracker/StatsWidgetExtension.entitlements -entitlements -format xml -o /Users/ilakazdan/Library/Developer/Xcode/DerivedData/WorkoutTracker-damryvjlpuarrrhkmzzrsckhybqp/Build/Intermediates.noindex/WorkoutTracker.build/Debug-iphonesimulator/StatsWidgetExtension.build/StatsWidgetExtension.appex.xcent

ProcessInfoPlistFile /Users/ilakazdan/Library/Developer/Xcode/DerivedData/WorkoutTracker-damryvjlpuarrrhkmzzrsckhybqp/Build/Products/Debug-iphonesimulator/GoogleUtilities_GoogleUtilities-MethodSwizzler.bundle/Info.plist /Users/ilakazdan/Library/Developer/Xcode/DerivedData/WorkoutTracker-damryvjlpuarrrhkmzzrsckhybqp/Build/Intermediates.noindex/GoogleUtilities.build/Debug-iphonesimulator/GoogleUtilities_GoogleUtilities-MethodSwizzler.build/empty-GoogleUtilities_GoogleUtilities-MethodSwizzler.plist (in target 'GoogleUtilities_GoogleUtilities-MethodSwizzler' from project 'GoogleUtilities')
    cd /Users/ilakazdan/Library/Developer/Xcode/DerivedData/WorkoutTracker-damryvjlpuarrrhkmzzrsckhybqp/SourcePackages/checkouts/GoogleUtilities
    builtin-infoPlistUtility /Users/ilakazdan/Library/Developer/Xcode/DerivedData/WorkoutTracker-damryvjlpuarrrhkmzzrsckhybqp/Build/Intermediates.noindex/GoogleUtilities.build/Debug-iphonesimulator/GoogleUtilities_GoogleUtilities-MethodSwizzler.build/empty-GoogleUtilities_GoogleUtilities-MethodSwizzler.plist -producttype com.apple.product-type.bundle -expandbuildsettings -format binary -platform iphonesimulator -o /Users/ilakazdan/Library/Developer/Xcode/DerivedData/WorkoutTracker-damryvjlpuarrrhkmzzrsckhybqp/Build/Products/Debug-iphonesimulator/GoogleUtilities_GoogleUtilities-MethodSwizzler.bundle/Info.plist

ProcessInfoPlistFile /Users/ilakazdan/Library/Developer/Xcode/DerivedData/WorkoutTracker-damryvjlpuarrrhkmzzrsckhybqp/Build/Products/Debug-iphonesimulator/GoogleSignIn_GoogleSignIn.bundle/Info.plist /Users/ilakazdan/Library/Developer/Xcode/DerivedData/WorkoutTracker-damryvjlpuarrrhkmzzrsckhybqp/Build/Intermediates.noindex/GoogleSignIn.build/Debug-iphonesimulator/GoogleSignIn_GoogleSignIn.build/empty-GoogleSignIn_GoogleSignIn.plist (in target 'GoogleSignIn_GoogleSignIn' from project 'GoogleSignIn')
    cd /Users/ilakazdan/Library/Developer/Xcode/DerivedData/WorkoutTracker-damryvjlpuarrrhkmzzrsckhybqp/SourcePackages/checkouts/GoogleSignIn-iOS
    builtin-infoPlistUtility /Users/ilakazdan/Library/Developer/Xcode/DerivedData/WorkoutTracker-damryvjlpuarrrhkmzzrsckhybqp/Build/Intermediates.noindex/GoogleSignIn.build/Debug-iphonesimulator/GoogleSignIn_GoogleSignIn.build/empty-GoogleSignIn_GoogleSignIn.plist -producttype com.apple.product-type.bundle -expandbuildsettings -format binary -platform iphonesimulator -o /Users/ilakazdan/Library/Developer/Xcode/DerivedData/WorkoutTracker-damryvjlpuarrrhkmzzrsckhybqp/Build/Products/Debug-iphonesimulator/GoogleSignIn_GoogleSignIn.bundle/Info.plist

ProcessInfoPlistFile /Users/ilakazdan/Library/Developer/Xcode/DerivedData/WorkoutTracker-damryvjlpuarrrhkmzzrsckhybqp/Build/Products/Debug-iphonesimulator/GoogleDataTransport_GoogleDataTransport.bundle/Info.plist /Users/ilakazdan/Library/Developer/Xcode/DerivedData/WorkoutTracker-damryvjlpuarrrhkmzzrsckhybqp/Build/Intermediates.noindex/GoogleDataTransport.build/Debug-iphonesimulator/GoogleDataTransport_GoogleDataTransport.build/empty-GoogleDataTransport_GoogleDataTransport.plist (in target 'GoogleDataTransport_GoogleDataTransport' from project 'GoogleDataTransport')
    cd /Users/ilakazdan/Library/Developer/Xcode/DerivedData/WorkoutTracker-damryvjlpuarrrhkmzzrsckhybqp/SourcePackages/checkouts/GoogleDataTransport
    builtin-infoPlistUtility /Users/ilakazdan/Library/Developer/Xcode/DerivedData/WorkoutTracker-damryvjlpuarrrhkmzzrsckhybqp/Build/Intermediates.noindex/GoogleDataTransport.build/Debug-iphonesimulator/GoogleDataTransport_GoogleDataTransport.build/empty-GoogleDataTransport_GoogleDataTransport.plist -producttype com.apple.product-type.bundle -expandbuildsettings -format binary -platform iphonesimulator -o /Users/ilakazdan/Library/Developer/Xcode/DerivedData/WorkoutTracker-damryvjlpuarrrhkmzzrsckhybqp/Build/Products/Debug-iphonesimulator/GoogleDataTransport_GoogleDataTransport.bundle/Info.plist

ProcessInfoPlistFile /Users/ilakazdan/Library/Developer/Xcode/DerivedData/WorkoutTracker-damryvjlpuarrrhkmzzrsckhybqp/Build/Products/Debug-iphonesimulator/GTMSessionFetcher_GTMSessionFetcherCore.bundle/Info.plist /Users/ilakazdan/Library/Developer/Xcode/DerivedData/WorkoutTracker-damryvjlpuarrrhkmzzrsckhybqp/Build/Intermediates.noindex/GTMSessionFetcher.build/Debug-iphonesimulator/GTMSessionFetcher_GTMSessionFetcherCore.build/empty-GTMSessionFetcher_GTMSessionFetcherCore.plist (in target 'GTMSessionFetcher_GTMSessionFetcherCore' from project 'GTMSessionFetcher')
    cd /Users/ilakazdan/Library/Developer/Xcode/DerivedData/WorkoutTracker-damryvjlpuarrrhkmzzrsckhybqp/SourcePackages/checkouts/gtm-session-fetcher
    builtin-infoPlistUtility /Users/ilakazdan/Library/Developer/Xcode/DerivedData/WorkoutTracker-damryvjlpuarrrhkmzzrsckhybqp/Build/Intermediates.noindex/GTMSessionFetcher.build/Debug-iphonesimulator/GTMSessionFetcher_GTMSessionFetcherCore.build/empty-GTMSessionFetcher_GTMSessionFetcherCore.plist -producttype com.apple.product-type.bundle -expandbuildsettings -format binary -platform iphonesimulator -o /Users/ilakazdan/Library/Developer/Xcode/DerivedData/WorkoutTracker-damryvjlpuarrrhkmzzrsckhybqp/Build/Products/Debug-iphonesimulator/GTMSessionFetcher_GTMSessionFetcherCore.bundle/Info.plist

ProcessInfoPlistFile /Users/ilakazdan/Library/Developer/Xcode/DerivedData/WorkoutTracker-damryvjlpuarrrhkmzzrsckhybqp/Build/Products/Debug-iphonesimulator/GTMAppAuth_GTMAppAuth.bundle/Info.plist /Users/ilakazdan/Library/Developer/Xcode/DerivedData/WorkoutTracker-damryvjlpuarrrhkmzzrsckhybqp/Build/Intermediates.noindex/GTMAppAuth.build/Debug-iphonesimulator/GTMAppAuth_GTMAppAuth.build/empty-GTMAppAuth_GTMAppAuth.plist (in target 'GTMAppAuth_GTMAppAuth' from project 'GTMAppAuth')
    cd /Users/ilakazdan/Library/Developer/Xcode/DerivedData/WorkoutTracker-damryvjlpuarrrhkmzzrsckhybqp/SourcePackages/checkouts/GTMAppAuth
    builtin-infoPlistUtility /Users/ilakazdan/Library/Developer/Xcode/DerivedData/WorkoutTracker-damryvjlpuarrrhkmzzrsckhybqp/Build/Intermediates.noindex/GTMAppAuth.build/Debug-iphonesimulator/GTMAppAuth_GTMAppAuth.build/empty-GTMAppAuth_GTMAppAuth.plist -producttype com.apple.product-type.bundle -expandbuildsettings -format binary -platform iphonesimulator -o /Users/ilakazdan/Library/Developer/Xcode/DerivedData/WorkoutTracker-damryvjlpuarrrhkmzzrsckhybqp/Build/Products/Debug-iphonesimulator/GTMAppAuth_GTMAppAuth.bundle/Info.plist

ProcessInfoPlistFile /Users/ilakazdan/Library/Developer/Xcode/DerivedData/WorkoutTracker-damryvjlpuarrrhkmzzrsckhybqp/Build/Products/Debug-iphonesimulator/Firebase_FirebaseRemoteConfig.bundle/Info.plist /Users/ilakazdan/Library/Developer/Xcode/DerivedData/WorkoutTracker-damryvjlpuarrrhkmzzrsckhybqp/Build/Intermediates.noindex/Firebase.build/Debug-iphonesimulator/Firebase_FirebaseRemoteConfig.build/empty-Firebase_FirebaseRemoteConfig.plist (in target 'Firebase_FirebaseRemoteConfig' from project 'Firebase')
    cd /Users/ilakazdan/Library/Developer/Xcode/DerivedData/WorkoutTracker-damryvjlpuarrrhkmzzrsckhybqp/SourcePackages/checkouts/firebase-ios-sdk
    builtin-infoPlistUtility /Users/ilakazdan/Library/Developer/Xcode/DerivedData/WorkoutTracker-damryvjlpuarrrhkmzzrsckhybqp/Build/Intermediates.noindex/Firebase.build/Debug-iphonesimulator/Firebase_FirebaseRemoteConfig.build/empty-Firebase_FirebaseRemoteConfig.plist -producttype com.apple.product-type.bundle -expandbuildsettings -format binary -platform iphonesimulator -o /Users/ilakazdan/Library/Developer/Xcode/DerivedData/WorkoutTracker-damryvjlpuarrrhkmzzrsckhybqp/Build/Products/Debug-iphonesimulator/Firebase_FirebaseRemoteConfig.bundle/Info.plist

ProcessInfoPlistFile /Users/ilakazdan/Library/Developer/Xcode/DerivedData/WorkoutTracker-damryvjlpuarrrhkmzzrsckhybqp/Build/Products/Debug-iphonesimulator/Firebase_FirebaseCrashlytics.bundle/Info.plist /Users/ilakazdan/Library/Developer/Xcode/DerivedData/WorkoutTracker-damryvjlpuarrrhkmzzrsckhybqp/Build/Intermediates.noindex/Firebase.build/Debug-iphonesimulator/Firebase_FirebaseCrashlytics.build/empty-Firebase_FirebaseCrashlytics.plist (in target 'Firebase_FirebaseCrashlytics' from project 'Firebase')
    cd /Users/ilakazdan/Library/Developer/Xcode/DerivedData/WorkoutTracker-damryvjlpuarrrhkmzzrsckhybqp/SourcePackages/checkouts/firebase-ios-sdk
    builtin-infoPlistUtility /Users/ilakazdan/Library/Developer/Xcode/DerivedData/WorkoutTracker-damryvjlpuarrrhkmzzrsckhybqp/Build/Intermediates.noindex/Firebase.build/Debug-iphonesimulator/Firebase_FirebaseCrashlytics.build/empty-Firebase_FirebaseCrashlytics.plist -producttype com.apple.product-type.bundle -expandbuildsettings -format binary -platform iphonesimulator -o /Users/ilakazdan/Library/Developer/Xcode/DerivedData/WorkoutTracker-damryvjlpuarrrhkmzzrsckhybqp/Build/Products/Debug-iphonesimulator/Firebase_FirebaseCrashlytics.bundle/Info.plist

ProcessInfoPlistFile /Users/ilakazdan/Library/Developer/Xcode/DerivedData/WorkoutTracker-damryvjlpuarrrhkmzzrsckhybqp/Build/Products/Debug-iphonesimulator/Firebase_FirebaseCoreExtension.bundle/Info.plist /Users/ilakazdan/Library/Developer/Xcode/DerivedData/WorkoutTracker-damryvjlpuarrrhkmzzrsckhybqp/Build/Intermediates.noindex/Firebase.build/Debug-iphonesimulator/Firebase_FirebaseCoreExtension.build/empty-Firebase_FirebaseCoreExtension.plist (in target 'Firebase_FirebaseCoreExtension' from project 'Firebase')
    cd /Users/ilakazdan/Library/Developer/Xcode/DerivedData/WorkoutTracker-damryvjlpuarrrhkmzzrsckhybqp/SourcePackages/checkouts/firebase-ios-sdk
    builtin-infoPlistUtility /Users/ilakazdan/Library/Developer/Xcode/DerivedData/WorkoutTracker-damryvjlpuarrrhkmzzrsckhybqp/Build/Intermediates.noindex/Firebase.build/Debug-iphonesimulator/Firebase_FirebaseCoreExtension.build/empty-Firebase_FirebaseCoreExtension.plist -producttype com.apple.product-type.bundle -expandbuildsettings -format binary -platform iphonesimulator -o /Users/ilakazdan/Library/Developer/Xcode/DerivedData/WorkoutTracker-damryvjlpuarrrhkmzzrsckhybqp/Build/Products/Debug-iphonesimulator/Firebase_FirebaseCoreExtension.bundle/Info.plist

ProcessInfoPlistFile /Users/ilakazdan/Library/Developer/Xcode/DerivedData/WorkoutTracker-damryvjlpuarrrhkmzzrsckhybqp/Build/Products/Debug-iphonesimulator/Firebase_FirebaseAuth.bundle/Info.plist /Users/ilakazdan/Library/Developer/Xcode/DerivedData/WorkoutTracker-damryvjlpuarrrhkmzzrsckhybqp/Build/Intermediates.noindex/Firebase.build/Debug-iphonesimulator/Firebase_FirebaseAuth.build/empty-Firebase_FirebaseAuth.plist (in target 'Firebase_FirebaseAuth' from project 'Firebase')
    cd /Users/ilakazdan/Library/Developer/Xcode/DerivedData/WorkoutTracker-damryvjlpuarrrhkmzzrsckhybqp/SourcePackages/checkouts/firebase-ios-sdk
    builtin-infoPlistUtility /Users/ilakazdan/Library/Developer/Xcode/DerivedData/WorkoutTracker-damryvjlpuarrrhkmzzrsckhybqp/Build/Intermediates.noindex/Firebase.build/Debug-iphonesimulator/Firebase_FirebaseAuth.build/empty-Firebase_FirebaseAuth.plist -producttype com.apple.product-type.bundle -expandbuildsettings -format binary -platform iphonesimulator -o /Users/ilakazdan/Library/Developer/Xcode/DerivedData/WorkoutTracker-damryvjlpuarrrhkmzzrsckhybqp/Build/Products/Debug-iphonesimulator/Firebase_FirebaseAuth.bundle/Info.plist

ProcessInfoPlistFile /Users/ilakazdan/Library/Developer/Xcode/DerivedData/WorkoutTracker-damryvjlpuarrrhkmzzrsckhybqp/Build/Products/Debug-iphonesimulator/AppAuth_AppAuthCore.bundle/Info.plist /Users/ilakazdan/Library/Developer/Xcode/DerivedData/WorkoutTracker-damryvjlpuarrrhkmzzrsckhybqp/Build/Intermediates.noindex/AppAuth.build/Debug-iphonesimulator/AppAuth_AppAuthCore.build/empty-AppAuth_AppAuthCore.plist (in target 'AppAuth_AppAuthCore' from project 'AppAuth')
    cd /Users/ilakazdan/Library/Developer/Xcode/DerivedData/WorkoutTracker-damryvjlpuarrrhkmzzrsckhybqp/SourcePackages/checkouts/AppAuth-iOS
    builtin-infoPlistUtility /Users/ilakazdan/Library/Developer/Xcode/DerivedData/WorkoutTracker-damryvjlpuarrrhkmzzrsckhybqp/Build/Intermediates.noindex/AppAuth.build/Debug-iphonesimulator/AppAuth_AppAuthCore.build/empty-AppAuth_AppAuthCore.plist -producttype com.apple.product-type.bundle -expandbuildsettings -format binary -platform iphonesimulator -o /Users/ilakazdan/Library/Developer/Xcode/DerivedData/WorkoutTracker-damryvjlpuarrrhkmzzrsckhybqp/Build/Products/Debug-iphonesimulator/AppAuth_AppAuthCore.bundle/Info.plist

ProcessInfoPlistFile /Users/ilakazdan/Library/Developer/Xcode/DerivedData/WorkoutTracker-damryvjlpuarrrhkmzzrsckhybqp/Build/Products/Debug-iphonesimulator/AppAuth_AppAuth.bundle/Info.plist /Users/ilakazdan/Library/Developer/Xcode/DerivedData/WorkoutTracker-damryvjlpuarrrhkmzzrsckhybqp/Build/Intermediates.noindex/AppAuth.build/Debug-iphonesimulator/AppAuth_AppAuth.build/empty-AppAuth_AppAuth.plist (in target 'AppAuth_AppAuth' from project 'AppAuth')
    cd /Users/ilakazdan/Library/Developer/Xcode/DerivedData/WorkoutTracker-damryvjlpuarrrhkmzzrsckhybqp/SourcePackages/checkouts/AppAuth-iOS
    builtin-infoPlistUtility /Users/ilakazdan/Library/Developer/Xcode/DerivedData/WorkoutTracker-damryvjlpuarrrhkmzzrsckhybqp/Build/Intermediates.noindex/AppAuth.build/Debug-iphonesimulator/AppAuth_AppAuth.build/empty-AppAuth_AppAuth.plist -producttype com.apple.product-type.bundle -expandbuildsettings -format binary -platform iphonesimulator -o /Users/ilakazdan/Library/Developer/Xcode/DerivedData/WorkoutTracker-damryvjlpuarrrhkmzzrsckhybqp/Build/Products/Debug-iphonesimulator/AppAuth_AppAuth.bundle/Info.plist

ProcessInfoPlistFile /Users/ilakazdan/Library/Developer/Xcode/DerivedData/WorkoutTracker-damryvjlpuarrrhkmzzrsckhybqp/Build/Products/Debug-iphonesimulator/gRPC_opensslWrapper.bundle/Info.plist /Users/ilakazdan/Library/Developer/Xcode/DerivedData/WorkoutTracker-damryvjlpuarrrhkmzzrsckhybqp/Build/Intermediates.noindex/gRPC.build/Debug-iphonesimulator/gRPC_opensslWrapper.build/empty-gRPC_opensslWrapper.plist (in target 'gRPC_opensslWrapper' from project 'gRPC')
    cd /Users/ilakazdan/Library/Developer/Xcode/DerivedData/WorkoutTracker-damryvjlpuarrrhkmzzrsckhybqp/SourcePackages/checkouts/grpc-binary
    builtin-infoPlistUtility /Users/ilakazdan/Library/Developer/Xcode/DerivedData/WorkoutTracker-damryvjlpuarrrhkmzzrsckhybqp/Build/Intermediates.noindex/gRPC.build/Debug-iphonesimulator/gRPC_opensslWrapper.build/empty-gRPC_opensslWrapper.plist -producttype com.apple.product-type.bundle -expandbuildsettings -format binary -platform iphonesimulator -o /Users/ilakazdan/Library/Developer/Xcode/DerivedData/WorkoutTracker-damryvjlpuarrrhkmzzrsckhybqp/Build/Products/Debug-iphonesimulator/gRPC_opensslWrapper.bundle/Info.plist

ProcessInfoPlistFile /Users/ilakazdan/Library/Developer/Xcode/DerivedData/WorkoutTracker-damryvjlpuarrrhkmzzrsckhybqp/Build/Products/Debug-iphonesimulator/gRPC_grpcppWrapper.bundle/Info.plist /Users/ilakazdan/Library/Developer/Xcode/DerivedData/WorkoutTracker-damryvjlpuarrrhkmzzrsckhybqp/Build/Intermediates.noindex/gRPC.build/Debug-iphonesimulator/gRPC_grpcppWrapper.build/empty-gRPC_grpcppWrapper.plist (in target 'gRPC_grpcppWrapper' from project 'gRPC')
    cd /Users/ilakazdan/Library/Developer/Xcode/DerivedData/WorkoutTracker-damryvjlpuarrrhkmzzrsckhybqp/SourcePackages/checkouts/grpc-binary
    builtin-infoPlistUtility /Users/ilakazdan/Library/Developer/Xcode/DerivedData/WorkoutTracker-damryvjlpuarrrhkmzzrsckhybqp/Build/Intermediates.noindex/gRPC.build/Debug-iphonesimulator/gRPC_grpcppWrapper.build/empty-gRPC_grpcppWrapper.plist -producttype com.apple.product-type.bundle -expandbuildsettings -format binary -platform iphonesimulator -o /Users/ilakazdan/Library/Developer/Xcode/DerivedData/WorkoutTracker-damryvjlpuarrrhkmzzrsckhybqp/Build/Products/Debug-iphonesimulator/gRPC_grpcppWrapper.bundle/Info.plist

ProcessInfoPlistFile /Users/ilakazdan/Library/Developer/Xcode/DerivedData/WorkoutTracker-damryvjlpuarrrhkmzzrsckhybqp/Build/Products/Debug-iphonesimulator/abseil_abslWrapper.bundle/Info.plist /Users/ilakazdan/Library/Developer/Xcode/DerivedData/WorkoutTracker-damryvjlpuarrrhkmzzrsckhybqp/Build/Intermediates.noindex/abseil.build/Debug-iphonesimulator/abseil_abslWrapper.build/empty-abseil_abslWrapper.plist (in target 'abseil_abslWrapper' from project 'abseil')
    cd /Users/ilakazdan/Library/Developer/Xcode/DerivedData/WorkoutTracker-damryvjlpuarrrhkmzzrsckhybqp/SourcePackages/checkouts/abseil-cpp-binary
    builtin-infoPlistUtility /Users/ilakazdan/Library/Developer/Xcode/DerivedData/WorkoutTracker-damryvjlpuarrrhkmzzrsckhybqp/Build/Intermediates.noindex/abseil.build/Debug-iphonesimulator/abseil_abslWrapper.build/empty-abseil_abslWrapper.plist -producttype com.apple.product-type.bundle -expandbuildsettings -format binary -platform iphonesimulator -o /Users/ilakazdan/Library/Developer/Xcode/DerivedData/WorkoutTracker-damryvjlpuarrrhkmzzrsckhybqp/Build/Products/Debug-iphonesimulator/abseil_abslWrapper.bundle/Info.plist

ProcessProductPackaging /Users/ilakazdan/WorkoutTracker/WorkoutTrackerWatch\ Watch\ App.entitlements /Users/ilakazdan/Library/Developer/Xcode/DerivedData/WorkoutTracker-damryvjlpuarrrhkmzzrsckhybqp/Build/Intermediates.noindex/WorkoutTracker.build/Debug-watchsimulator/WorkoutTrackerWatch\ Watch\ App.build/WorkoutTrackerWatch\ Watch\ App.app-Simulated.xcent (in target 'WorkoutTrackerWatch Watch App' from project 'WorkoutTracker')
    cd /Users/ilakazdan/WorkoutTracker
    
    Entitlements:
    
    {
    "application-identifier" = "LSCCP92LMG.com.borisdev.WorkoutTracker.watchapp2026";
    "com.apple.developer.healthkit" = 1;
    "com.apple.developer.healthkit.background-delivery" = 1;
    "com.apple.security.application-groups" =     (
        "group.com.borisdev.WorkoutTracker"
    );
}
    
    builtin-productPackagingUtility /Users/ilakazdan/WorkoutTracker/WorkoutTrackerWatch\ Watch\ App.entitlements -entitlements -format xml -o /Users/ilakazdan/Library/Developer/Xcode/DerivedData/WorkoutTracker-damryvjlpuarrrhkmzzrsckhybqp/Build/Intermediates.noindex/WorkoutTracker.build/Debug-watchsimulator/WorkoutTrackerWatch\ Watch\ App.build/WorkoutTrackerWatch\ Watch\ App.app-Simulated.xcent

ProcessProductPackaging "" /Users/ilakazdan/Library/Developer/Xcode/DerivedData/WorkoutTracker-damryvjlpuarrrhkmzzrsckhybqp/Build/Intermediates.noindex/WorkoutTracker.build/Debug-iphonesimulator/WorkoutTimerWidgetExtension.build/WorkoutTimerWidgetExtension.appex-Simulated.xcent (in target 'WorkoutTimerWidgetExtension' from project 'WorkoutTracker')
    cd /Users/ilakazdan/WorkoutTracker
    
    Entitlements:
    
    {
    "application-identifier" = "LSCCP92LMG.com.borisdev.WorkoutTracker.WorkoutTimerWidget";
}
    
    builtin-productPackagingUtility -entitlements -format xml -o /Users/ilakazdan/Library/Developer/Xcode/DerivedData/WorkoutTracker-damryvjlpuarrrhkmzzrsckhybqp/Build/Intermediates.noindex/WorkoutTracker.build/Debug-iphonesimulator/WorkoutTimerWidgetExtension.build/WorkoutTimerWidgetExtension.appex-Simulated.xcent

ProcessProductPackaging /Users/ilakazdan/WorkoutTracker/StatsWidgetExtension.entitlements /Users/ilakazdan/Library/Developer/Xcode/DerivedData/WorkoutTracker-damryvjlpuarrrhkmzzrsckhybqp/Build/Intermediates.noindex/WorkoutTracker.build/Debug-iphonesimulator/StatsWidgetExtension.build/StatsWidgetExtension.appex-Simulated.xcent (in target 'StatsWidgetExtension' from project 'WorkoutTracker')
    cd /Users/ilakazdan/WorkoutTracker
    
    Entitlements:
    
    {
    "application-identifier" = "LSCCP92LMG.com.borisdev.WorkoutTracker.statswidget2026";
    "com.apple.security.application-groups" =     (
        "group.com.borisdev.WorkoutTracker"
    );
}
    
    builtin-productPackagingUtility /Users/ilakazdan/WorkoutTracker/StatsWidgetExtension.entitlements -entitlements -format xml -o /Users/ilakazdan/Library/Developer/Xcode/DerivedData/WorkoutTracker-damryvjlpuarrrhkmzzrsckhybqp/Build/Intermediates.noindex/WorkoutTracker.build/Debug-iphonesimulator/StatsWidgetExtension.build/StatsWidgetExtension.appex-Simulated.xcent

ProcessInfoPlistFile /Users/ilakazdan/Library/Developer/Xcode/DerivedData/WorkoutTracker-damryvjlpuarrrhkmzzrsckhybqp/Build/Products/Debug-iphonesimulator/Firebase_FirebaseInstallations.bundle/Info.plist /Users/ilakazdan/Library/Developer/Xcode/DerivedData/WorkoutTracker-damryvjlpuarrrhkmzzrsckhybqp/Build/Intermediates.noindex/Firebase.build/Debug-iphonesimulator/Firebase_FirebaseInstallations.build/empty-Firebase_FirebaseInstallations.plist (in target 'Firebase_FirebaseInstallations' from project 'Firebase')
    cd /Users/ilakazdan/Library/Developer/Xcode/DerivedData/WorkoutTracker-damryvjlpuarrrhkmzzrsckhybqp/SourcePackages/checkouts/firebase-ios-sdk
    builtin-infoPlistUtility /Users/ilakazdan/Library/Developer/Xcode/DerivedData/WorkoutTracker-damryvjlpuarrrhkmzzrsckhybqp/Build/Intermediates.noindex/Firebase.build/Debug-iphonesimulator/Firebase_FirebaseInstallations.build/empty-Firebase_FirebaseInstallations.plist -producttype com.apple.product-type.bundle -expandbuildsettings -format binary -platform iphonesimulator -o /Users/ilakazdan/Library/Developer/Xcode/DerivedData/WorkoutTracker-damryvjlpuarrrhkmzzrsckhybqp/Build/Products/Debug-iphonesimulator/Firebase_FirebaseInstallations.bundle/Info.plist

ProcessInfoPlistFile /Users/ilakazdan/Library/Developer/Xcode/DerivedData/WorkoutTracker-damryvjlpuarrrhkmzzrsckhybqp/Build/Products/Debug-iphonesimulator/Firebase_FirebaseFirestore.bundle/Info.plist /Users/ilakazdan/Library/Developer/Xcode/DerivedData/WorkoutTracker-damryvjlpuarrrhkmzzrsckhybqp/Build/Intermediates.noindex/Firebase.build/Debug-iphonesimulator/Firebase_FirebaseFirestore.build/empty-Firebase_FirebaseFirestore.plist (in target 'Firebase_FirebaseFirestore' from project 'Firebase')
    cd /Users/ilakazdan/Library/Developer/Xcode/DerivedData/WorkoutTracker-damryvjlpuarrrhkmzzrsckhybqp/SourcePackages/checkouts/firebase-ios-sdk
    builtin-infoPlistUtility /Users/ilakazdan/Library/Developer/Xcode/DerivedData/WorkoutTracker-damryvjlpuarrrhkmzzrsckhybqp/Build/Intermediates.noindex/Firebase.build/Debug-iphonesimulator/Firebase_FirebaseFirestore.build/empty-Firebase_FirebaseFirestore.plist -producttype com.apple.product-type.bundle -expandbuildsettings -format binary -platform iphonesimulator -o /Users/ilakazdan/Library/Developer/Xcode/DerivedData/WorkoutTracker-damryvjlpuarrrhkmzzrsckhybqp/Build/Products/Debug-iphonesimulator/Firebase_FirebaseFirestore.bundle/Info.plist

ProcessInfoPlistFile /Users/ilakazdan/Library/Developer/Xcode/DerivedData/WorkoutTracker-damryvjlpuarrrhkmzzrsckhybqp/Build/Products/Debug-iphonesimulator/Firebase_FirebaseCrashlyticsSwift.bundle/Info.plist /Users/ilakazdan/Library/Developer/Xcode/DerivedData/WorkoutTracker-damryvjlpuarrrhkmzzrsckhybqp/Build/Intermediates.noindex/Firebase.build/Debug-iphonesimulator/Firebase_FirebaseCrashlyticsSwift.build/empty-Firebase_FirebaseCrashlyticsSwift.plist (in target 'Firebase_FirebaseCrashlyticsSwift' from project 'Firebase')
    cd /Users/ilakazdan/Library/Developer/Xcode/DerivedData/WorkoutTracker-damryvjlpuarrrhkmzzrsckhybqp/SourcePackages/checkouts/firebase-ios-sdk
    builtin-infoPlistUtility /Users/ilakazdan/Library/Developer/Xcode/DerivedData/WorkoutTracker-damryvjlpuarrrhkmzzrsckhybqp/Build/Intermediates.noindex/Firebase.build/Debug-iphonesimulator/Firebase_FirebaseCrashlyticsSwift.build/empty-Firebase_FirebaseCrashlyticsSwift.plist -producttype com.apple.product-type.bundle -expandbuildsettings -format binary -platform iphonesimulator -o /Users/ilakazdan/Library/Developer/Xcode/DerivedData/WorkoutTracker-damryvjlpuarrrhkmzzrsckhybqp/Build/Products/Debug-iphonesimulator/Firebase_FirebaseCrashlyticsSwift.bundle/Info.plist

ProcessInfoPlistFile /Users/ilakazdan/Library/Developer/Xcode/DerivedData/WorkoutTracker-damryvjlpuarrrhkmzzrsckhybqp/Build/Products/Debug-iphonesimulator/Firebase_FirebaseCoreInternal.bundle/Info.plist /Users/ilakazdan/Library/Developer/Xcode/DerivedData/WorkoutTracker-damryvjlpuarrrhkmzzrsckhybqp/Build/Intermediates.noindex/Firebase.build/Debug-iphonesimulator/Firebase_FirebaseCoreInternal.build/empty-Firebase_FirebaseCoreInternal.plist (in target 'Firebase_FirebaseCoreInternal' from project 'Firebase')
    cd /Users/ilakazdan/Library/Developer/Xcode/DerivedData/WorkoutTracker-damryvjlpuarrrhkmzzrsckhybqp/SourcePackages/checkouts/firebase-ios-sdk
    builtin-infoPlistUtility /Users/ilakazdan/Library/Developer/Xcode/DerivedData/WorkoutTracker-damryvjlpuarrrhkmzzrsckhybqp/Build/Intermediates.noindex/Firebase.build/Debug-iphonesimulator/Firebase_FirebaseCoreInternal.build/empty-Firebase_FirebaseCoreInternal.plist -producttype com.apple.product-type.bundle -expandbuildsettings -format binary -platform iphonesimulator -o /Users/ilakazdan/Library/Developer/Xcode/DerivedData/WorkoutTracker-damryvjlpuarrrhkmzzrsckhybqp/Build/Products/Debug-iphonesimulator/Firebase_FirebaseCoreInternal.bundle/Info.plist

ProcessInfoPlistFile /Users/ilakazdan/Library/Developer/Xcode/DerivedData/WorkoutTracker-damryvjlpuarrrhkmzzrsckhybqp/Build/Products/Debug-iphonesimulator/Firebase_FirebaseCore.bundle/Info.plist /Users/ilakazdan/Library/Developer/Xcode/DerivedData/WorkoutTracker-damryvjlpuarrrhkmzzrsckhybqp/Build/Intermediates.noindex/Firebase.build/Debug-iphonesimulator/Firebase_FirebaseCore.build/empty-Firebase_FirebaseCore.plist (in target 'Firebase_FirebaseCore' from project 'Firebase')
    cd /Users/ilakazdan/Library/Developer/Xcode/DerivedData/WorkoutTracker-damryvjlpuarrrhkmzzrsckhybqp/SourcePackages/checkouts/firebase-ios-sdk
    builtin-infoPlistUtility /Users/ilakazdan/Library/Developer/Xcode/DerivedData/WorkoutTracker-damryvjlpuarrrhkmzzrsckhybqp/Build/Intermediates.noindex/Firebase.build/Debug-iphonesimulator/Firebase_FirebaseCore.build/empty-Firebase_FirebaseCore.plist -producttype com.apple.product-type.bundle -expandbuildsettings -format binary -platform iphonesimulator -o /Users/ilakazdan/Library/Developer/Xcode/DerivedData/WorkoutTracker-damryvjlpuarrrhkmzzrsckhybqp/Build/Products/Debug-iphonesimulator/Firebase_FirebaseCore.bundle/Info.plist

ProcessInfoPlistFile /Users/ilakazdan/Library/Developer/Xcode/DerivedData/WorkoutTracker-damryvjlpuarrrhkmzzrsckhybqp/Build/Products/Debug-iphonesimulator/Firebase_FirebaseABTesting.bundle/Info.plist /Users/ilakazdan/Library/Developer/Xcode/DerivedData/WorkoutTracker-damryvjlpuarrrhkmzzrsckhybqp/Build/Intermediates.noindex/Firebase.build/Debug-iphonesimulator/Firebase_FirebaseABTesting.build/empty-Firebase_FirebaseABTesting.plist (in target 'Firebase_FirebaseABTesting' from project 'Firebase')
    cd /Users/ilakazdan/Library/Developer/Xcode/DerivedData/WorkoutTracker-damryvjlpuarrrhkmzzrsckhybqp/SourcePackages/checkouts/firebase-ios-sdk
    builtin-infoPlistUtility /Users/ilakazdan/Library/Developer/Xcode/DerivedData/WorkoutTracker-damryvjlpuarrrhkmzzrsckhybqp/Build/Intermediates.noindex/Firebase.build/Debug-iphonesimulator/Firebase_FirebaseABTesting.build/empty-Firebase_FirebaseABTesting.plist -producttype com.apple.product-type.bundle -expandbuildsettings -format binary -platform iphonesimulator -o /Users/ilakazdan/Library/Developer/Xcode/DerivedData/WorkoutTracker-damryvjlpuarrrhkmzzrsckhybqp/Build/Products/Debug-iphonesimulator/Firebase_FirebaseABTesting.bundle/Info.plist

ProcessInfoPlistFile /Users/ilakazdan/Library/Developer/Xcode/DerivedData/WorkoutTracker-damryvjlpuarrrhkmzzrsckhybqp/Build/Products/Debug-iphonesimulator/GoogleUtilities_GoogleUtilities-Logger.bundle/Info.plist /Users/ilakazdan/Library/Developer/Xcode/DerivedData/WorkoutTracker-damryvjlpuarrrhkmzzrsckhybqp/Build/Intermediates.noindex/GoogleUtilities.build/Debug-iphonesimulator/GoogleUtilities_GoogleUtilities-Logger.build/empty-GoogleUtilities_GoogleUtilities-Logger.plist (in target 'GoogleUtilities_GoogleUtilities-Logger' from project 'GoogleUtilities')
    cd /Users/ilakazdan/Library/Developer/Xcode/DerivedData/WorkoutTracker-damryvjlpuarrrhkmzzrsckhybqp/SourcePackages/checkouts/GoogleUtilities
    builtin-infoPlistUtility /Users/ilakazdan/Library/Developer/Xcode/DerivedData/WorkoutTracker-damryvjlpuarrrhkmzzrsckhybqp/Build/Intermediates.noindex/GoogleUtilities.build/Debug-iphonesimulator/GoogleUtilities_GoogleUtilities-Logger.build/empty-GoogleUtilities_GoogleUtilities-Logger.plist -producttype com.apple.product-type.bundle -expandbuildsettings -format binary -platform iphonesimulator -o /Users/ilakazdan/Library/Developer/Xcode/DerivedData/WorkoutTracker-damryvjlpuarrrhkmzzrsckhybqp/Build/Products/Debug-iphonesimulator/GoogleUtilities_GoogleUtilities-Logger.bundle/Info.plist

ProcessInfoPlistFile /Users/ilakazdan/Library/Developer/Xcode/DerivedData/WorkoutTracker-damryvjlpuarrrhkmzzrsckhybqp/Build/Products/Debug-iphonesimulator/nanopb_nanopb.bundle/Info.plist /Users/ilakazdan/Library/Developer/Xcode/DerivedData/WorkoutTracker-damryvjlpuarrrhkmzzrsckhybqp/Build/Intermediates.noindex/nanopb.build/Debug-iphonesimulator/nanopb_nanopb.build/empty-nanopb_nanopb.plist (in target 'nanopb_nanopb' from project 'nanopb')
    cd /Users/ilakazdan/Library/Developer/Xcode/DerivedData/WorkoutTracker-damryvjlpuarrrhkmzzrsckhybqp/SourcePackages/checkouts/nanopb
    builtin-infoPlistUtility /Users/ilakazdan/Library/Developer/Xcode/DerivedData/WorkoutTracker-damryvjlpuarrrhkmzzrsckhybqp/Build/Intermediates.noindex/nanopb.build/Debug-iphonesimulator/nanopb_nanopb.build/empty-nanopb_nanopb.plist -producttype com.apple.product-type.bundle -expandbuildsettings -format binary -platform iphonesimulator -o /Users/ilakazdan/Library/Developer/Xcode/DerivedData/WorkoutTracker-damryvjlpuarrrhkmzzrsckhybqp/Build/Products/Debug-iphonesimulator/nanopb_nanopb.bundle/Info.plist

ProcessInfoPlistFile /Users/ilakazdan/Library/Developer/Xcode/DerivedData/WorkoutTracker-damryvjlpuarrrhkmzzrsckhybqp/Build/Products/Debug-iphonesimulator/leveldb_leveldb.bundle/Info.plist /Users/ilakazdan/Library/Developer/Xcode/DerivedData/WorkoutTracker-damryvjlpuarrrhkmzzrsckhybqp/Build/Intermediates.noindex/leveldb.build/Debug-iphonesimulator/leveldb_leveldb.build/empty-leveldb_leveldb.plist (in target 'leveldb_leveldb' from project 'leveldb')
    cd /Users/ilakazdan/Library/Developer/Xcode/DerivedData/WorkoutTracker-damryvjlpuarrrhkmzzrsckhybqp/SourcePackages/checkouts/leveldb
    builtin-infoPlistUtility /Users/ilakazdan/Library/Developer/Xcode/DerivedData/WorkoutTracker-damryvjlpuarrrhkmzzrsckhybqp/Build/Intermediates.noindex/leveldb.build/Debug-iphonesimulator/leveldb_leveldb.build/empty-leveldb_leveldb.plist -producttype com.apple.product-type.bundle -expandbuildsettings -format binary -platform iphonesimulator -o /Users/ilakazdan/Library/Developer/Xcode/DerivedData/WorkoutTracker-damryvjlpuarrrhkmzzrsckhybqp/Build/Products/Debug-iphonesimulator/leveldb_leveldb.bundle/Info.plist

ProcessInfoPlistFile /Users/ilakazdan/Library/Developer/Xcode/DerivedData/WorkoutTracker-damryvjlpuarrrhkmzzrsckhybqp/Build/Products/Debug-iphonesimulator/Promises_Promises.bundle/Info.plist /Users/ilakazdan/Library/Developer/Xcode/DerivedData/WorkoutTracker-damryvjlpuarrrhkmzzrsckhybqp/Build/Intermediates.noindex/Promises.build/Debug-iphonesimulator/Promises_Promises.build/empty-Promises_Promises.plist (in target 'Promises_Promises' from project 'Promises')
    cd /Users/ilakazdan/Library/Developer/Xcode/DerivedData/WorkoutTracker-damryvjlpuarrrhkmzzrsckhybqp/SourcePackages/checkouts/promises
    builtin-infoPlistUtility /Users/ilakazdan/Library/Developer/Xcode/DerivedData/WorkoutTracker-damryvjlpuarrrhkmzzrsckhybqp/Build/Intermediates.noindex/Promises.build/Debug-iphonesimulator/Promises_Promises.build/empty-Promises_Promises.plist -producttype com.apple.product-type.bundle -expandbuildsettings -format binary -platform iphonesimulator -o /Users/ilakazdan/Library/Developer/Xcode/DerivedData/WorkoutTracker-damryvjlpuarrrhkmzzrsckhybqp/Build/Products/Debug-iphonesimulator/Promises_Promises.bundle/Info.plist

ProcessInfoPlistFile /Users/ilakazdan/Library/Developer/Xcode/DerivedData/WorkoutTracker-damryvjlpuarrrhkmzzrsckhybqp/Build/Products/Debug-iphonesimulator/gRPC_grpcWrapper.bundle/Info.plist /Users/ilakazdan/Library/Developer/Xcode/DerivedData/WorkoutTracker-damryvjlpuarrrhkmzzrsckhybqp/Build/Intermediates.noindex/gRPC.build/Debug-iphonesimulator/gRPC_grpcWrapper.build/empty-gRPC_grpcWrapper.plist (in target 'gRPC_grpcWrapper' from project 'gRPC')
    cd /Users/ilakazdan/Library/Developer/Xcode/DerivedData/WorkoutTracker-damryvjlpuarrrhkmzzrsckhybqp/SourcePackages/checkouts/grpc-binary
    builtin-infoPlistUtility /Users/ilakazdan/Library/Developer/Xcode/DerivedData/WorkoutTracker-damryvjlpuarrrhkmzzrsckhybqp/Build/Intermediates.noindex/gRPC.build/Debug-iphonesimulator/gRPC_grpcWrapper.build/empty-gRPC_grpcWrapper.plist -producttype com.apple.product-type.bundle -expandbuildsettings -format binary -platform iphonesimulator -o /Users/ilakazdan/Library/Developer/Xcode/DerivedData/WorkoutTracker-damryvjlpuarrrhkmzzrsckhybqp/Build/Products/Debug-iphonesimulator/gRPC_grpcWrapper.bundle/Info.plist

ProcessInfoPlistFile /Users/ilakazdan/Library/Developer/Xcode/DerivedData/WorkoutTracker-damryvjlpuarrrhkmzzrsckhybqp/Build/Products/Debug-iphonesimulator/GoogleUtilities_GoogleUtilities-Reachability.bundle/Info.plist /Users/ilakazdan/Library/Developer/Xcode/DerivedData/WorkoutTracker-damryvjlpuarrrhkmzzrsckhybqp/Build/Intermediates.noindex/GoogleUtilities.build/Debug-iphonesimulator/GoogleUtilities_GoogleUtilities-Reachability.build/empty-GoogleUtilities_GoogleUtilities-Reachability.plist (in target 'GoogleUtilities_GoogleUtilities-Reachability' from project 'GoogleUtilities')
    cd /Users/ilakazdan/Library/Developer/Xcode/DerivedData/WorkoutTracker-damryvjlpuarrrhkmzzrsckhybqp/SourcePackages/checkouts/GoogleUtilities
    builtin-infoPlistUtility /Users/ilakazdan/Library/Developer/Xcode/DerivedData/WorkoutTracker-damryvjlpuarrrhkmzzrsckhybqp/Build/Intermediates.noindex/GoogleUtilities.build/Debug-iphonesimulator/GoogleUtilities_GoogleUtilities-Reachability.build/empty-GoogleUtilities_GoogleUtilities-Reachability.plist -producttype com.apple.product-type.bundle -expandbuildsettings -format binary -platform iphonesimulator -o /Users/ilakazdan/Library/Developer/Xcode/DerivedData/WorkoutTracker-damryvjlpuarrrhkmzzrsckhybqp/Build/Products/Debug-iphonesimulator/GoogleUtilities_GoogleUtilities-Reachability.bundle/Info.plist

ProcessInfoPlistFile /Users/ilakazdan/Library/Developer/Xcode/DerivedData/WorkoutTracker-damryvjlpuarrrhkmzzrsckhybqp/Build/Products/Debug-iphonesimulator/GoogleUtilities_GoogleUtilities-UserDefaults.bundle/Info.plist /Users/ilakazdan/Library/Developer/Xcode/DerivedData/WorkoutTracker-damryvjlpuarrrhkmzzrsckhybqp/Build/Intermediates.noindex/GoogleUtilities.build/Debug-iphonesimulator/GoogleUtilities_GoogleUtilities-UserDefaults.build/empty-GoogleUtilities_GoogleUtilities-UserDefaults.plist (in target 'GoogleUtilities_GoogleUtilities-UserDefaults' from project 'GoogleUtilities')
    cd /Users/ilakazdan/Library/Developer/Xcode/DerivedData/WorkoutTracker-damryvjlpuarrrhkmzzrsckhybqp/SourcePackages/checkouts/GoogleUtilities
    builtin-infoPlistUtility /Users/ilakazdan/Library/Developer/Xcode/DerivedData/WorkoutTracker-damryvjlpuarrrhkmzzrsckhybqp/Build/Intermediates.noindex/GoogleUtilities.build/Debug-iphonesimulator/GoogleUtilities_GoogleUtilities-UserDefaults.build/empty-GoogleUtilities_GoogleUtilities-UserDefaults.plist -producttype com.apple.product-type.bundle -expandbuildsettings -format binary -platform iphonesimulator -o /Users/ilakazdan/Library/Developer/Xcode/DerivedData/WorkoutTracker-damryvjlpuarrrhkmzzrsckhybqp/Build/Products/Debug-iphonesimulator/GoogleUtilities_GoogleUtilities-UserDefaults.bundle/Info.plist

ProcessProductPackagingDER /Users/ilakazdan/Library/Developer/Xcode/DerivedData/WorkoutTracker-damryvjlpuarrrhkmzzrsckhybqp/Build/Intermediates.noindex/WorkoutTracker.build/Debug-iphonesimulator/StatsWidgetExtension.build/StatsWidgetExtension.appex.xcent /Users/ilakazdan/Library/Developer/Xcode/DerivedData/WorkoutTracker-damryvjlpuarrrhkmzzrsckhybqp/Build/Intermediates.noindex/WorkoutTracker.build/Debug-iphonesimulator/StatsWidgetExtension.build/StatsWidgetExtension.appex.xcent.der (in target 'StatsWidgetExtension' from project 'WorkoutTracker')
    cd /Users/ilakazdan/WorkoutTracker
    /usr/bin/derq query -f xml -i /Users/ilakazdan/Library/Developer/Xcode/DerivedData/WorkoutTracker-damryvjlpuarrrhkmzzrsckhybqp/Build/Intermediates.noindex/WorkoutTracker.build/Debug-iphonesimulator/StatsWidgetExtension.build/StatsWidgetExtension.appex.xcent -o /Users/ilakazdan/Library/Developer/Xcode/DerivedData/WorkoutTracker-damryvjlpuarrrhkmzzrsckhybqp/Build/Intermediates.noindex/WorkoutTracker.build/Debug-iphonesimulator/StatsWidgetExtension.build/StatsWidgetExtension.appex.xcent.der --raw

ProcessProductPackagingDER /Users/ilakazdan/Library/Developer/Xcode/DerivedData/WorkoutTracker-damryvjlpuarrrhkmzzrsckhybqp/Build/Intermediates.noindex/WorkoutTracker.build/Debug-iphonesimulator/StatsWidgetExtension.build/StatsWidgetExtension.appex-Simulated.xcent /Users/ilakazdan/Library/Developer/Xcode/DerivedData/WorkoutTracker-damryvjlpuarrrhkmzzrsckhybqp/Build/Intermediates.noindex/WorkoutTracker.build/Debug-iphonesimulator/StatsWidgetExtension.build/StatsWidgetExtension.appex-Simulated.xcent.der (in target 'StatsWidgetExtension' from project 'WorkoutTracker')
    cd /Users/ilakazdan/WorkoutTracker
    /usr/bin/derq query -f xml -i /Users/ilakazdan/Library/Developer/Xcode/DerivedData/WorkoutTracker-damryvjlpuarrrhkmzzrsckhybqp/Build/Intermediates.noindex/WorkoutTracker.build/Debug-iphonesimulator/StatsWidgetExtension.build/StatsWidgetExtension.appex-Simulated.xcent -o /Users/ilakazdan/Library/Developer/Xcode/DerivedData/WorkoutTracker-damryvjlpuarrrhkmzzrsckhybqp/Build/Intermediates.noindex/WorkoutTracker.build/Debug-iphonesimulator/StatsWidgetExtension.build/StatsWidgetExtension.appex-Simulated.xcent.der --raw

ProcessProductPackagingDER /Users/ilakazdan/Library/Developer/Xcode/DerivedData/WorkoutTracker-damryvjlpuarrrhkmzzrsckhybqp/Build/Intermediates.noindex/WorkoutTracker.build/Debug-iphonesimulator/WorkoutTimerWidgetExtension.build/WorkoutTimerWidgetExtension.appex-Simulated.xcent /Users/ilakazdan/Library/Developer/Xcode/DerivedData/WorkoutTracker-damryvjlpuarrrhkmzzrsckhybqp/Build/Intermediates.noindex/WorkoutTracker.build/Debug-iphonesimulator/WorkoutTimerWidgetExtension.build/WorkoutTimerWidgetExtension.appex-Simulated.xcent.der (in target 'WorkoutTimerWidgetExtension' from project 'WorkoutTracker')
    cd /Users/ilakazdan/WorkoutTracker
    /usr/bin/derq query -f xml -i /Users/ilakazdan/Library/Developer/Xcode/DerivedData/WorkoutTracker-damryvjlpuarrrhkmzzrsckhybqp/Build/Intermediates.noindex/WorkoutTracker.build/Debug-iphonesimulator/WorkoutTimerWidgetExtension.build/WorkoutTimerWidgetExtension.appex-Simulated.xcent -o /Users/ilakazdan/Library/Developer/Xcode/DerivedData/WorkoutTracker-damryvjlpuarrrhkmzzrsckhybqp/Build/Intermediates.noindex/WorkoutTracker.build/Debug-iphonesimulator/WorkoutTimerWidgetExtension.build/WorkoutTimerWidgetExtension.appex-Simulated.xcent.der --raw

ProcessProductPackagingDER /Users/ilakazdan/Library/Developer/Xcode/DerivedData/WorkoutTracker-damryvjlpuarrrhkmzzrsckhybqp/Build/Intermediates.noindex/WorkoutTracker.build/Debug-watchsimulator/WorkoutTrackerWatch\ Watch\ App.build/WorkoutTrackerWatch\ Watch\ App.app.xcent /Users/ilakazdan/Library/Developer/Xcode/DerivedData/WorkoutTracker-damryvjlpuarrrhkmzzrsckhybqp/Build/Intermediates.noindex/WorkoutTracker.build/Debug-watchsimulator/WorkoutTrackerWatch\ Watch\ App.build/WorkoutTrackerWatch\ Watch\ App.app.xcent.der (in target 'WorkoutTrackerWatch Watch App' from project 'WorkoutTracker')
    cd /Users/ilakazdan/WorkoutTracker
    /usr/bin/derq query -f xml -i /Users/ilakazdan/Library/Developer/Xcode/DerivedData/WorkoutTracker-damryvjlpuarrrhkmzzrsckhybqp/Build/Intermediates.noindex/WorkoutTracker.build/Debug-watchsimulator/WorkoutTrackerWatch\ Watch\ App.build/WorkoutTrackerWatch\ Watch\ App.app.xcent -o /Users/ilakazdan/Library/Developer/Xcode/DerivedData/WorkoutTracker-damryvjlpuarrrhkmzzrsckhybqp/Build/Intermediates.noindex/WorkoutTracker.build/Debug-watchsimulator/WorkoutTrackerWatch\ Watch\ App.build/WorkoutTrackerWatch\ Watch\ App.app.xcent.der --raw

ProcessProductPackagingDER /Users/ilakazdan/Library/Developer/Xcode/DerivedData/WorkoutTracker-damryvjlpuarrrhkmzzrsckhybqp/Build/Intermediates.noindex/WorkoutTracker.build/Debug-watchsimulator/WorkoutTrackerWatch\ Watch\ App.build/WorkoutTrackerWatch\ Watch\ App.app-Simulated.xcent /Users/ilakazdan/Library/Developer/Xcode/DerivedData/WorkoutTracker-damryvjlpuarrrhkmzzrsckhybqp/Build/Intermediates.noindex/WorkoutTracker.build/Debug-watchsimulator/WorkoutTrackerWatch\ Watch\ App.build/WorkoutTrackerWatch\ Watch\ App.app-Simulated.xcent.der (in target 'WorkoutTrackerWatch Watch App' from project 'WorkoutTracker')
    cd /Users/ilakazdan/WorkoutTracker
    /usr/bin/derq query -f xml -i /Users/ilakazdan/Library/Developer/Xcode/DerivedData/WorkoutTracker-damryvjlpuarrrhkmzzrsckhybqp/Build/Intermediates.noindex/WorkoutTracker.build/Debug-watchsimulator/WorkoutTrackerWatch\ Watch\ App.build/WorkoutTrackerWatch\ Watch\ App.app-Simulated.xcent -o /Users/ilakazdan/Library/Developer/Xcode/DerivedData/WorkoutTracker-damryvjlpuarrrhkmzzrsckhybqp/Build/Intermediates.noindex/WorkoutTracker.build/Debug-watchsimulator/WorkoutTrackerWatch\ Watch\ App.build/WorkoutTrackerWatch\ Watch\ App.app-Simulated.xcent.der --raw

ProcessInfoPlistFile /Users/ilakazdan/Library/Developer/Xcode/DerivedData/WorkoutTracker-damryvjlpuarrrhkmzzrsckhybqp/Build/Products/Debug-iphonesimulator/GoogleUtilities_GoogleUtilities-Network.bundle/Info.plist /Users/ilakazdan/Library/Developer/Xcode/DerivedData/WorkoutTracker-damryvjlpuarrrhkmzzrsckhybqp/Build/Intermediates.noindex/GoogleUtilities.build/Debug-iphonesimulator/GoogleUtilities_GoogleUtilities-Network.build/empty-GoogleUtilities_GoogleUtilities-Network.plist (in target 'GoogleUtilities_GoogleUtilities-Network' from project 'GoogleUtilities')
    cd /Users/ilakazdan/Library/Developer/Xcode/DerivedData/WorkoutTracker-damryvjlpuarrrhkmzzrsckhybqp/SourcePackages/checkouts/GoogleUtilities
    builtin-infoPlistUtility /Users/ilakazdan/Library/Developer/Xcode/DerivedData/WorkoutTracker-damryvjlpuarrrhkmzzrsckhybqp/Build/Intermediates.noindex/GoogleUtilities.build/Debug-iphonesimulator/GoogleUtilities_GoogleUtilities-Network.build/empty-GoogleUtilities_GoogleUtilities-Network.plist -producttype com.apple.product-type.bundle -expandbuildsettings -format binary -platform iphonesimulator -o /Users/ilakazdan/Library/Developer/Xcode/DerivedData/WorkoutTracker-damryvjlpuarrrhkmzzrsckhybqp/Build/Products/Debug-iphonesimulator/GoogleUtilities_GoogleUtilities-Network.bundle/Info.plist

Ld /Users/ilakazdan/Library/Developer/Xcode/DerivedData/WorkoutTracker-damryvjlpuarrrhkmzzrsckhybqp/Build/Intermediates.noindex/WorkoutTracker.build/Debug-watchsimulator/WorkoutTrackerWatch\ Watch\ App.build/Objects-normal/x86_64/Binary/WorkoutTrackerWatch\ Watch\ App.debug.dylib normal x86_64 (in target 'WorkoutTrackerWatch Watch App' from project 'WorkoutTracker')
    cd /Users/ilakazdan/WorkoutTracker
    /Applications/Xcode.app/Contents/Developer/Toolchains/XcodeDefault.xctoolchain/usr/bin/clang -Xlinker -reproducible -target x86_64-apple-watchos11.6-simulator -dynamiclib -isysroot /Applications/Xcode.app/Contents/Developer/Platforms/WatchSimulator.platform/Developer/SDKs/WatchSimulator26.2.sdk -O0 -L/Users/ilakazdan/Library/Developer/Xcode/DerivedData/WorkoutTracker-damryvjlpuarrrhkmzzrsckhybqp/Build/Intermediates.noindex/EagerLinkingTBDs/Debug-watchsimulator -L/Users/ilakazdan/Library/Developer/Xcode/DerivedData/WorkoutTracker-damryvjlpuarrrhkmzzrsckhybqp/Build/Products/Debug-watchsimulator -F/Users/ilakazdan/Library/Developer/Xcode/DerivedData/WorkoutTracker-damryvjlpuarrrhkmzzrsckhybqp/Build/Intermediates.noindex/EagerLinkingTBDs/Debug-watchsimulator -F/Users/ilakazdan/Library/Developer/Xcode/DerivedData/WorkoutTracker-damryvjlpuarrrhkmzzrsckhybqp/Build/Products/Debug-watchsimulator -filelist /Users/ilakazdan/Library/Developer/Xcode/DerivedData/WorkoutTracker-damryvjlpuarrrhkmzzrsckhybqp/Build/Intermediates.noindex/WorkoutTracker.build/Debug-watchsimulator/WorkoutTrackerWatch\ Watch\ App.build/Objects-normal/x86_64/WorkoutTrackerWatch\ Watch\ App.LinkFileList -install_name @rpath/WorkoutTrackerWatch\ Watch\ App.debug.dylib -Xlinker -rpath -Xlinker /usr/lib/swift -Xlinker -rpath -Xlinker @executable_path/Frameworks -dead_strip -Xlinker -object_path_lto -Xlinker /Users/ilakazdan/Library/Developer/Xcode/DerivedData/WorkoutTracker-damryvjlpuarrrhkmzzrsckhybqp/Build/Intermediates.noindex/WorkoutTracker.build/Debug-watchsimulator/WorkoutTrackerWatch\ Watch\ App.build/Objects-normal/x86_64/WorkoutTrackerWatch\ Watch\ App_lto.o -rdynamic -Xlinker -no_deduplicate -Xlinker -objc_abi_version -Xlinker 2 -Xlinker -dependency_info -Xlinker /Users/ilakazdan/Library/Developer/Xcode/DerivedData/WorkoutTracker-damryvjlpuarrrhkmzzrsckhybqp/Build/Intermediates.noindex/WorkoutTracker.build/Debug-watchsimulator/WorkoutTrackerWatch\ Watch\ App.build/Objects-normal/x86_64/WorkoutTrackerWatch\ Watch\ App_dependency_info.dat -fobjc-link-runtime -L/Applications/Xcode.app/Contents/Developer/Toolchains/XcodeDefault.xctoolchain/usr/lib/swift/watchsimulator -L/usr/lib/swift -Xlinker -add_ast_path -Xlinker /Users/ilakazdan/Library/Developer/Xcode/DerivedData/WorkoutTracker-damryvjlpuarrrhkmzzrsckhybqp/Build/Intermediates.noindex/WorkoutTracker.build/Debug-watchsimulator/WorkoutTrackerWatch\ Watch\ App.build/Objects-normal/x86_64/WorkoutTrackerWatch_Watch_App.swiftmodule @/Users/ilakazdan/Library/Developer/Xcode/DerivedData/WorkoutTracker-damryvjlpuarrrhkmzzrsckhybqp/Build/Intermediates.noindex/WorkoutTracker.build/Debug-watchsimulator/WorkoutTrackerWatch\ Watch\ App.build/Objects-normal/x86_64/WorkoutTrackerWatch_Watch_App-linker-args.resp -Xlinker -alias -Xlinker _main -Xlinker ___debug_main_executable_dylib_entry_point -Xlinker -no_adhoc_codesign -o /Users/ilakazdan/Library/Developer/Xcode/DerivedData/WorkoutTracker-damryvjlpuarrrhkmzzrsckhybqp/Build/Intermediates.noindex/WorkoutTracker.build/Debug-watchsimulator/WorkoutTrackerWatch\ Watch\ App.build/Objects-normal/x86_64/Binary/WorkoutTrackerWatch\ Watch\ App.debug.dylib

Ld /Users/ilakazdan/Library/Developer/Xcode/DerivedData/WorkoutTracker-damryvjlpuarrrhkmzzrsckhybqp/Build/Intermediates.noindex/WorkoutTracker.build/Debug-watchsimulator/WorkoutTrackerWatch\ Watch\ App.build/Objects-normal/arm64/Binary/WorkoutTrackerWatch\ Watch\ App.debug.dylib normal arm64 (in target 'WorkoutTrackerWatch Watch App' from project 'WorkoutTracker')
    cd /Users/ilakazdan/WorkoutTracker
    /Applications/Xcode.app/Contents/Developer/Toolchains/XcodeDefault.xctoolchain/usr/bin/clang -Xlinker -reproducible -target arm64-apple-watchos11.6-simulator -dynamiclib -isysroot /Applications/Xcode.app/Contents/Developer/Platforms/WatchSimulator.platform/Developer/SDKs/WatchSimulator26.2.sdk -O0 -L/Users/ilakazdan/Library/Developer/Xcode/DerivedData/WorkoutTracker-damryvjlpuarrrhkmzzrsckhybqp/Build/Intermediates.noindex/EagerLinkingTBDs/Debug-watchsimulator -L/Users/ilakazdan/Library/Developer/Xcode/DerivedData/WorkoutTracker-damryvjlpuarrrhkmzzrsckhybqp/Build/Products/Debug-watchsimulator -F/Users/ilakazdan/Library/Developer/Xcode/DerivedData/WorkoutTracker-damryvjlpuarrrhkmzzrsckhybqp/Build/Intermediates.noindex/EagerLinkingTBDs/Debug-watchsimulator -F/Users/ilakazdan/Library/Developer/Xcode/DerivedData/WorkoutTracker-damryvjlpuarrrhkmzzrsckhybqp/Build/Products/Debug-watchsimulator -filelist /Users/ilakazdan/Library/Developer/Xcode/DerivedData/WorkoutTracker-damryvjlpuarrrhkmzzrsckhybqp/Build/Intermediates.noindex/WorkoutTracker.build/Debug-watchsimulator/WorkoutTrackerWatch\ Watch\ App.build/Objects-normal/arm64/WorkoutTrackerWatch\ Watch\ App.LinkFileList -install_name @rpath/WorkoutTrackerWatch\ Watch\ App.debug.dylib -Xlinker -rpath -Xlinker /usr/lib/swift -Xlinker -rpath -Xlinker @executable_path/Frameworks -dead_strip -Xlinker -object_path_lto -Xlinker /Users/ilakazdan/Library/Developer/Xcode/DerivedData/WorkoutTracker-damryvjlpuarrrhkmzzrsckhybqp/Build/Intermediates.noindex/WorkoutTracker.build/Debug-watchsimulator/WorkoutTrackerWatch\ Watch\ App.build/Objects-normal/arm64/WorkoutTrackerWatch\ Watch\ App_lto.o -rdynamic -Xlinker -no_deduplicate -Xlinker -objc_abi_version -Xlinker 2 -Xlinker -dependency_info -Xlinker /Users/ilakazdan/Library/Developer/Xcode/DerivedData/WorkoutTracker-damryvjlpuarrrhkmzzrsckhybqp/Build/Intermediates.noindex/WorkoutTracker.build/Debug-watchsimulator/WorkoutTrackerWatch\ Watch\ App.build/Objects-normal/arm64/WorkoutTrackerWatch\ Watch\ App_dependency_info.dat -fobjc-link-runtime -L/Applications/Xcode.app/Contents/Developer/Toolchains/XcodeDefault.xctoolchain/usr/lib/swift/watchsimulator -L/usr/lib/swift -Xlinker -add_ast_path -Xlinker /Users/ilakazdan/Library/Developer/Xcode/DerivedData/WorkoutTracker-damryvjlpuarrrhkmzzrsckhybqp/Build/Intermediates.noindex/WorkoutTracker.build/Debug-watchsimulator/WorkoutTrackerWatch\ Watch\ App.build/Objects-normal/arm64/WorkoutTrackerWatch_Watch_App.swiftmodule @/Users/ilakazdan/Library/Developer/Xcode/DerivedData/WorkoutTracker-damryvjlpuarrrhkmzzrsckhybqp/Build/Intermediates.noindex/WorkoutTracker.build/Debug-watchsimulator/WorkoutTrackerWatch\ Watch\ App.build/Objects-normal/arm64/WorkoutTrackerWatch_Watch_App-linker-args.resp -Xlinker -alias -Xlinker _main -Xlinker ___debug_main_executable_dylib_entry_point -Xlinker -no_adhoc_codesign -o /Users/ilakazdan/Library/Developer/Xcode/DerivedData/WorkoutTracker-damryvjlpuarrrhkmzzrsckhybqp/Build/Intermediates.noindex/WorkoutTracker.build/Debug-watchsimulator/WorkoutTrackerWatch\ Watch\ App.build/Objects-normal/arm64/Binary/WorkoutTrackerWatch\ Watch\ App.debug.dylib

Ld /Users/ilakazdan/Library/Developer/Xcode/DerivedData/WorkoutTracker-damryvjlpuarrrhkmzzrsckhybqp/Build/Intermediates.noindex/WorkoutTracker.build/Debug-iphonesimulator/StatsWidgetExtension.build/Objects-normal/arm64/Binary/StatsWidgetExtension.debug.dylib normal arm64 (in target 'StatsWidgetExtension' from project 'WorkoutTracker')
    cd /Users/ilakazdan/WorkoutTracker
    /Applications/Xcode.app/Contents/Developer/Toolchains/XcodeDefault.xctoolchain/usr/bin/clang -Xlinker -reproducible -target arm64-apple-ios17.6-simulator -dynamiclib -isysroot /Applications/Xcode.app/Contents/Developer/Platforms/iPhoneSimulator.platform/Developer/SDKs/iPhoneSimulator26.2.sdk -O0 -L/Users/ilakazdan/Library/Developer/Xcode/DerivedData/WorkoutTracker-damryvjlpuarrrhkmzzrsckhybqp/Build/Intermediates.noindex/EagerLinkingTBDs/Debug-iphonesimulator -L/Users/ilakazdan/Library/Developer/Xcode/DerivedData/WorkoutTracker-damryvjlpuarrrhkmzzrsckhybqp/Build/Products/Debug-iphonesimulator -F/Users/ilakazdan/Library/Developer/Xcode/DerivedData/WorkoutTracker-damryvjlpuarrrhkmzzrsckhybqp/Build/Intermediates.noindex/EagerLinkingTBDs/Debug-iphonesimulator -F/Users/ilakazdan/Library/Developer/Xcode/DerivedData/WorkoutTracker-damryvjlpuarrrhkmzzrsckhybqp/Build/Products/Debug-iphonesimulator -filelist /Users/ilakazdan/Library/Developer/Xcode/DerivedData/WorkoutTracker-damryvjlpuarrrhkmzzrsckhybqp/Build/Intermediates.noindex/WorkoutTracker.build/Debug-iphonesimulator/StatsWidgetExtension.build/Objects-normal/arm64/StatsWidgetExtension.LinkFileList -install_name @rpath/StatsWidgetExtension.debug.dylib -Xlinker -rpath -Xlinker /usr/lib/swift -Xlinker -rpath -Xlinker @executable_path/Frameworks -Xlinker -rpath -Xlinker @executable_path/../../Frameworks -dead_strip -Xlinker -object_path_lto -Xlinker /Users/ilakazdan/Library/Developer/Xcode/DerivedData/WorkoutTracker-damryvjlpuarrrhkmzzrsckhybqp/Build/Intermediates.noindex/WorkoutTracker.build/Debug-iphonesimulator/StatsWidgetExtension.build/Objects-normal/arm64/StatsWidgetExtension_lto.o -rdynamic -Xlinker -no_deduplicate -Xlinker -objc_abi_version -Xlinker 2 -Xlinker -dependency_info -Xlinker /Users/ilakazdan/Library/Developer/Xcode/DerivedData/WorkoutTracker-damryvjlpuarrrhkmzzrsckhybqp/Build/Intermediates.noindex/WorkoutTracker.build/Debug-iphonesimulator/StatsWidgetExtension.build/Objects-normal/arm64/StatsWidgetExtension_dependency_info.dat -fapplication-extension -fobjc-link-runtime -L/Applications/Xcode.app/Contents/Developer/Toolchains/XcodeDefault.xctoolchain/usr/lib/swift/iphonesimulator -L/usr/lib/swift -Xlinker -add_ast_path -Xlinker /Users/ilakazdan/Library/Developer/Xcode/DerivedData/WorkoutTracker-damryvjlpuarrrhkmzzrsckhybqp/Build/Intermediates.noindex/WorkoutTracker.build/Debug-iphonesimulator/StatsWidgetExtension.build/Objects-normal/arm64/StatsWidgetExtension.swiftmodule @/Users/ilakazdan/Library/Developer/Xcode/DerivedData/WorkoutTracker-damryvjlpuarrrhkmzzrsckhybqp/Build/Intermediates.noindex/WorkoutTracker.build/Debug-iphonesimulator/StatsWidgetExtension.build/Objects-normal/arm64/StatsWidgetExtension-linker-args.resp -Xlinker -alias -Xlinker _NSExtensionMain -Xlinker ___debug_main_executable_dylib_entry_point -framework SwiftUI -framework WidgetKit -Xlinker -no_adhoc_codesign -o /Users/ilakazdan/Library/Developer/Xcode/DerivedData/WorkoutTracker-damryvjlpuarrrhkmzzrsckhybqp/Build/Intermediates.noindex/WorkoutTracker.build/Debug-iphonesimulator/StatsWidgetExtension.build/Objects-normal/arm64/Binary/StatsWidgetExtension.debug.dylib

Ld /Users/ilakazdan/Library/Developer/Xcode/DerivedData/WorkoutTracker-damryvjlpuarrrhkmzzrsckhybqp/Build/Intermediates.noindex/WorkoutTracker.build/Debug-iphonesimulator/WorkoutTimerWidgetExtension.build/Objects-normal/arm64/Binary/WorkoutTimerWidgetExtension.debug.dylib normal arm64 (in target 'WorkoutTimerWidgetExtension' from project 'WorkoutTracker')
    cd /Users/ilakazdan/WorkoutTracker
    /Applications/Xcode.app/Contents/Developer/Toolchains/XcodeDefault.xctoolchain/usr/bin/clang -Xlinker -reproducible -target arm64-apple-ios17.6-simulator -dynamiclib -isysroot /Applications/Xcode.app/Contents/Developer/Platforms/iPhoneSimulator.platform/Developer/SDKs/iPhoneSimulator26.2.sdk -O0 -L/Users/ilakazdan/Library/Developer/Xcode/DerivedData/WorkoutTracker-damryvjlpuarrrhkmzzrsckhybqp/Build/Intermediates.noindex/EagerLinkingTBDs/Debug-iphonesimulator -L/Users/ilakazdan/Library/Developer/Xcode/DerivedData/WorkoutTracker-damryvjlpuarrrhkmzzrsckhybqp/Build/Products/Debug-iphonesimulator -F/Users/ilakazdan/Library/Developer/Xcode/DerivedData/WorkoutTracker-damryvjlpuarrrhkmzzrsckhybqp/Build/Intermediates.noindex/EagerLinkingTBDs/Debug-iphonesimulator -F/Users/ilakazdan/Library/Developer/Xcode/DerivedData/WorkoutTracker-damryvjlpuarrrhkmzzrsckhybqp/Build/Products/Debug-iphonesimulator -filelist /Users/ilakazdan/Library/Developer/Xcode/DerivedData/WorkoutTracker-damryvjlpuarrrhkmzzrsckhybqp/Build/Intermediates.noindex/WorkoutTracker.build/Debug-iphonesimulator/WorkoutTimerWidgetExtension.build/Objects-normal/arm64/WorkoutTimerWidgetExtension.LinkFileList -install_name @rpath/WorkoutTimerWidgetExtension.debug.dylib -Xlinker -rpath -Xlinker /usr/lib/swift -Xlinker -rpath -Xlinker @executable_path/Frameworks -Xlinker -rpath -Xlinker @executable_path/../../Frameworks -dead_strip -Xlinker -object_path_lto -Xlinker /Users/ilakazdan/Library/Developer/Xcode/DerivedData/WorkoutTracker-damryvjlpuarrrhkmzzrsckhybqp/Build/Intermediates.noindex/WorkoutTracker.build/Debug-iphonesimulator/WorkoutTimerWidgetExtension.build/Objects-normal/arm64/WorkoutTimerWidgetExtension_lto.o -rdynamic -Xlinker -no_deduplicate -Xlinker -objc_abi_version -Xlinker 2 -Xlinker -dependency_info -Xlinker /Users/ilakazdan/Library/Developer/Xcode/DerivedData/WorkoutTracker-damryvjlpuarrrhkmzzrsckhybqp/Build/Intermediates.noindex/WorkoutTracker.build/Debug-iphonesimulator/WorkoutTimerWidgetExtension.build/Objects-normal/arm64/WorkoutTimerWidgetExtension_dependency_info.dat -fapplication-extension -fobjc-link-runtime -L/Applications/Xcode.app/Contents/Developer/Toolchains/XcodeDefault.xctoolchain/usr/lib/swift/iphonesimulator -L/usr/lib/swift -Xlinker -add_ast_path -Xlinker /Users/ilakazdan/Library/Developer/Xcode/DerivedData/WorkoutTracker-damryvjlpuarrrhkmzzrsckhybqp/Build/Intermediates.noindex/WorkoutTracker.build/Debug-iphonesimulator/WorkoutTimerWidgetExtension.build/Objects-normal/arm64/WorkoutTimerWidgetExtension.swiftmodule @/Users/ilakazdan/Library/Developer/Xcode/DerivedData/WorkoutTracker-damryvjlpuarrrhkmzzrsckhybqp/Build/Intermediates.noindex/WorkoutTracker.build/Debug-iphonesimulator/WorkoutTimerWidgetExtension.build/Objects-normal/arm64/WorkoutTimerWidgetExtension-linker-args.resp -Xlinker -alias -Xlinker _NSExtensionMain -Xlinker ___debug_main_executable_dylib_entry_point -framework SwiftUI -framework WidgetKit -Xlinker -no_adhoc_codesign -o /Users/ilakazdan/Library/Developer/Xcode/DerivedData/WorkoutTracker-damryvjlpuarrrhkmzzrsckhybqp/Build/Intermediates.noindex/WorkoutTracker.build/Debug-iphonesimulator/WorkoutTimerWidgetExtension.build/Objects-normal/arm64/Binary/WorkoutTimerWidgetExtension.debug.dylib

ProcessProductPackaging /Users/ilakazdan/WorkoutTracker/WorkoutTracker/WorkoutTracker.entitlements /Users/ilakazdan/Library/Developer/Xcode/DerivedData/WorkoutTracker-damryvjlpuarrrhkmzzrsckhybqp/Build/Intermediates.noindex/WorkoutTracker.build/Debug-iphonesimulator/WorkoutTracker.build/WorkoutTracker.app.xcent (in target 'WorkoutTracker' from project 'WorkoutTracker')
    cd /Users/ilakazdan/WorkoutTracker
    
    Entitlements:
    
    {
}
    
    builtin-productPackagingUtility /Users/ilakazdan/WorkoutTracker/WorkoutTracker/WorkoutTracker.entitlements -entitlements -format xml -o /Users/ilakazdan/Library/Developer/Xcode/DerivedData/WorkoutTracker-damryvjlpuarrrhkmzzrsckhybqp/Build/Intermediates.noindex/WorkoutTracker.build/Debug-iphonesimulator/WorkoutTracker.build/WorkoutTracker.app.xcent

ProcessProductPackaging /Users/ilakazdan/WorkoutTracker/WorkoutTracker/WorkoutTracker.entitlements /Users/ilakazdan/Library/Developer/Xcode/DerivedData/WorkoutTracker-damryvjlpuarrrhkmzzrsckhybqp/Build/Intermediates.noindex/WorkoutTracker.build/Debug-iphonesimulator/WorkoutTracker.build/WorkoutTracker.app-Simulated.xcent (in target 'WorkoutTracker' from project 'WorkoutTracker')
    cd /Users/ilakazdan/WorkoutTracker
    
    Entitlements:
    
    {
    "application-identifier" = "LSCCP92LMG.com.borisdev.WorkoutTracker";
    "aps-environment" = development;
    "com.apple.developer.applesignin" =     (
        Default
    );
    "com.apple.developer.healthkit" = 1;
    "com.apple.developer.icloud-container-identifiers" =     (
        "iCloud.com.borisdev.WorkoutTracker"
    );
    "com.apple.developer.icloud-services" =     (
        CloudKit
    );
    "com.apple.security.application-groups" =     (
        "group.com.borisdev.WorkoutTracker"
    );
}
    
    builtin-productPackagingUtility /Users/ilakazdan/WorkoutTracker/WorkoutTracker/WorkoutTracker.entitlements -entitlements -format xml -o /Users/ilakazdan/Library/Developer/Xcode/DerivedData/WorkoutTracker-damryvjlpuarrrhkmzzrsckhybqp/Build/Intermediates.noindex/WorkoutTracker.build/Debug-iphonesimulator/WorkoutTracker.build/WorkoutTracker.app-Simulated.xcent

ProcessInfoPlistFile /Users/ilakazdan/Library/Developer/Xcode/DerivedData/WorkoutTracker-damryvjlpuarrrhkmzzrsckhybqp/Build/Products/Debug-watchsimulator/WorkoutTrackerWatch\ Watch\ App.app/Info.plist /Users/ilakazdan/WorkoutTracker/WorkoutTrackerWatch-Watch-App-Info.plist (in target 'WorkoutTrackerWatch Watch App' from project 'WorkoutTracker')
    cd /Users/ilakazdan/WorkoutTracker
    builtin-infoPlistUtility /Users/ilakazdan/WorkoutTracker/WorkoutTrackerWatch-Watch-App-Info.plist -producttype com.apple.product-type.application -genpkginfo /Users/ilakazdan/Library/Developer/Xcode/DerivedData/WorkoutTracker-damryvjlpuarrrhkmzzrsckhybqp/Build/Products/Debug-watchsimulator/WorkoutTrackerWatch\ Watch\ App.app/PkgInfo -expandbuildsettings -format binary -platform watchsimulator -additionalcontentfile /Users/ilakazdan/Library/Developer/Xcode/DerivedData/WorkoutTracker-damryvjlpuarrrhkmzzrsckhybqp/Build/Intermediates.noindex/WorkoutTracker.build/Debug-watchsimulator/WorkoutTrackerWatch\ Watch\ App.build/assetcatalog_generated_info.plist -o /Users/ilakazdan/Library/Developer/Xcode/DerivedData/WorkoutTracker-damryvjlpuarrrhkmzzrsckhybqp/Build/Products/Debug-watchsimulator/WorkoutTrackerWatch\ Watch\ App.app/Info.plist
removing entry for "LSApplicationCategoryType" - not supported on watchOS

ProcessProductPackagingDER /Users/ilakazdan/Library/Developer/Xcode/DerivedData/WorkoutTracker-damryvjlpuarrrhkmzzrsckhybqp/Build/Intermediates.noindex/WorkoutTracker.build/Debug-iphonesimulator/WorkoutTracker.build/WorkoutTracker.app.xcent /Users/ilakazdan/Library/Developer/Xcode/DerivedData/WorkoutTracker-damryvjlpuarrrhkmzzrsckhybqp/Build/Intermediates.noindex/WorkoutTracker.build/Debug-iphonesimulator/WorkoutTracker.build/WorkoutTracker.app.xcent.der (in target 'WorkoutTracker' from project 'WorkoutTracker')
    cd /Users/ilakazdan/WorkoutTracker
    /usr/bin/derq query -f xml -i /Users/ilakazdan/Library/Developer/Xcode/DerivedData/WorkoutTracker-damryvjlpuarrrhkmzzrsckhybqp/Build/Intermediates.noindex/WorkoutTracker.build/Debug-iphonesimulator/WorkoutTracker.build/WorkoutTracker.app.xcent -o /Users/ilakazdan/Library/Developer/Xcode/DerivedData/WorkoutTracker-damryvjlpuarrrhkmzzrsckhybqp/Build/Intermediates.noindex/WorkoutTracker.build/Debug-iphonesimulator/WorkoutTracker.build/WorkoutTracker.app.xcent.der --raw

ProcessInfoPlistFile /Users/ilakazdan/Library/Developer/Xcode/DerivedData/WorkoutTracker-damryvjlpuarrrhkmzzrsckhybqp/Build/Products/Debug-iphonesimulator/WorkoutTimerWidgetExtension.appex/Info.plist /Users/ilakazdan/WorkoutTracker/WorkoutTimerWidget/Info.plist (in target 'WorkoutTimerWidgetExtension' from project 'WorkoutTracker')
    cd /Users/ilakazdan/WorkoutTracker
    builtin-infoPlistUtility /Users/ilakazdan/WorkoutTracker/WorkoutTimerWidget/Info.plist -producttype com.apple.product-type.app-extension -expandbuildsettings -format binary -platform iphonesimulator -additionalcontentfile /Users/ilakazdan/Library/Developer/Xcode/DerivedData/WorkoutTracker-damryvjlpuarrrhkmzzrsckhybqp/Build/Intermediates.noindex/WorkoutTracker.build/Debug-iphonesimulator/WorkoutTimerWidgetExtension.build/assetcatalog_generated_info.plist -o /Users/ilakazdan/Library/Developer/Xcode/DerivedData/WorkoutTracker-damryvjlpuarrrhkmzzrsckhybqp/Build/Products/Debug-iphonesimulator/WorkoutTimerWidgetExtension.appex/Info.plist

ProcessProductPackagingDER /Users/ilakazdan/Library/Developer/Xcode/DerivedData/WorkoutTracker-damryvjlpuarrrhkmzzrsckhybqp/Build/Intermediates.noindex/WorkoutTracker.build/Debug-iphonesimulator/WorkoutTracker.build/WorkoutTracker.app-Simulated.xcent /Users/ilakazdan/Library/Developer/Xcode/DerivedData/WorkoutTracker-damryvjlpuarrrhkmzzrsckhybqp/Build/Intermediates.noindex/WorkoutTracker.build/Debug-iphonesimulator/WorkoutTracker.build/WorkoutTracker.app-Simulated.xcent.der (in target 'WorkoutTracker' from project 'WorkoutTracker')
    cd /Users/ilakazdan/WorkoutTracker
    /usr/bin/derq query -f xml -i /Users/ilakazdan/Library/Developer/Xcode/DerivedData/WorkoutTracker-damryvjlpuarrrhkmzzrsckhybqp/Build/Intermediates.noindex/WorkoutTracker.build/Debug-iphonesimulator/WorkoutTracker.build/WorkoutTracker.app-Simulated.xcent -o /Users/ilakazdan/Library/Developer/Xcode/DerivedData/WorkoutTracker-damryvjlpuarrrhkmzzrsckhybqp/Build/Intermediates.noindex/WorkoutTracker.build/Debug-iphonesimulator/WorkoutTracker.build/WorkoutTracker.app-Simulated.xcent.der --raw

ProcessInfoPlistFile /Users/ilakazdan/Library/Developer/Xcode/DerivedData/WorkoutTracker-damryvjlpuarrrhkmzzrsckhybqp/Build/Products/Debug-iphonesimulator/StatsWidgetExtension.appex/Info.plist /Users/ilakazdan/WorkoutTracker/StatsWidget/Info.plist (in target 'StatsWidgetExtension' from project 'WorkoutTracker')
    cd /Users/ilakazdan/WorkoutTracker
    builtin-infoPlistUtility /Users/ilakazdan/WorkoutTracker/StatsWidget/Info.plist -producttype com.apple.product-type.app-extension -expandbuildsettings -format binary -platform iphonesimulator -additionalcontentfile /Users/ilakazdan/Library/Developer/Xcode/DerivedData/WorkoutTracker-damryvjlpuarrrhkmzzrsckhybqp/Build/Intermediates.noindex/WorkoutTracker.build/Debug-iphonesimulator/StatsWidgetExtension.build/assetcatalog_generated_info.plist -o /Users/ilakazdan/Library/Developer/Xcode/DerivedData/WorkoutTracker-damryvjlpuarrrhkmzzrsckhybqp/Build/Products/Debug-iphonesimulator/StatsWidgetExtension.appex/Info.plist

CompileXCStrings /Users/ilakazdan/Library/Developer/Xcode/DerivedData/WorkoutTracker-damryvjlpuarrrhkmzzrsckhybqp/Build/Intermediates.noindex/WorkoutTracker.build/Debug-iphonesimulator/WorkoutTracker.build/ /Users/ilakazdan/WorkoutTracker/WorkoutTracker/Localizable.xcstrings (in target 'WorkoutTracker' from project 'WorkoutTracker')
    cd /Users/ilakazdan/WorkoutTracker
    /Applications/Xcode.app/Contents/Developer/usr/bin/xcstringstool compile --output-directory /Users/ilakazdan/Library/Developer/Xcode/DerivedData/WorkoutTracker-damryvjlpuarrrhkmzzrsckhybqp/Build/Intermediates.noindex/WorkoutTracker.build/Debug-iphonesimulator/WorkoutTracker.build /Users/ilakazdan/WorkoutTracker/WorkoutTracker/Localizable.xcstrings

SwiftDriver WorkoutTracker normal x86_64 com.apple.xcode.tools.swift.compiler (in target 'WorkoutTracker' from project 'WorkoutTracker')
    cd /Users/ilakazdan/WorkoutTracker
    builtin-SwiftDriver -- /Applications/Xcode.app/Contents/Developer/Toolchains/XcodeDefault.xctoolchain/usr/bin/swiftc -module-name WorkoutTracker -Onone -enforce-exclusivity\=checked @/Users/ilakazdan/Library/Developer/Xcode/DerivedData/WorkoutTracker-damryvjlpuarrrhkmzzrsckhybqp/Build/Intermediates.noindex/WorkoutTracker.build/Debug-iphonesimulator/WorkoutTracker.build/Objects-normal/x86_64/WorkoutTracker.SwiftFileList -DDEBUG -Xcc -fmodule-map-file\=/Users/ilakazdan/Library/Developer/Xcode/DerivedData/WorkoutTracker-damryvjlpuarrrhkmzzrsckhybqp/Build/Intermediates.noindex/GeneratedModuleMaps-iphonesimulator/abslWrapper.modulemap -Xcc -fmodule-map-file\=/Users/ilakazdan/Library/Developer/Xcode/DerivedData/WorkoutTracker-damryvjlpuarrrhkmzzrsckhybqp/Build/Intermediates.noindex/GeneratedModuleMaps-iphonesimulator/opensslWrapper.modulemap -Xcc -fmodule-map-file\=/Users/ilakazdan/Library/Developer/Xcode/DerivedData/WorkoutTracker-damryvjlpuarrrhkmzzrsckhybqp/Build/Intermediates.noindex/GeneratedModuleMaps-iphonesimulator/grpcWrapper.modulemap -Xcc -fmodule-map-file\=/Users/ilakazdan/Library/Developer/Xcode/DerivedData/WorkoutTracker-damryvjlpuarrrhkmzzrsckhybqp/Build/Intermediates.noindex/GeneratedModuleMaps-iphonesimulator/grpcppWrapper.modulemap -Xcc -fmodule-map-file\=/Users/ilakazdan/Library/Developer/Xcode/DerivedData/WorkoutTracker-damryvjlpuarrrhkmzzrsckhybqp/Build/Intermediates.noindex/GeneratedModuleMaps-iphonesimulator/leveldb.modulemap -Xcc -fmodule-map-file\=/Users/ilakazdan/Library/Developer/Xcode/DerivedData/WorkoutTracker-damryvjlpuarrrhkmzzrsckhybqp/Build/Intermediates.noindex/GeneratedModuleMaps-iphonesimulator/FirebaseFirestoreInternalWrapper.modulemap -Xcc -fmodule-map-file\=/Users/ilakazdan/Library/Developer/Xcode/DerivedData/WorkoutTracker-damryvjlpuarrrhkmzzrsckhybqp/Build/Intermediates.noindex/GeneratedModuleMaps-iphonesimulator/FirebaseFirestoreTarget.modulemap -Xcc -fmodule-map-file\=/Users/ilakazdan/Library/Developer/Xcode/DerivedData/WorkoutTracker-damryvjlpuarrrhkmzzrsckhybqp/Build/Intermediates.noindex/GeneratedModuleMaps-iphonesimulator/RecaptchaInterop.modulemap -Xcc -fmodule-map-file\=/Users/ilakazdan/Library/Developer/Xcode/DerivedData/WorkoutTracker-damryvjlpuarrrhkmzzrsckhybqp/Build/Intermediates.noindex/GeneratedModuleMaps-iphonesimulator/FirebaseAuthInternal.modulemap -Xcc -fmodule-map-file\=/Users/ilakazdan/Library/Developer/Xcode/DerivedData/WorkoutTracker-damryvjlpuarrrhkmzzrsckhybqp/Build/Intermediates.noindex/GeneratedModuleMaps-iphonesimulator/FirebaseMessagingInterop.modulemap -Xcc -fmodule-map-file\=/Users/ilakazdan/Library/Developer/Xcode/DerivedData/WorkoutTracker-damryvjlpuarrrhkmzzrsckhybqp/Build/Intermediates.noindex/GeneratedModuleMaps-iphonesimulator/FirebaseAuthInterop.modulemap -Xcc -fmodule-map-file\=/Users/ilakazdan/Library/Developer/Xcode/DerivedData/WorkoutTracker-damryvjlpuarrrhkmzzrsckhybqp/Build/Intermediates.noindex/GeneratedModuleMaps-iphonesimulator/FirebaseAppCheckInterop.modulemap -Xcc -fmodule-map-file\=/Users/ilakazdan/Library/Developer/Xcode/DerivedData/WorkoutTracker-damryvjlpuarrrhkmzzrsckhybqp/Build/Intermediates.noindex/GeneratedModuleMaps-iphonesimulator/FirebaseAppCheck.modulemap -Xcc -fmodule-map-file\=/Users/ilakazdan/Library/Developer/Xcode/DerivedData/WorkoutTracker-damryvjlpuarrrhkmzzrsckhybqp/Build/Intermediates.noindex/GeneratedModuleMaps-iphonesimulator/AppAuth.modulemap -Xcc -fmodule-map-file\=/Users/ilakazdan/Library/Developer/Xcode/DerivedData/WorkoutTracker-damryvjlpuarrrhkmzzrsckhybqp/Build/Intermediates.noindex/GeneratedModuleMaps-iphonesimulator/AppAuthCore.modulemap -Xcc -fmodule-map-file\=/Users/ilakazdan/Library/Developer/Xcode/DerivedData/WorkoutTracker-damryvjlpuarrrhkmzzrsckhybqp/Build/Intermediates.noindex/GeneratedModuleMaps-iphonesimulator/AppCheckCore.modulemap -Xcc -fmodule-map-file\=/Users/ilakazdan/Library/Developer/Xcode/DerivedData/WorkoutTracker-damryvjlpuarrrhkmzzrsckhybqp/Build/Intermediates.noindex/GeneratedModuleMaps-iphonesimulator/GTMSessionFetcherCore.modulemap -Xcc -fmodule-map-file\=/Users/ilakazdan/Library/Developer/Xcode/DerivedData/WorkoutTracker-damryvjlpuarrrhkmzzrsckhybqp/Build/Intermediates.noindex/GeneratedModuleMaps-iphonesimulator/GoogleSignIn.modulemap -Xcc -fmodule-map-file\=/Users/ilakazdan/Library/Developer/Xcode/DerivedData/WorkoutTracker-damryvjlpuarrrhkmzzrsckhybqp/Build/Intermediates.noindex/GeneratedModuleMaps-iphonesimulator/GoogleAdsOnDeviceConversionTarget.modulemap -Xcc -fmodule-map-file\=/Users/ilakazdan/Library/Developer/Xcode/DerivedData/WorkoutTracker-damryvjlpuarrrhkmzzrsckhybqp/Build/Intermediates.noindex/GeneratedModuleMaps-iphonesimulator/GoogleAppMeasurementTarget.modulemap -Xcc -fmodule-map-file\=/Users/ilakazdan/Library/Developer/Xcode/DerivedData/WorkoutTracker-damryvjlpuarrrhkmzzrsckhybqp/Build/Intermediates.noindex/GeneratedModuleMaps-iphonesimulator/GoogleUtilities-AppDelegateSwizzler.modulemap -Xcc -fmodule-map-file\=/Users/ilakazdan/Library/Developer/Xcode/DerivedData/WorkoutTracker-damryvjlpuarrrhkmzzrsckhybqp/Build/Intermediates.noindex/GeneratedModuleMaps-iphonesimulator/GoogleUtilities-Reachability.modulemap -Xcc -fmodule-map-file\=/Users/ilakazdan/Library/Developer/Xcode/DerivedData/WorkoutTracker-damryvjlpuarrrhkmzzrsckhybqp/Build/Intermediates.noindex/GeneratedModuleMaps-iphonesimulator/GoogleUtilities-Network.modulemap -Xcc -fmodule-map-file\=/Users/ilakazdan/Library/Developer/Xcode/DerivedData/WorkoutTracker-damryvjlpuarrrhkmzzrsckhybqp/Build/Intermediates.noindex/GeneratedModuleMaps-iphonesimulator/FirebaseAnalyticsWrapper.modulemap -Xcc -fmodule-map-file\=/Users/ilakazdan/Library/Developer/Xcode/DerivedData/WorkoutTracker-damryvjlpuarrrhkmzzrsckhybqp/Build/Intermediates.noindex/GeneratedModuleMaps-iphonesimulator/FirebaseAnalyticsTarget.modulemap -Xcc -fmodule-map-file\=/Users/ilakazdan/Library/Developer/Xcode/DerivedData/WorkoutTracker-damryvjlpuarrrhkmzzrsckhybqp/Build/Intermediates.noindex/GeneratedModuleMaps-iphonesimulator/FirebaseCrashlytics.modulemap -Xcc -fmodule-map-file\=/Users/ilakazdan/Library/Developer/Xcode/DerivedData/WorkoutTracker-damryvjlpuarrrhkmzzrsckhybqp/Build/Intermediates.noindex/GeneratedModuleMaps-iphonesimulator/GoogleUtilities-NSData.modulemap -Xcc -fmodule-map-file\=/Users/ilakazdan/Library/Developer/Xcode/DerivedData/WorkoutTracker-damryvjlpuarrrhkmzzrsckhybqp/Build/Intermediates.noindex/GeneratedModuleMaps-iphonesimulator/GoogleUtilities-UserDefaults.modulemap -Xcc -fmodule-map-file\=/Users/ilakazdan/Library/Developer/Xcode/DerivedData/WorkoutTracker-damryvjlpuarrrhkmzzrsckhybqp/Build/Intermediates.noindex/GeneratedModuleMaps-iphonesimulator/nanopb.modulemap -Xcc -fmodule-map-file\=/Users/ilakazdan/Library/Developer/Xcode/DerivedData/WorkoutTracker-damryvjlpuarrrhkmzzrsckhybqp/Build/Intermediates.noindex/GeneratedModuleMaps-iphonesimulator/GoogleDataTransport.modulemap -Xcc -fmodule-map-file\=/Users/ilakazdan/Library/Developer/Xcode/DerivedData/WorkoutTracker-damryvjlpuarrrhkmzzrsckhybqp/Build/Intermediates.noindex/GeneratedModuleMaps-iphonesimulator/GoogleUtilities-Logger.modulemap -Xcc -fmodule-map-file\=/Users/ilakazdan/Library/Developer/Xcode/DerivedData/WorkoutTracker-damryvjlpuarrrhkmzzrsckhybqp/Build/Intermediates.noindex/GeneratedModuleMaps-iphonesimulator/GoogleUtilities-Environment.modulemap -Xcc -fmodule-map-file\=/Users/ilakazdan/Library/Developer/Xcode/DerivedData/WorkoutTracker-damryvjlpuarrrhkmzzrsckhybqp/Build/Intermediates.noindex/GeneratedModuleMaps-iphonesimulator/third-party-IsAppEncrypted.modulemap -Xcc -fmodule-map-file\=/Users/ilakazdan/Library/Developer/Xcode/DerivedData/WorkoutTracker-damryvjlpuarrrhkmzzrsckhybqp/Build/Intermediates.noindex/GeneratedModuleMaps-iphonesimulator/GoogleUtilities-MethodSwizzler.modulemap -Xcc -fmodule-map-file\=/Users/ilakazdan/Library/Developer/Xcode/DerivedData/WorkoutTracker-damryvjlpuarrrhkmzzrsckhybqp/Build/Intermediates.noindex/GeneratedModuleMaps-iphonesimulator/FirebasePerformance.modulemap -Xcc -fmodule-map-file\=/Users/ilakazdan/Library/Developer/Xcode/DerivedData/WorkoutTracker-damryvjlpuarrrhkmzzrsckhybqp/Build/Intermediates.noindex/GeneratedModuleMaps-iphonesimulator/FirebaseSessionsObjC.modulemap -Xcc -fmodule-map-file\=/Users/ilakazdan/Library/Developer/Xcode/DerivedData/WorkoutTracker-damryvjlpuarrrhkmzzrsckhybqp/Build/Intermediates.noindex/GeneratedModuleMaps-iphonesimulator/FirebaseCoreExtension.modulemap -Xcc -fmodule-map-file\=/Users/ilakazdan/Library/Developer/Xcode/DerivedData/WorkoutTracker-damryvjlpuarrrhkmzzrsckhybqp/Build/Intermediates.noindex/GeneratedModuleMaps-iphonesimulator/FirebaseRemoteConfigInternal.modulemap -Xcc -fmodule-map-file\=/Users/ilakazdan/Library/Developer/Xcode/DerivedData/WorkoutTracker-damryvjlpuarrrhkmzzrsckhybqp/Build/Intermediates.noindex/GeneratedModuleMaps-iphonesimulator/FirebaseABTesting.modulemap -Xcc -fmodule-map-file\=/Users/ilakazdan/Library/Developer/Xcode/DerivedData/WorkoutTracker-damryvjlpuarrrhkmzzrsckhybqp/Build/Intermediates.noindex/GeneratedModuleMaps-iphonesimulator/FirebaseInstallations.modulemap -Xcc -fmodule-map-file\=/Users/ilakazdan/Library/Developer/Xcode/DerivedData/WorkoutTracker-damryvjlpuarrrhkmzzrsckhybqp/Build/Intermediates.noindex/GeneratedModuleMaps-iphonesimulator/FirebaseCore.modulemap -Xcc -fmodule-map-file\=/Users/ilakazdan/Library/Developer/Xcode/DerivedData/WorkoutTracker-damryvjlpuarrrhkmzzrsckhybqp/Build/Intermediates.noindex/GeneratedModuleMaps-iphonesimulator/FirebasePerformanceTarget.modulemap -default-isolation\=MainActor -enable-bare-slash-regex -enable-upcoming-feature DisableOutwardActorInference -enable-upcoming-feature InferSendableFromCaptures -enable-upcoming-feature GlobalActorIsolatedTypesUsability -enable-upcoming-feature MemberImportVisibility -enable-upcoming-feature InferIsolatedConformances -enable-upcoming-feature NonisolatedNonsendingByDefault -enable-experimental-feature DebugDescriptionMacro -sdk /Applications/Xcode.app/Contents/Developer/Platforms/iPhoneSimulator.platform/Developer/SDKs/iPhoneSimulator26.2.sdk -target x86_64-apple-ios17.6-simulator -g -module-cache-path /Users/ilakazdan/Library/Developer/Xcode/DerivedData/ModuleCache.noindex -Xfrontend -serialize-debugging-options -enable-testing -index-store-path /Users/ilakazdan/Library/Developer/Xcode/DerivedData/WorkoutTracker-damryvjlpuarrrhkmzzrsckhybqp/Index.noindex/DataStore -Xcc -D_LIBCPP_HARDENING_MODE\=_LIBCPP_HARDENING_MODE_DEBUG -swift-version 5 -I /Users/ilakazdan/Library/Developer/Xcode/DerivedData/WorkoutTracker-damryvjlpuarrrhkmzzrsckhybqp/Build/Products/Debug-iphonesimulator -F /Users/ilakazdan/Library/Developer/Xcode/DerivedData/WorkoutTracker-damryvjlpuarrrhkmzzrsckhybqp/Build/Products/Debug-iphonesimulator/PackageFrameworks -F /Users/ilakazdan/Library/Developer/Xcode/DerivedData/WorkoutTracker-damryvjlpuarrrhkmzzrsckhybqp/Build/Products/Debug-iphonesimulator/PackageFrameworks -F /Users/ilakazdan/Library/Developer/Xcode/DerivedData/WorkoutTracker-damryvjlpuarrrhkmzzrsckhybqp/Build/Products/Debug-iphonesimulator/PackageFrameworks -F /Users/ilakazdan/Library/Developer/Xcode/DerivedData/WorkoutTracker-damryvjlpuarrrhkmzzrsckhybqp/Build/Products/Debug-iphonesimulator/PackageFrameworks -F /Users/ilakazdan/Library/Developer/Xcode/DerivedData/WorkoutTracker-damryvjlpuarrrhkmzzrsckhybqp/Build/Products/Debug-iphonesimulator/PackageFrameworks -F /Users/ilakazdan/Library/Developer/Xcode/DerivedData/WorkoutTracker-damryvjlpuarrrhkmzzrsckhybqp/Build/Products/Debug-iphonesimulator/PackageFrameworks -F /Users/ilakazdan/Library/Developer/Xcode/DerivedData/WorkoutTracker-damryvjlpuarrrhkmzzrsckhybqp/Build/Products/Debug-iphonesimulator/PackageFrameworks -F /Users/ilakazdan/Library/Developer/Xcode/DerivedData/WorkoutTracker-damryvjlpuarrrhkmzzrsckhybqp/Build/Products/Debug-iphonesimulator/PackageFrameworks -F /Users/ilakazdan/Library/Developer/Xcode/DerivedData/WorkoutTracker-damryvjlpuarrrhkmzzrsckhybqp/Build/Products/Debug-iphonesimulator/PackageFrameworks -F /Users/ilakazdan/Library/Developer/Xcode/DerivedData/WorkoutTracker-damryvjlpuarrrhkmzzrsckhybqp/Build/Products/Debug-iphonesimulator/PackageFrameworks -F /Users/ilakazdan/Library/Developer/Xcode/DerivedData/WorkoutTracker-damryvjlpuarrrhkmzzrsckhybqp/Build/Products/Debug-iphonesimulator/PackageFrameworks -F /Users/ilakazdan/Library/Developer/Xcode/DerivedData/WorkoutTracker-damryvjlpuarrrhkmzzrsckhybqp/Build/Products/Debug-iphonesimulator/PackageFrameworks -F /Users/ilakazdan/Library/Developer/Xcode/DerivedData/WorkoutTracker-damryvjlpuarrrhkmzzrsckhybqp/Build/Products/Debug-iphonesimulator/PackageFrameworks -F /Users/ilakazdan/Library/Developer/Xcode/DerivedData/WorkoutTracker-damryvjlpuarrrhkmzzrsckhybqp/Build/Products/Debug-iphonesimulator/PackageFrameworks -F /Users/ilakazdan/Library/Developer/Xcode/DerivedData/WorkoutTracker-damryvjlpuarrrhkmzzrsckhybqp/Build/Products/Debug-iphonesimulator/PackageFrameworks -F /Users/ilakazdan/Library/Developer/Xcode/DerivedData/WorkoutTracker-damryvjlpuarrrhkmzzrsckhybqp/Build/Products/Debug-iphonesimulator/PackageFrameworks -F /Users/ilakazdan/Library/Developer/Xcode/DerivedData/WorkoutTracker-damryvjlpuarrrhkmzzrsckhybqp/Build/Products/Debug-iphonesimulator/PackageFrameworks -F /Users/ilakazdan/Library/Developer/Xcode/DerivedData/WorkoutTracker-damryvjlpuarrrhkmzzrsckhybqp/Build/Products/Debug-iphonesimulator/PackageFrameworks -F /Users/ilakazdan/Library/Developer/Xcode/DerivedData/WorkoutTracker-damryvjlpuarrrhkmzzrsckhybqp/Build/Products/Debug-iphonesimulator/PackageFrameworks -F /Users/ilakazdan/Library/Developer/Xcode/DerivedData/WorkoutTracker-damryvjlpuarrrhkmzzrsckhybqp/Build/Products/Debug-iphonesimulator/PackageFrameworks -F /Users/ilakazdan/Library/Developer/Xcode/DerivedData/WorkoutTracker-damryvjlpuarrrhkmzzrsckhybqp/Build/Products/Debug-iphonesimulator/PackageFrameworks -F /Users/ilakazdan/Library/Developer/Xcode/DerivedData/WorkoutTracker-damryvjlpuarrrhkmzzrsckhybqp/Build/Products/Debug-iphonesimulator/PackageFrameworks -F /Users/ilakazdan/Library/Developer/Xcode/DerivedData/WorkoutTracker-damryvjlpuarrrhkmzzrsckhybqp/Build/Products/Debug-iphonesimulator/PackageFrameworks -F /Users/ilakazdan/Library/Developer/Xcode/DerivedData/WorkoutTracker-damryvjlpuarrrhkmzzrsckhybqp/Build/Products/Debug-iphonesimulator/PackageFrameworks -F /Users/ilakazdan/Library/Developer/Xcode/DerivedData/WorkoutTracker-damryvjlpuarrrhkmzzrsckhybqp/Build/Products/Debug-iphonesimulator/PackageFrameworks -F /Users/ilakazdan/Library/Developer/Xcode/DerivedData/WorkoutTracker-damryvjlpuarrrhkmzzrsckhybqp/Build/Products/Debug-iphonesimulator/PackageFrameworks -F /Users/ilakazdan/Library/Developer/Xcode/DerivedData/WorkoutTracker-damryvjlpuarrrhkmzzrsckhybqp/Build/Products/Debug-iphonesimulator/PackageFrameworks -F /Users/ilakazdan/Library/Developer/Xcode/DerivedData/WorkoutTracker-damryvjlpuarrrhkmzzrsckhybqp/Build/Products/Debug-iphonesimulator/PackageFrameworks -F /Users/ilakazdan/Library/Developer/Xcode/DerivedData/WorkoutTracker-damryvjlpuarrrhkmzzrsckhybqp/Build/Products/Debug-iphonesimulator/PackageFrameworks -F /Users/ilakazdan/Library/Developer/Xcode/DerivedData/WorkoutTracker-damryvjlpuarrrhkmzzrsckhybqp/Build/Products/Debug-iphonesimulator/PackageFrameworks -F /Users/ilakazdan/Library/Developer/Xcode/DerivedData/WorkoutTracker-damryvjlpuarrrhkmzzrsckhybqp/Build/Products/Debug-iphonesimulator/PackageFrameworks -F /Users/ilakazdan/Library/Developer/Xcode/DerivedData/WorkoutTracker-damryvjlpuarrrhkmzzrsckhybqp/Build/Products/Debug-iphonesimulator/PackageFrameworks -F /Users/ilakazdan/Library/Developer/Xcode/DerivedData/WorkoutTracker-damryvjlpuarrrhkmzzrsckhybqp/Build/Products/Debug-iphonesimulator/PackageFrameworks -F /Users/ilakazdan/Library/Developer/Xcode/DerivedData/WorkoutTracker-damryvjlpuarrrhkmzzrsckhybqp/Build/Products/Debug-iphonesimulator/PackageFrameworks -F /Users/ilakazdan/Library/Developer/Xcode/DerivedData/WorkoutTracker-damryvjlpuarrrhkmzzrsckhybqp/Build/Products/Debug-iphonesimulator/PackageFrameworks -F /Users/ilakazdan/Library/Developer/Xcode/DerivedData/WorkoutTracker-damryvjlpuarrrhkmzzrsckhybqp/Build/Products/Debug-iphonesimulator/PackageFrameworks -F /Users/ilakazdan/Library/Developer/Xcode/DerivedData/WorkoutTracker-damryvjlpuarrrhkmzzrsckhybqp/Build/Products/Debug-iphonesimulator/PackageFrameworks -F /Users/ilakazdan/Library/Developer/Xcode/DerivedData/WorkoutTracker-damryvjlpuarrrhkmzzrsckhybqp/Build/Products/Debug-iphonesimulator/PackageFrameworks -F /Users/ilakazdan/Library/Developer/Xcode/DerivedData/WorkoutTracker-damryvjlpuarrrhkmzzrsckhybqp/Build/Products/Debug-iphonesimulator/PackageFrameworks -F /Users/ilakazdan/Library/Developer/Xcode/DerivedData/WorkoutTracker-damryvjlpuarrrhkmzzrsckhybqp/Build/Products/Debug-iphonesimulator/PackageFrameworks -F /Users/ilakazdan/Library/Developer/Xcode/DerivedData/WorkoutTracker-damryvjlpuarrrhkmzzrsckhybqp/Build/Products/Debug-iphonesimulator/PackageFrameworks -F /Users/ilakazdan/Library/Developer/Xcode/DerivedData/WorkoutTracker-damryvjlpuarrrhkmzzrsckhybqp/Build/Products/Debug-iphonesimulator/PackageFrameworks -F /Users/ilakazdan/Library/Developer/Xcode/DerivedData/WorkoutTracker-damryvjlpuarrrhkmzzrsckhybqp/Build/Products/Debug-iphonesimulator/PackageFrameworks -F /Users/ilakazdan/Library/Developer/Xcode/DerivedData/WorkoutTracker-damryvjlpuarrrhkmzzrsckhybqp/Build/Products/Debug-iphonesimulator/PackageFrameworks -F /Users/ilakazdan/Library/Developer/Xcode/DerivedData/WorkoutTracker-damryvjlpuarrrhkmzzrsckhybqp/Build/Products/Debug-iphonesimulator/PackageFrameworks -F /Users/ilakazdan/Library/Developer/Xcode/DerivedData/WorkoutTracker-damryvjlpuarrrhkmzzrsckhybqp/Build/Products/Debug-iphonesimulator/PackageFrameworks -F /Users/ilakazdan/Library/Developer/Xcode/DerivedData/WorkoutTracker-damryvjlpuarrrhkmzzrsckhybqp/Build/Products/Debug-iphonesimulator/PackageFrameworks -F /Users/ilakazdan/Library/Developer/Xcode/DerivedData/WorkoutTracker-damryvjlpuarrrhkmzzrsckhybqp/Build/Products/Debug-iphonesimulator/PackageFrameworks -F /Users/ilakazdan/Library/Developer/Xcode/DerivedData/WorkoutTracker-damryvjlpuarrrhkmzzrsckhybqp/Build/Products/Debug-iphonesimulator/PackageFrameworks -F /Users/ilakazdan/Library/Developer/Xcode/DerivedData/WorkoutTracker-damryvjlpuarrrhkmzzrsckhybqp/Build/Products/Debug-iphonesimulator/PackageFrameworks -F /Users/ilakazdan/Library/Developer/Xcode/DerivedData/WorkoutTracker-damryvjlpuarrrhkmzzrsckhybqp/Build/Products/Debug-iphonesimulator/PackageFrameworks -F /Users/ilakazdan/Library/Developer/Xcode/DerivedData/WorkoutTracker-damryvjlpuarrrhkmzzrsckhybqp/Build/Products/Debug-iphonesimulator/PackageFrameworks -F /Users/ilakazdan/Library/Developer/Xcode/DerivedData/WorkoutTracker-damryvjlpuarrrhkmzzrsckhybqp/Build/Products/Debug-iphonesimulator/PackageFrameworks -F /Users/ilakazdan/Library/Developer/Xcode/DerivedData/WorkoutTracker-damryvjlpuarrrhkmzzrsckhybqp/Build/Products/Debug-iphonesimulator/PackageFrameworks -F /Users/ilakazdan/Library/Developer/Xcode/DerivedData/WorkoutTracker-damryvjlpuarrrhkmzzrsckhybqp/Build/Products/Debug-iphonesimulator/PackageFrameworks -F /Users/ilakazdan/Library/Developer/Xcode/DerivedData/WorkoutTracker-damryvjlpuarrrhkmzzrsckhybqp/Build/Products/Debug-iphonesimulator/PackageFrameworks -F /Users/ilakazdan/Library/Developer/Xcode/DerivedData/WorkoutTracker-damryvjlpuarrrhkmzzrsckhybqp/Build/Products/Debug-iphonesimulator -emit-localized-strings -emit-localized-strings-path /Users/ilakazdan/Library/Developer/Xcode/DerivedData/WorkoutTracker-damryvjlpuarrrhkmzzrsckhybqp/Build/Intermediates.noindex/WorkoutTracker.build/Debug-iphonesimulator/WorkoutTracker.build/Objects-normal/x86_64 -c -j8 -enable-batch-mode -incremental -Xcc -ivfsstatcache -Xcc /Users/ilakazdan/Library/Developer/Xcode/DerivedData/SDKStatCaches.noindex/iphonesimulator26.2-23C57-7d00a8b37fbd7999ea79df8ebc024bf0.sdkstatcache -output-file-map /Users/ilakazdan/Library/Developer/Xcode/DerivedData/WorkoutTracker-damryvjlpuarrrhkmzzrsckhybqp/Build/Intermediates.noindex/WorkoutTracker.build/Debug-iphonesimulator/WorkoutTracker.build/Objects-normal/x86_64/WorkoutTracker-OutputFileMap.json -use-frontend-parseable-output -save-temps -no-color-diagnostics -explicit-module-build -module-cache-path /Users/ilakazdan/Library/Developer/Xcode/DerivedData/WorkoutTracker-damryvjlpuarrrhkmzzrsckhybqp/Build/Intermediates.noindex/SwiftExplicitPrecompiledModules -clang-scanner-module-cache-path /Users/ilakazdan/Library/Developer/Xcode/DerivedData/ModuleCache.noindex -sdk-module-cache-path /Users/ilakazdan/Library/Developer/Xcode/DerivedData/ModuleCache.noindex -serialize-diagnostics -emit-dependencies -emit-module -emit-module-path /Users/ilakazdan/Library/Developer/Xcode/DerivedData/WorkoutTracker-damryvjlpuarrrhkmzzrsckhybqp/Build/Intermediates.noindex/WorkoutTracker.build/Debug-iphonesimulator/WorkoutTracker.build/Objects-normal/x86_64/WorkoutTracker.swiftmodule -validate-clang-modules-once -clang-build-session-file /Users/ilakazdan/Library/Developer/Xcode/DerivedData/ModuleCache.noindex/Session.modulevalidation -Xcc -I/Users/ilakazdan/Library/Developer/Xcode/DerivedData/WorkoutTracker-damryvjlpuarrrhkmzzrsckhybqp/Build/Intermediates.noindex/WorkoutTracker.build/Debug-iphonesimulator/WorkoutTracker.build/swift-overrides.hmap -emit-const-values -Xfrontend -const-gather-protocols-file -Xfrontend /Users/ilakazdan/Library/Developer/Xcode/DerivedData/WorkoutTracker-damryvjlpuarrrhkmzzrsckhybqp/Build/Intermediates.noindex/WorkoutTracker.build/Debug-iphonesimulator/WorkoutTracker.build/Objects-normal/x86_64/WorkoutTracker_const_extract_protocols.json -Xcc -iquote -Xcc /Users/ilakazdan/Library/Developer/Xcode/DerivedData/WorkoutTracker-damryvjlpuarrrhkmzzrsckhybqp/Build/Intermediates.noindex/WorkoutTracker.build/Debug-iphonesimulator/WorkoutTracker.build/WorkoutTracker-generated-files.hmap -Xcc -I/Users/ilakazdan/Library/Developer/Xcode/DerivedData/WorkoutTracker-damryvjlpuarrrhkmzzrsckhybqp/Build/Intermediates.noindex/WorkoutTracker.build/Debug-iphonesimulator/WorkoutTracker.build/WorkoutTracker-own-target-headers.hmap -Xcc -I/Users/ilakazdan/Library/Developer/Xcode/DerivedData/WorkoutTracker-damryvjlpuarrrhkmzzrsckhybqp/Build/Intermediates.noindex/WorkoutTracker.build/Debug-iphonesimulator/WorkoutTracker.build/WorkoutTracker-all-non-framework-target-headers.hmap -Xcc -ivfsoverlay -Xcc /Users/ilakazdan/Library/Developer/Xcode/DerivedData/WorkoutTracker-damryvjlpuarrrhkmzzrsckhybqp/Build/Intermediates.noindex/WorkoutTracker.build/Debug-iphonesimulator/WorkoutTracker-d36e0c2491cbbecbfaeaed3ebc3d9b3e-VFS-iphonesimulator/all-product-headers.yaml -Xcc -iquote -Xcc /Users/ilakazdan/Library/Developer/Xcode/DerivedData/WorkoutTracker-damryvjlpuarrrhkmzzrsckhybqp/Build/Intermediates.noindex/WorkoutTracker.build/Debug-iphonesimulator/WorkoutTracker.build/WorkoutTracker-project-headers.hmap -Xcc -I/Users/ilakazdan/Library/Developer/Xcode/DerivedData/WorkoutTracker-damryvjlpuarrrhkmzzrsckhybqp/SourcePackages/checkouts/abseil-cpp-binary/absl-Wrapper/include -Xcc -I/Users/ilakazdan/Library/Developer/Xcode/DerivedData/WorkoutTracker-damryvjlpuarrrhkmzzrsckhybqp/SourcePackages/checkouts/grpc-binary/openssl-grpc-Wrapper/include -Xcc -I/Users/ilakazdan/Library/Developer/Xcode/DerivedData/WorkoutTracker-damryvjlpuarrrhkmzzrsckhybqp/SourcePackages/checkouts/grpc-binary/grpc-Wrapper/include -Xcc -I/Users/ilakazdan/Library/Developer/Xcode/DerivedData/WorkoutTracker-damryvjlpuarrrhkmzzrsckhybqp/SourcePackages/checkouts/grpc-binary/grpcpp-Wrapper/include -Xcc -I/Users/ilakazdan/Library/Developer/Xcode/DerivedData/WorkoutTracker-damryvjlpuarrrhkmzzrsckhybqp/SourcePackages/checkouts/leveldb/include -Xcc -I/Users/ilakazdan/Library/Developer/Xcode/DerivedData/WorkoutTracker-damryvjlpuarrrhkmzzrsckhybqp/SourcePackages/checkouts/firebase-ios-sdk/FirebaseFirestoreInternal -Xcc -I/Users/ilakazdan/Library/Developer/Xcode/DerivedData/WorkoutTracker-damryvjlpuarrrhkmzzrsckhybqp/SourcePackages/checkouts/firebase-ios-sdk/SwiftPM-PlatformExclude/FirebaseFirestoreWrap/include -Xcc -I/Users/ilakazdan/Library/Developer/Xcode/DerivedData/WorkoutTracker-damryvjlpuarrrhkmzzrsckhybqp/SourcePackages/checkouts/interop-ios-for-google-sdks/RecaptchaEnterprise/RecaptchaInterop/Public -Xcc -I/Users/ilakazdan/Library/Developer/Xcode/DerivedData/WorkoutTracker-damryvjlpuarrrhkmzzrsckhybqp/SourcePackages/checkouts/firebase-ios-sdk/FirebaseAuth/Sources/Public -Xcc -I/Users/ilakazdan/Library/Developer/Xcode/DerivedData/WorkoutTracker-damryvjlpuarrrhkmzzrsckhybqp/SourcePackages/checkouts/firebase-ios-sdk/FirebaseMessaging/Interop -Xcc -I/Users/ilakazdan/Library/Developer/Xcode/DerivedData/WorkoutTracker-damryvjlpuarrrhkmzzrsckhybqp/SourcePackages/checkouts/firebase-ios-sdk/FirebaseAuth/Interop/Public -Xcc -I/Users/ilakazdan/Library/Developer/Xcode/DerivedData/WorkoutTracker-damryvjlpuarrrhkmzzrsckhybqp/SourcePackages/checkouts/firebase-ios-sdk/FirebaseAppCheck/Interop/Public -Xcc -I/Users/ilakazdan/Library/Developer/Xcode/DerivedData/WorkoutTracker-damryvjlpuarrrhkmzzrsckhybqp/SourcePackages/checkouts/firebase-ios-sdk/FirebaseAppCheck/Sources/Public -Xcc -I/Users/ilakazdan/Library/Developer/Xcode/DerivedData/WorkoutTracker-damryvjlpuarrrhkmzzrsckhybqp/SourcePackages/checkouts/AppAuth-iOS/Sources/AppAuth -Xcc -I/Users/ilakazdan/Library/Developer/Xcode/DerivedData/WorkoutTracker-damryvjlpuarrrhkmzzrsckhybqp/SourcePackages/checkouts/AppAuth-iOS/Sources/AppAuthCore -Xcc -I/Users/ilakazdan/Library/Developer/Xcode/DerivedData/WorkoutTracker-damryvjlpuarrrhkmzzrsckhybqp/SourcePackages/checkouts/app-check/AppCheckCore/Sources/Public -Xcc -I/Users/ilakazdan/Library/Developer/Xcode/DerivedData/WorkoutTracker-damryvjlpuarrrhkmzzrsckhybqp/SourcePackages/checkouts/gtm-session-fetcher/Sources/Core/Public -Xcc -I/Users/ilakazdan/Library/Developer/Xcode/DerivedData/WorkoutTracker-damryvjlpuarrrhkmzzrsckhybqp/SourcePackages/checkouts/GoogleSignIn-iOS/GoogleSignIn/Sources/Public -Xcc -I/Users/ilakazdan/Library/Developer/Xcode/DerivedData/WorkoutTracker-damryvjlpuarrrhkmzzrsckhybqp/SourcePackages/checkouts/google-ads-on-device-conversion-ios-sdk/GoogleAdsOnDeviceConversionWrapper/include -Xcc -I/Users/ilakazdan/Library/Developer/Xcode/DerivedData/WorkoutTracker-damryvjlpuarrrhkmzzrsckhybqp/SourcePackages/checkouts/GoogleAppMeasurement/GoogleAppMeasurementWrapper/include -Xcc -I/Users/ilakazdan/Library/Developer/Xcode/DerivedData/WorkoutTracker-damryvjlpuarrrhkmzzrsckhybqp/SourcePackages/checkouts/GoogleUtilities/GoogleUtilities/AppDelegateSwizzler/Public -Xcc -I/Users/ilakazdan/Library/Developer/Xcode/DerivedData/WorkoutTracker-damryvjlpuarrrhkmzzrsckhybqp/SourcePackages/checkouts/GoogleUtilities/GoogleUtilities/Reachability/Public -Xcc -I/Users/ilakazdan/Library/Developer/Xcode/DerivedData/WorkoutTracker-damryvjlpuarrrhkmzzrsckhybqp/SourcePackages/checkouts/GoogleUtilities/GoogleUtilities/Network/Public -Xcc -I/Users/ilakazdan/Library/Developer/Xcode/DerivedData/WorkoutTracker-damryvjlpuarrrhkmzzrsckhybqp/SourcePackages/checkouts/firebase-ios-sdk/FirebaseAnalyticsWrapper/include -Xcc -I/Users/ilakazdan/Library/Developer/Xcode/DerivedData/WorkoutTracker-damryvjlpuarrrhkmzzrsckhybqp/SourcePackages/checkouts/firebase-ios-sdk/SwiftPM-PlatformExclude/FirebaseAnalyticsWrap/include -Xcc -I/Users/ilakazdan/Library/Developer/Xcode/DerivedData/WorkoutTracker-damryvjlpuarrrhkmzzrsckhybqp/SourcePackages/checkouts/firebase-ios-sdk/Crashlytics/Crashlytics/Public -Xcc -I/Users/ilakazdan/Library/Developer/Xcode/DerivedData/WorkoutTracker-damryvjlpuarrrhkmzzrsckhybqp/SourcePackages/checkouts/GoogleUtilities/GoogleUtilities/NSData+zlib/Public -Xcc -I/Users/ilakazdan/Library/Developer/Xcode/DerivedData/WorkoutTracker-damryvjlpuarrrhkmzzrsckhybqp/SourcePackages/checkouts/GoogleUtilities/GoogleUtilities/UserDefaults/Public -Xcc -I/Users/ilakazdan/Library/Developer/Xcode/DerivedData/WorkoutTracker-damryvjlpuarrrhkmzzrsckhybqp/SourcePackages/checkouts/nanopb/spm_headers -Xcc -I/Users/ilakazdan/Library/Developer/Xcode/DerivedData/WorkoutTracker-damryvjlpuarrrhkmzzrsckhybqp/SourcePackages/checkouts/promises/Sources/FBLPromises/include -Xcc -I/Users/ilakazdan/Library/Developer/Xcode/DerivedData/WorkoutTracker-damryvjlpuarrrhkmzzrsckhybqp/SourcePackages/checkouts/GoogleDataTransport/GoogleDataTransport/GDTCORLibrary/Public -Xcc -I/Users/ilakazdan/Library/Developer/Xcode/DerivedData/WorkoutTracker-damryvjlpuarrrhkmzzrsckhybqp/SourcePackages/checkouts/GoogleUtilities/GoogleUtilities/Logger/Public -Xcc -I/Users/ilakazdan/Library/Developer/Xcode/DerivedData/WorkoutTracker-damryvjlpuarrrhkmzzrsckhybqp/SourcePackages/checkouts/GoogleUtilities/GoogleUtilities/Environment/Public -Xcc -I/Users/ilakazdan/Library/Developer/Xcode/DerivedData/WorkoutTracker-damryvjlpuarrrhkmzzrsckhybqp/SourcePackages/checkouts/GoogleUtilities/third_party/IsAppEncrypted/Public -Xcc -I/Users/ilakazdan/Library/Developer/Xcode/DerivedData/WorkoutTracker-damryvjlpuarrrhkmzzrsckhybqp/SourcePackages/checkouts/GoogleUtilities/GoogleUtilities/MethodSwizzler/Public -Xcc -I/Users/ilakazdan/Library/Developer/Xcode/DerivedData/WorkoutTracker-damryvjlpuarrrhkmzzrsckhybqp/SourcePackages/checkouts/firebase-ios-sdk/FirebasePerformance/Sources/Public -Xcc -I/Users/ilakazdan/Library/Developer/Xcode/DerivedData/WorkoutTracker-damryvjlpuarrrhkmzzrsckhybqp/SourcePackages/checkouts/firebase-ios-sdk/FirebaseSessions/SourcesObjC -Xcc -I/Users/ilakazdan/Library/Developer/Xcode/DerivedData/WorkoutTracker-damryvjlpuarrrhkmzzrsckhybqp/SourcePackages/checkouts/firebase-ios-sdk/FirebaseCore/Extension -Xcc -I/Users/ilakazdan/Library/Developer/Xcode/DerivedData/WorkoutTracker-damryvjlpuarrrhkmzzrsckhybqp/SourcePackages/checkouts/firebase-ios-sdk/FirebaseRemoteConfig/Sources/Public -Xcc -I/Users/ilakazdan/Library/Developer/Xcode/DerivedData/WorkoutTracker-damryvjlpuarrrhkmzzrsckhybqp/SourcePackages/checkouts/firebase-ios-sdk/FirebaseABTesting/Sources/Public -Xcc -I/Users/ilakazdan/Library/Developer/Xcode/DerivedData/WorkoutTracker-damryvjlpuarrrhkmzzrsckhybqp/SourcePackages/checkouts/firebase-ios-sdk/FirebaseInstallations/Source/Library/Public -Xcc -I/Users/ilakazdan/Library/Developer/Xcode/DerivedData/WorkoutTracker-damryvjlpuarrrhkmzzrsckhybqp/SourcePackages/checkouts/firebase-ios-sdk/FirebaseCore/Sources/Public -Xcc -I/Users/ilakazdan/Library/Developer/Xcode/DerivedData/WorkoutTracker-damryvjlpuarrrhkmzzrsckhybqp/SourcePackages/checkouts/firebase-ios-sdk/CoreOnly/Sources -Xcc -I/Users/ilakazdan/Library/Developer/Xcode/DerivedData/WorkoutTracker-damryvjlpuarrrhkmzzrsckhybqp/SourcePackages/checkouts/firebase-ios-sdk/SwiftPM-PlatformExclude/FirebasePerformanceWrap/include -Xcc -I/Users/ilakazdan/Library/Developer/Xcode/DerivedData/WorkoutTracker-damryvjlpuarrrhkmzzrsckhybqp/Build/Products/Debug-iphonesimulator/include -Xcc -I/Users/ilakazdan/Library/Developer/Xcode/DerivedData/WorkoutTracker-damryvjlpuarrrhkmzzrsckhybqp/Build/Intermediates.noindex/WorkoutTracker.build/Debug-iphonesimulator/WorkoutTracker.build/DerivedSources-normal/x86_64 -Xcc -I/Users/ilakazdan/Library/Developer/Xcode/DerivedData/WorkoutTracker-damryvjlpuarrrhkmzzrsckhybqp/Build/Intermediates.noindex/WorkoutTracker.build/Debug-iphonesimulator/WorkoutTracker.build/DerivedSources/x86_64 -Xcc -I/Users/ilakazdan/Library/Developer/Xcode/DerivedData/WorkoutTracker-damryvjlpuarrrhkmzzrsckhybqp/Build/Intermediates.noindex/WorkoutTracker.build/Debug-iphonesimulator/WorkoutTracker.build/DerivedSources -Xcc -DDEBUG\=1 -emit-objc-header -emit-objc-header-path /Users/ilakazdan/Library/Developer/Xcode/DerivedData/WorkoutTracker-damryvjlpuarrrhkmzzrsckhybqp/Build/Intermediates.noindex/WorkoutTracker.build/Debug-iphonesimulator/WorkoutTracker.build/Objects-normal/x86_64/WorkoutTracker-Swift.h -working-directory /Users/ilakazdan/WorkoutTracker -experimental-emit-module-separately -disable-cmo

SwiftDriver WorkoutTracker normal arm64 com.apple.xcode.tools.swift.compiler (in target 'WorkoutTracker' from project 'WorkoutTracker')
    cd /Users/ilakazdan/WorkoutTracker
    builtin-SwiftDriver -- /Applications/Xcode.app/Contents/Developer/Toolchains/XcodeDefault.xctoolchain/usr/bin/swiftc -module-name WorkoutTracker -Onone -enforce-exclusivity\=checked @/Users/ilakazdan/Library/Developer/Xcode/DerivedData/WorkoutTracker-damryvjlpuarrrhkmzzrsckhybqp/Build/Intermediates.noindex/WorkoutTracker.build/Debug-iphonesimulator/WorkoutTracker.build/Objects-normal/arm64/WorkoutTracker.SwiftFileList -DDEBUG -Xcc -fmodule-map-file\=/Users/ilakazdan/Library/Developer/Xcode/DerivedData/WorkoutTracker-damryvjlpuarrrhkmzzrsckhybqp/Build/Intermediates.noindex/GeneratedModuleMaps-iphonesimulator/abslWrapper.modulemap -Xcc -fmodule-map-file\=/Users/ilakazdan/Library/Developer/Xcode/DerivedData/WorkoutTracker-damryvjlpuarrrhkmzzrsckhybqp/Build/Intermediates.noindex/GeneratedModuleMaps-iphonesimulator/opensslWrapper.modulemap -Xcc -fmodule-map-file\=/Users/ilakazdan/Library/Developer/Xcode/DerivedData/WorkoutTracker-damryvjlpuarrrhkmzzrsckhybqp/Build/Intermediates.noindex/GeneratedModuleMaps-iphonesimulator/grpcWrapper.modulemap -Xcc -fmodule-map-file\=/Users/ilakazdan/Library/Developer/Xcode/DerivedData/WorkoutTracker-damryvjlpuarrrhkmzzrsckhybqp/Build/Intermediates.noindex/GeneratedModuleMaps-iphonesimulator/grpcppWrapper.modulemap -Xcc -fmodule-map-file\=/Users/ilakazdan/Library/Developer/Xcode/DerivedData/WorkoutTracker-damryvjlpuarrrhkmzzrsckhybqp/Build/Intermediates.noindex/GeneratedModuleMaps-iphonesimulator/leveldb.modulemap -Xcc -fmodule-map-file\=/Users/ilakazdan/Library/Developer/Xcode/DerivedData/WorkoutTracker-damryvjlpuarrrhkmzzrsckhybqp/Build/Intermediates.noindex/GeneratedModuleMaps-iphonesimulator/FirebaseFirestoreInternalWrapper.modulemap -Xcc -fmodule-map-file\=/Users/ilakazdan/Library/Developer/Xcode/DerivedData/WorkoutTracker-damryvjlpuarrrhkmzzrsckhybqp/Build/Intermediates.noindex/GeneratedModuleMaps-iphonesimulator/FirebaseFirestoreTarget.modulemap -Xcc -fmodule-map-file\=/Users/ilakazdan/Library/Developer/Xcode/DerivedData/WorkoutTracker-damryvjlpuarrrhkmzzrsckhybqp/Build/Intermediates.noindex/GeneratedModuleMaps-iphonesimulator/RecaptchaInterop.modulemap -Xcc -fmodule-map-file\=/Users/ilakazdan/Library/Developer/Xcode/DerivedData/WorkoutTracker-damryvjlpuarrrhkmzzrsckhybqp/Build/Intermediates.noindex/GeneratedModuleMaps-iphonesimulator/FirebaseAuthInternal.modulemap -Xcc -fmodule-map-file\=/Users/ilakazdan/Library/Developer/Xcode/DerivedData/WorkoutTracker-damryvjlpuarrrhkmzzrsckhybqp/Build/Intermediates.noindex/GeneratedModuleMaps-iphonesimulator/FirebaseMessagingInterop.modulemap -Xcc -fmodule-map-file\=/Users/ilakazdan/Library/Developer/Xcode/DerivedData/WorkoutTracker-damryvjlpuarrrhkmzzrsckhybqp/Build/Intermediates.noindex/GeneratedModuleMaps-iphonesimulator/FirebaseAuthInterop.modulemap -Xcc -fmodule-map-file\=/Users/ilakazdan/Library/Developer/Xcode/DerivedData/WorkoutTracker-damryvjlpuarrrhkmzzrsckhybqp/Build/Intermediates.noindex/GeneratedModuleMaps-iphonesimulator/FirebaseAppCheckInterop.modulemap -Xcc -fmodule-map-file\=/Users/ilakazdan/Library/Developer/Xcode/DerivedData/WorkoutTracker-damryvjlpuarrrhkmzzrsckhybqp/Build/Intermediates.noindex/GeneratedModuleMaps-iphonesimulator/FirebaseAppCheck.modulemap -Xcc -fmodule-map-file\=/Users/ilakazdan/Library/Developer/Xcode/DerivedData/WorkoutTracker-damryvjlpuarrrhkmzzrsckhybqp/Build/Intermediates.noindex/GeneratedModuleMaps-iphonesimulator/AppAuth.modulemap -Xcc -fmodule-map-file\=/Users/ilakazdan/Library/Developer/Xcode/DerivedData/WorkoutTracker-damryvjlpuarrrhkmzzrsckhybqp/Build/Intermediates.noindex/GeneratedModuleMaps-iphonesimulator/AppAuthCore.modulemap -Xcc -fmodule-map-file\=/Users/ilakazdan/Library/Developer/Xcode/DerivedData/WorkoutTracker-damryvjlpuarrrhkmzzrsckhybqp/Build/Intermediates.noindex/GeneratedModuleMaps-iphonesimulator/AppCheckCore.modulemap -Xcc -fmodule-map-file\=/Users/ilakazdan/Library/Developer/Xcode/DerivedData/WorkoutTracker-damryvjlpuarrrhkmzzrsckhybqp/Build/Intermediates.noindex/GeneratedModuleMaps-iphonesimulator/GTMSessionFetcherCore.modulemap -Xcc -fmodule-map-file\=/Users/ilakazdan/Library/Developer/Xcode/DerivedData/WorkoutTracker-damryvjlpuarrrhkmzzrsckhybqp/Build/Intermediates.noindex/GeneratedModuleMaps-iphonesimulator/GoogleSignIn.modulemap -Xcc -fmodule-map-file\=/Users/ilakazdan/Library/Developer/Xcode/DerivedData/WorkoutTracker-damryvjlpuarrrhkmzzrsckhybqp/Build/Intermediates.noindex/GeneratedModuleMaps-iphonesimulator/GoogleAdsOnDeviceConversionTarget.modulemap -Xcc -fmodule-map-file\=/Users/ilakazdan/Library/Developer/Xcode/DerivedData/WorkoutTracker-damryvjlpuarrrhkmzzrsckhybqp/Build/Intermediates.noindex/GeneratedModuleMaps-iphonesimulator/GoogleAppMeasurementTarget.modulemap -Xcc -fmodule-map-file\=/Users/ilakazdan/Library/Developer/Xcode/DerivedData/WorkoutTracker-damryvjlpuarrrhkmzzrsckhybqp/Build/Intermediates.noindex/GeneratedModuleMaps-iphonesimulator/GoogleUtilities-AppDelegateSwizzler.modulemap -Xcc -fmodule-map-file\=/Users/ilakazdan/Library/Developer/Xcode/DerivedData/WorkoutTracker-damryvjlpuarrrhkmzzrsckhybqp/Build/Intermediates.noindex/GeneratedModuleMaps-iphonesimulator/GoogleUtilities-Reachability.modulemap -Xcc -fmodule-map-file\=/Users/ilakazdan/Library/Developer/Xcode/DerivedData/WorkoutTracker-damryvjlpuarrrhkmzzrsckhybqp/Build/Intermediates.noindex/GeneratedModuleMaps-iphonesimulator/GoogleUtilities-Network.modulemap -Xcc -fmodule-map-file\=/Users/ilakazdan/Library/Developer/Xcode/DerivedData/WorkoutTracker-damryvjlpuarrrhkmzzrsckhybqp/Build/Intermediates.noindex/GeneratedModuleMaps-iphonesimulator/FirebaseAnalyticsWrapper.modulemap -Xcc -fmodule-map-file\=/Users/ilakazdan/Library/Developer/Xcode/DerivedData/WorkoutTracker-damryvjlpuarrrhkmzzrsckhybqp/Build/Intermediates.noindex/GeneratedModuleMaps-iphonesimulator/FirebaseAnalyticsTarget.modulemap -Xcc -fmodule-map-file\=/Users/ilakazdan/Library/Developer/Xcode/DerivedData/WorkoutTracker-damryvjlpuarrrhkmzzrsckhybqp/Build/Intermediates.noindex/GeneratedModuleMaps-iphonesimulator/FirebaseCrashlytics.modulemap -Xcc -fmodule-map-file\=/Users/ilakazdan/Library/Developer/Xcode/DerivedData/WorkoutTracker-damryvjlpuarrrhkmzzrsckhybqp/Build/Intermediates.noindex/GeneratedModuleMaps-iphonesimulator/GoogleUtilities-NSData.modulemap -Xcc -fmodule-map-file\=/Users/ilakazdan/Library/Developer/Xcode/DerivedData/WorkoutTracker-damryvjlpuarrrhkmzzrsckhybqp/Build/Intermediates.noindex/GeneratedModuleMaps-iphonesimulator/GoogleUtilities-UserDefaults.modulemap -Xcc -fmodule-map-file\=/Users/ilakazdan/Library/Developer/Xcode/DerivedData/WorkoutTracker-damryvjlpuarrrhkmzzrsckhybqp/Build/Intermediates.noindex/GeneratedModuleMaps-iphonesimulator/nanopb.modulemap -Xcc -fmodule-map-file\=/Users/ilakazdan/Library/Developer/Xcode/DerivedData/WorkoutTracker-damryvjlpuarrrhkmzzrsckhybqp/Build/Intermediates.noindex/GeneratedModuleMaps-iphonesimulator/GoogleDataTransport.modulemap -Xcc -fmodule-map-file\=/Users/ilakazdan/Library/Developer/Xcode/DerivedData/WorkoutTracker-damryvjlpuarrrhkmzzrsckhybqp/Build/Intermediates.noindex/GeneratedModuleMaps-iphonesimulator/GoogleUtilities-Logger.modulemap -Xcc -fmodule-map-file\=/Users/ilakazdan/Library/Developer/Xcode/DerivedData/WorkoutTracker-damryvjlpuarrrhkmzzrsckhybqp/Build/Intermediates.noindex/GeneratedModuleMaps-iphonesimulator/GoogleUtilities-Environment.modulemap -Xcc -fmodule-map-file\=/Users/ilakazdan/Library/Developer/Xcode/DerivedData/WorkoutTracker-damryvjlpuarrrhkmzzrsckhybqp/Build/Intermediates.noindex/GeneratedModuleMaps-iphonesimulator/third-party-IsAppEncrypted.modulemap -Xcc -fmodule-map-file\=/Users/ilakazdan/Library/Developer/Xcode/DerivedData/WorkoutTracker-damryvjlpuarrrhkmzzrsckhybqp/Build/Intermediates.noindex/GeneratedModuleMaps-iphonesimulator/GoogleUtilities-MethodSwizzler.modulemap -Xcc -fmodule-map-file\=/Users/ilakazdan/Library/Developer/Xcode/DerivedData/WorkoutTracker-damryvjlpuarrrhkmzzrsckhybqp/Build/Intermediates.noindex/GeneratedModuleMaps-iphonesimulator/FirebasePerformance.modulemap -Xcc -fmodule-map-file\=/Users/ilakazdan/Library/Developer/Xcode/DerivedData/WorkoutTracker-damryvjlpuarrrhkmzzrsckhybqp/Build/Intermediates.noindex/GeneratedModuleMaps-iphonesimulator/FirebaseSessionsObjC.modulemap -Xcc -fmodule-map-file\=/Users/ilakazdan/Library/Developer/Xcode/DerivedData/WorkoutTracker-damryvjlpuarrrhkmzzrsckhybqp/Build/Intermediates.noindex/GeneratedModuleMaps-iphonesimulator/FirebaseCoreExtension.modulemap -Xcc -fmodule-map-file\=/Users/ilakazdan/Library/Developer/Xcode/DerivedData/WorkoutTracker-damryvjlpuarrrhkmzzrsckhybqp/Build/Intermediates.noindex/GeneratedModuleMaps-iphonesimulator/FirebaseRemoteConfigInternal.modulemap -Xcc -fmodule-map-file\=/Users/ilakazdan/Library/Developer/Xcode/DerivedData/WorkoutTracker-damryvjlpuarrrhkmzzrsckhybqp/Build/Intermediates.noindex/GeneratedModuleMaps-iphonesimulator/FirebaseABTesting.modulemap -Xcc -fmodule-map-file\=/Users/ilakazdan/Library/Developer/Xcode/DerivedData/WorkoutTracker-damryvjlpuarrrhkmzzrsckhybqp/Build/Intermediates.noindex/GeneratedModuleMaps-iphonesimulator/FirebaseInstallations.modulemap -Xcc -fmodule-map-file\=/Users/ilakazdan/Library/Developer/Xcode/DerivedData/WorkoutTracker-damryvjlpuarrrhkmzzrsckhybqp/Build/Intermediates.noindex/GeneratedModuleMaps-iphonesimulator/FirebaseCore.modulemap -Xcc -fmodule-map-file\=/Users/ilakazdan/Library/Developer/Xcode/DerivedData/WorkoutTracker-damryvjlpuarrrhkmzzrsckhybqp/Build/Intermediates.noindex/GeneratedModuleMaps-iphonesimulator/FirebasePerformanceTarget.modulemap -default-isolation\=MainActor -enable-bare-slash-regex -enable-upcoming-feature DisableOutwardActorInference -enable-upcoming-feature InferSendableFromCaptures -enable-upcoming-feature GlobalActorIsolatedTypesUsability -enable-upcoming-feature MemberImportVisibility -enable-upcoming-feature InferIsolatedConformances -enable-upcoming-feature NonisolatedNonsendingByDefault -enable-experimental-feature DebugDescriptionMacro -sdk /Applications/Xcode.app/Contents/Developer/Platforms/iPhoneSimulator.platform/Developer/SDKs/iPhoneSimulator26.2.sdk -target arm64-apple-ios17.6-simulator -g -module-cache-path /Users/ilakazdan/Library/Developer/Xcode/DerivedData/ModuleCache.noindex -Xfrontend -serialize-debugging-options -enable-testing -index-store-path /Users/ilakazdan/Library/Developer/Xcode/DerivedData/WorkoutTracker-damryvjlpuarrrhkmzzrsckhybqp/Index.noindex/DataStore -Xcc -D_LIBCPP_HARDENING_MODE\=_LIBCPP_HARDENING_MODE_DEBUG -swift-version 5 -I /Users/ilakazdan/Library/Developer/Xcode/DerivedData/WorkoutTracker-damryvjlpuarrrhkmzzrsckhybqp/Build/Products/Debug-iphonesimulator -F /Users/ilakazdan/Library/Developer/Xcode/DerivedData/WorkoutTracker-damryvjlpuarrrhkmzzrsckhybqp/Build/Products/Debug-iphonesimulator/PackageFrameworks -F /Users/ilakazdan/Library/Developer/Xcode/DerivedData/WorkoutTracker-damryvjlpuarrrhkmzzrsckhybqp/Build/Products/Debug-iphonesimulator/PackageFrameworks -F /Users/ilakazdan/Library/Developer/Xcode/DerivedData/WorkoutTracker-damryvjlpuarrrhkmzzrsckhybqp/Build/Products/Debug-iphonesimulator/PackageFrameworks -F /Users/ilakazdan/Library/Developer/Xcode/DerivedData/WorkoutTracker-damryvjlpuarrrhkmzzrsckhybqp/Build/Products/Debug-iphonesimulator/PackageFrameworks -F /Users/ilakazdan/Library/Developer/Xcode/DerivedData/WorkoutTracker-damryvjlpuarrrhkmzzrsckhybqp/Build/Products/Debug-iphonesimulator/PackageFrameworks -F /Users/ilakazdan/Library/Developer/Xcode/DerivedData/WorkoutTracker-damryvjlpuarrrhkmzzrsckhybqp/Build/Products/Debug-iphonesimulator/PackageFrameworks -F /Users/ilakazdan/Library/Developer/Xcode/DerivedData/WorkoutTracker-damryvjlpuarrrhkmzzrsckhybqp/Build/Products/Debug-iphonesimulator/PackageFrameworks -F /Users/ilakazdan/Library/Developer/Xcode/DerivedData/WorkoutTracker-damryvjlpuarrrhkmzzrsckhybqp/Build/Products/Debug-iphonesimulator/PackageFrameworks -F /Users/ilakazdan/Library/Developer/Xcode/DerivedData/WorkoutTracker-damryvjlpuarrrhkmzzrsckhybqp/Build/Products/Debug-iphonesimulator/PackageFrameworks -F /Users/ilakazdan/Library/Developer/Xcode/DerivedData/WorkoutTracker-damryvjlpuarrrhkmzzrsckhybqp/Build/Products/Debug-iphonesimulator/PackageFrameworks -F /Users/ilakazdan/Library/Developer/Xcode/DerivedData/WorkoutTracker-damryvjlpuarrrhkmzzrsckhybqp/Build/Products/Debug-iphonesimulator/PackageFrameworks -F /Users/ilakazdan/Library/Developer/Xcode/DerivedData/WorkoutTracker-damryvjlpuarrrhkmzzrsckhybqp/Build/Products/Debug-iphonesimulator/PackageFrameworks -F /Users/ilakazdan/Library/Developer/Xcode/DerivedData/WorkoutTracker-damryvjlpuarrrhkmzzrsckhybqp/Build/Products/Debug-iphonesimulator/PackageFrameworks -F /Users/ilakazdan/Library/Developer/Xcode/DerivedData/WorkoutTracker-damryvjlpuarrrhkmzzrsckhybqp/Build/Products/Debug-iphonesimulator/PackageFrameworks -F /Users/ilakazdan/Library/Developer/Xcode/DerivedData/WorkoutTracker-damryvjlpuarrrhkmzzrsckhybqp/Build/Products/Debug-iphonesimulator/PackageFrameworks -F /Users/ilakazdan/Library/Developer/Xcode/DerivedData/WorkoutTracker-damryvjlpuarrrhkmzzrsckhybqp/Build/Products/Debug-iphonesimulator/PackageFrameworks -F /Users/ilakazdan/Library/Developer/Xcode/DerivedData/WorkoutTracker-damryvjlpuarrrhkmzzrsckhybqp/Build/Products/Debug-iphonesimulator/PackageFrameworks -F /Users/ilakazdan/Library/Developer/Xcode/DerivedData/WorkoutTracker-damryvjlpuarrrhkmzzrsckhybqp/Build/Products/Debug-iphonesimulator/PackageFrameworks -F /Users/ilakazdan/Library/Developer/Xcode/DerivedData/WorkoutTracker-damryvjlpuarrrhkmzzrsckhybqp/Build/Products/Debug-iphonesimulator/PackageFrameworks -F /Users/ilakazdan/Library/Developer/Xcode/DerivedData/WorkoutTracker-damryvjlpuarrrhkmzzrsckhybqp/Build/Products/Debug-iphonesimulator/PackageFrameworks -F /Users/ilakazdan/Library/Developer/Xcode/DerivedData/WorkoutTracker-damryvjlpuarrrhkmzzrsckhybqp/Build/Products/Debug-iphonesimulator/PackageFrameworks -F /Users/ilakazdan/Library/Developer/Xcode/DerivedData/WorkoutTracker-damryvjlpuarrrhkmzzrsckhybqp/Build/Products/Debug-iphonesimulator/PackageFrameworks -F /Users/ilakazdan/Library/Developer/Xcode/DerivedData/WorkoutTracker-damryvjlpuarrrhkmzzrsckhybqp/Build/Products/Debug-iphonesimulator/PackageFrameworks -F /Users/ilakazdan/Library/Developer/Xcode/DerivedData/WorkoutTracker-damryvjlpuarrrhkmzzrsckhybqp/Build/Products/Debug-iphonesimulator/PackageFrameworks -F /Users/ilakazdan/Library/Developer/Xcode/DerivedData/WorkoutTracker-damryvjlpuarrrhkmzzrsckhybqp/Build/Products/Debug-iphonesimulator/PackageFrameworks -F /Users/ilakazdan/Library/Developer/Xcode/DerivedData/WorkoutTracker-damryvjlpuarrrhkmzzrsckhybqp/Build/Products/Debug-iphonesimulator/PackageFrameworks -F /Users/ilakazdan/Library/Developer/Xcode/DerivedData/WorkoutTracker-damryvjlpuarrrhkmzzrsckhybqp/Build/Products/Debug-iphonesimulator/PackageFrameworks -F /Users/ilakazdan/Library/Developer/Xcode/DerivedData/WorkoutTracker-damryvjlpuarrrhkmzzrsckhybqp/Build/Products/Debug-iphonesimulator/PackageFrameworks -F /Users/ilakazdan/Library/Developer/Xcode/DerivedData/WorkoutTracker-damryvjlpuarrrhkmzzrsckhybqp/Build/Products/Debug-iphonesimulator/PackageFrameworks -F /Users/ilakazdan/Library/Developer/Xcode/DerivedData/WorkoutTracker-damryvjlpuarrrhkmzzrsckhybqp/Build/Products/Debug-iphonesimulator/PackageFrameworks -F /Users/ilakazdan/Library/Developer/Xcode/DerivedData/WorkoutTracker-damryvjlpuarrrhkmzzrsckhybqp/Build/Products/Debug-iphonesimulator/PackageFrameworks -F /Users/ilakazdan/Library/Developer/Xcode/DerivedData/WorkoutTracker-damryvjlpuarrrhkmzzrsckhybqp/Build/Products/Debug-iphonesimulator/PackageFrameworks -F /Users/ilakazdan/Library/Developer/Xcode/DerivedData/WorkoutTracker-damryvjlpuarrrhkmzzrsckhybqp/Build/Products/Debug-iphonesimulator/PackageFrameworks -F /Users/ilakazdan/Library/Developer/Xcode/DerivedData/WorkoutTracker-damryvjlpuarrrhkmzzrsckhybqp/Build/Products/Debug-iphonesimulator/PackageFrameworks -F /Users/ilakazdan/Library/Developer/Xcode/DerivedData/WorkoutTracker-damryvjlpuarrrhkmzzrsckhybqp/Build/Products/Debug-iphonesimulator/PackageFrameworks -F /Users/ilakazdan/Library/Developer/Xcode/DerivedData/WorkoutTracker-damryvjlpuarrrhkmzzrsckhybqp/Build/Products/Debug-iphonesimulator/PackageFrameworks -F /Users/ilakazdan/Library/Developer/Xcode/DerivedData/WorkoutTracker-damryvjlpuarrrhkmzzrsckhybqp/Build/Products/Debug-iphonesimulator/PackageFrameworks -F /Users/ilakazdan/Library/Developer/Xcode/DerivedData/WorkoutTracker-damryvjlpuarrrhkmzzrsckhybqp/Build/Products/Debug-iphonesimulator/PackageFrameworks -F /Users/ilakazdan/Library/Developer/Xcode/DerivedData/WorkoutTracker-damryvjlpuarrrhkmzzrsckhybqp/Build/Products/Debug-iphonesimulator/PackageFrameworks -F /Users/ilakazdan/Library/Developer/Xcode/DerivedData/WorkoutTracker-damryvjlpuarrrhkmzzrsckhybqp/Build/Products/Debug-iphonesimulator/PackageFrameworks -F /Users/ilakazdan/Library/Developer/Xcode/DerivedData/WorkoutTracker-damryvjlpuarrrhkmzzrsckhybqp/Build/Products/Debug-iphonesimulator/PackageFrameworks -F /Users/ilakazdan/Library/Developer/Xcode/DerivedData/WorkoutTracker-damryvjlpuarrrhkmzzrsckhybqp/Build/Products/Debug-iphonesimulator/PackageFrameworks -F /Users/ilakazdan/Library/Developer/Xcode/DerivedData/WorkoutTracker-damryvjlpuarrrhkmzzrsckhybqp/Build/Products/Debug-iphonesimulator/PackageFrameworks -F /Users/ilakazdan/Library/Developer/Xcode/DerivedData/WorkoutTracker-damryvjlpuarrrhkmzzrsckhybqp/Build/Products/Debug-iphonesimulator/PackageFrameworks -F /Users/ilakazdan/Library/Developer/Xcode/DerivedData/WorkoutTracker-damryvjlpuarrrhkmzzrsckhybqp/Build/Products/Debug-iphonesimulator/PackageFrameworks -F /Users/ilakazdan/Library/Developer/Xcode/DerivedData/WorkoutTracker-damryvjlpuarrrhkmzzrsckhybqp/Build/Products/Debug-iphonesimulator/PackageFrameworks -F /Users/ilakazdan/Library/Developer/Xcode/DerivedData/WorkoutTracker-damryvjlpuarrrhkmzzrsckhybqp/Build/Products/Debug-iphonesimulator/PackageFrameworks -F /Users/ilakazdan/Library/Developer/Xcode/DerivedData/WorkoutTracker-damryvjlpuarrrhkmzzrsckhybqp/Build/Products/Debug-iphonesimulator/PackageFrameworks -F /Users/ilakazdan/Library/Developer/Xcode/DerivedData/WorkoutTracker-damryvjlpuarrrhkmzzrsckhybqp/Build/Products/Debug-iphonesimulator/PackageFrameworks -F /Users/ilakazdan/Library/Developer/Xcode/DerivedData/WorkoutTracker-damryvjlpuarrrhkmzzrsckhybqp/Build/Products/Debug-iphonesimulator/PackageFrameworks -F /Users/ilakazdan/Library/Developer/Xcode/DerivedData/WorkoutTracker-damryvjlpuarrrhkmzzrsckhybqp/Build/Products/Debug-iphonesimulator/PackageFrameworks -F /Users/ilakazdan/Library/Developer/Xcode/DerivedData/WorkoutTracker-damryvjlpuarrrhkmzzrsckhybqp/Build/Products/Debug-iphonesimulator/PackageFrameworks -F /Users/ilakazdan/Library/Developer/Xcode/DerivedData/WorkoutTracker-damryvjlpuarrrhkmzzrsckhybqp/Build/Products/Debug-iphonesimulator/PackageFrameworks -F /Users/ilakazdan/Library/Developer/Xcode/DerivedData/WorkoutTracker-damryvjlpuarrrhkmzzrsckhybqp/Build/Products/Debug-iphonesimulator/PackageFrameworks -F /Users/ilakazdan/Library/Developer/Xcode/DerivedData/WorkoutTracker-damryvjlpuarrrhkmzzrsckhybqp/Build/Products/Debug-iphonesimulator/PackageFrameworks -F /Users/ilakazdan/Library/Developer/Xcode/DerivedData/WorkoutTracker-damryvjlpuarrrhkmzzrsckhybqp/Build/Products/Debug-iphonesimulator/PackageFrameworks -F /Users/ilakazdan/Library/Developer/Xcode/DerivedData/WorkoutTracker-damryvjlpuarrrhkmzzrsckhybqp/Build/Products/Debug-iphonesimulator -emit-localized-strings -emit-localized-strings-path /Users/ilakazdan/Library/Developer/Xcode/DerivedData/WorkoutTracker-damryvjlpuarrrhkmzzrsckhybqp/Build/Intermediates.noindex/WorkoutTracker.build/Debug-iphonesimulator/WorkoutTracker.build/Objects-normal/arm64 -c -j8 -enable-batch-mode -incremental -Xcc -ivfsstatcache -Xcc /Users/ilakazdan/Library/Developer/Xcode/DerivedData/SDKStatCaches.noindex/iphonesimulator26.2-23C57-7d00a8b37fbd7999ea79df8ebc024bf0.sdkstatcache -output-file-map /Users/ilakazdan/Library/Developer/Xcode/DerivedData/WorkoutTracker-damryvjlpuarrrhkmzzrsckhybqp/Build/Intermediates.noindex/WorkoutTracker.build/Debug-iphonesimulator/WorkoutTracker.build/Objects-normal/arm64/WorkoutTracker-OutputFileMap.json -use-frontend-parseable-output -save-temps -no-color-diagnostics -explicit-module-build -module-cache-path /Users/ilakazdan/Library/Developer/Xcode/DerivedData/WorkoutTracker-damryvjlpuarrrhkmzzrsckhybqp/Build/Intermediates.noindex/SwiftExplicitPrecompiledModules -clang-scanner-module-cache-path /Users/ilakazdan/Library/Developer/Xcode/DerivedData/ModuleCache.noindex -sdk-module-cache-path /Users/ilakazdan/Library/Developer/Xcode/DerivedData/ModuleCache.noindex -serialize-diagnostics -emit-dependencies -emit-module -emit-module-path /Users/ilakazdan/Library/Developer/Xcode/DerivedData/WorkoutTracker-damryvjlpuarrrhkmzzrsckhybqp/Build/Intermediates.noindex/WorkoutTracker.build/Debug-iphonesimulator/WorkoutTracker.build/Objects-normal/arm64/WorkoutTracker.swiftmodule -validate-clang-modules-once -clang-build-session-file /Users/ilakazdan/Library/Developer/Xcode/DerivedData/ModuleCache.noindex/Session.modulevalidation -Xcc -I/Users/ilakazdan/Library/Developer/Xcode/DerivedData/WorkoutTracker-damryvjlpuarrrhkmzzrsckhybqp/Build/Intermediates.noindex/WorkoutTracker.build/Debug-iphonesimulator/WorkoutTracker.build/swift-overrides.hmap -emit-const-values -Xfrontend -const-gather-protocols-file -Xfrontend /Users/ilakazdan/Library/Developer/Xcode/DerivedData/WorkoutTracker-damryvjlpuarrrhkmzzrsckhybqp/Build/Intermediates.noindex/WorkoutTracker.build/Debug-iphonesimulator/WorkoutTracker.build/Objects-normal/arm64/WorkoutTracker_const_extract_protocols.json -Xcc -iquote -Xcc /Users/ilakazdan/Library/Developer/Xcode/DerivedData/WorkoutTracker-damryvjlpuarrrhkmzzrsckhybqp/Build/Intermediates.noindex/WorkoutTracker.build/Debug-iphonesimulator/WorkoutTracker.build/WorkoutTracker-generated-files.hmap -Xcc -I/Users/ilakazdan/Library/Developer/Xcode/DerivedData/WorkoutTracker-damryvjlpuarrrhkmzzrsckhybqp/Build/Intermediates.noindex/WorkoutTracker.build/Debug-iphonesimulator/WorkoutTracker.build/WorkoutTracker-own-target-headers.hmap -Xcc -I/Users/ilakazdan/Library/Developer/Xcode/DerivedData/WorkoutTracker-damryvjlpuarrrhkmzzrsckhybqp/Build/Intermediates.noindex/WorkoutTracker.build/Debug-iphonesimulator/WorkoutTracker.build/WorkoutTracker-all-non-framework-target-headers.hmap -Xcc -ivfsoverlay -Xcc /Users/ilakazdan/Library/Developer/Xcode/DerivedData/WorkoutTracker-damryvjlpuarrrhkmzzrsckhybqp/Build/Intermediates.noindex/WorkoutTracker.build/Debug-iphonesimulator/WorkoutTracker-d36e0c2491cbbecbfaeaed3ebc3d9b3e-VFS-iphonesimulator/all-product-headers.yaml -Xcc -iquote -Xcc /Users/ilakazdan/Library/Developer/Xcode/DerivedData/WorkoutTracker-damryvjlpuarrrhkmzzrsckhybqp/Build/Intermediates.noindex/WorkoutTracker.build/Debug-iphonesimulator/WorkoutTracker.build/WorkoutTracker-project-headers.hmap -Xcc -I/Users/ilakazdan/Library/Developer/Xcode/DerivedData/WorkoutTracker-damryvjlpuarrrhkmzzrsckhybqp/SourcePackages/checkouts/abseil-cpp-binary/absl-Wrapper/include -Xcc -I/Users/ilakazdan/Library/Developer/Xcode/DerivedData/WorkoutTracker-damryvjlpuarrrhkmzzrsckhybqp/SourcePackages/checkouts/grpc-binary/openssl-grpc-Wrapper/include -Xcc -I/Users/ilakazdan/Library/Developer/Xcode/DerivedData/WorkoutTracker-damryvjlpuarrrhkmzzrsckhybqp/SourcePackages/checkouts/grpc-binary/grpc-Wrapper/include -Xcc -I/Users/ilakazdan/Library/Developer/Xcode/DerivedData/WorkoutTracker-damryvjlpuarrrhkmzzrsckhybqp/SourcePackages/checkouts/grpc-binary/grpcpp-Wrapper/include -Xcc -I/Users/ilakazdan/Library/Developer/Xcode/DerivedData/WorkoutTracker-damryvjlpuarrrhkmzzrsckhybqp/SourcePackages/checkouts/leveldb/include -Xcc -I/Users/ilakazdan/Library/Developer/Xcode/DerivedData/WorkoutTracker-damryvjlpuarrrhkmzzrsckhybqp/SourcePackages/checkouts/firebase-ios-sdk/FirebaseFirestoreInternal -Xcc -I/Users/ilakazdan/Library/Developer/Xcode/DerivedData/WorkoutTracker-damryvjlpuarrrhkmzzrsckhybqp/SourcePackages/checkouts/firebase-ios-sdk/SwiftPM-PlatformExclude/FirebaseFirestoreWrap/include -Xcc -I/Users/ilakazdan/Library/Developer/Xcode/DerivedData/WorkoutTracker-damryvjlpuarrrhkmzzrsckhybqp/SourcePackages/checkouts/interop-ios-for-google-sdks/RecaptchaEnterprise/RecaptchaInterop/Public -Xcc -I/Users/ilakazdan/Library/Developer/Xcode/DerivedData/WorkoutTracker-damryvjlpuarrrhkmzzrsckhybqp/SourcePackages/checkouts/firebase-ios-sdk/FirebaseAuth/Sources/Public -Xcc -I/Users/ilakazdan/Library/Developer/Xcode/DerivedData/WorkoutTracker-damryvjlpuarrrhkmzzrsckhybqp/SourcePackages/checkouts/firebase-ios-sdk/FirebaseMessaging/Interop -Xcc -I/Users/ilakazdan/Library/Developer/Xcode/DerivedData/WorkoutTracker-damryvjlpuarrrhkmzzrsckhybqp/SourcePackages/checkouts/firebase-ios-sdk/FirebaseAuth/Interop/Public -Xcc -I/Users/ilakazdan/Library/Developer/Xcode/DerivedData/WorkoutTracker-damryvjlpuarrrhkmzzrsckhybqp/SourcePackages/checkouts/firebase-ios-sdk/FirebaseAppCheck/Interop/Public -Xcc -I/Users/ilakazdan/Library/Developer/Xcode/DerivedData/WorkoutTracker-damryvjlpuarrrhkmzzrsckhybqp/SourcePackages/checkouts/firebase-ios-sdk/FirebaseAppCheck/Sources/Public -Xcc -I/Users/ilakazdan/Library/Developer/Xcode/DerivedData/WorkoutTracker-damryvjlpuarrrhkmzzrsckhybqp/SourcePackages/checkouts/AppAuth-iOS/Sources/AppAuth -Xcc -I/Users/ilakazdan/Library/Developer/Xcode/DerivedData/WorkoutTracker-damryvjlpuarrrhkmzzrsckhybqp/SourcePackages/checkouts/AppAuth-iOS/Sources/AppAuthCore -Xcc -I/Users/ilakazdan/Library/Developer/Xcode/DerivedData/WorkoutTracker-damryvjlpuarrrhkmzzrsckhybqp/SourcePackages/checkouts/app-check/AppCheckCore/Sources/Public -Xcc -I/Users/ilakazdan/Library/Developer/Xcode/DerivedData/WorkoutTracker-damryvjlpuarrrhkmzzrsckhybqp/SourcePackages/checkouts/gtm-session-fetcher/Sources/Core/Public -Xcc -I/Users/ilakazdan/Library/Developer/Xcode/DerivedData/WorkoutTracker-damryvjlpuarrrhkmzzrsckhybqp/SourcePackages/checkouts/GoogleSignIn-iOS/GoogleSignIn/Sources/Public -Xcc -I/Users/ilakazdan/Library/Developer/Xcode/DerivedData/WorkoutTracker-damryvjlpuarrrhkmzzrsckhybqp/SourcePackages/checkouts/google-ads-on-device-conversion-ios-sdk/GoogleAdsOnDeviceConversionWrapper/include -Xcc -I/Users/ilakazdan/Library/Developer/Xcode/DerivedData/WorkoutTracker-damryvjlpuarrrhkmzzrsckhybqp/SourcePackages/checkouts/GoogleAppMeasurement/GoogleAppMeasurementWrapper/include -Xcc -I/Users/ilakazdan/Library/Developer/Xcode/DerivedData/WorkoutTracker-damryvjlpuarrrhkmzzrsckhybqp/SourcePackages/checkouts/GoogleUtilities/GoogleUtilities/AppDelegateSwizzler/Public -Xcc -I/Users/ilakazdan/Library/Developer/Xcode/DerivedData/WorkoutTracker-damryvjlpuarrrhkmzzrsckhybqp/SourcePackages/checkouts/GoogleUtilities/GoogleUtilities/Reachability/Public -Xcc -I/Users/ilakazdan/Library/Developer/Xcode/DerivedData/WorkoutTracker-damryvjlpuarrrhkmzzrsckhybqp/SourcePackages/checkouts/GoogleUtilities/GoogleUtilities/Network/Public -Xcc -I/Users/ilakazdan/Library/Developer/Xcode/DerivedData/WorkoutTracker-damryvjlpuarrrhkmzzrsckhybqp/SourcePackages/checkouts/firebase-ios-sdk/FirebaseAnalyticsWrapper/include -Xcc -I/Users/ilakazdan/Library/Developer/Xcode/DerivedData/WorkoutTracker-damryvjlpuarrrhkmzzrsckhybqp/SourcePackages/checkouts/firebase-ios-sdk/SwiftPM-PlatformExclude/FirebaseAnalyticsWrap/include -Xcc -I/Users/ilakazdan/Library/Developer/Xcode/DerivedData/WorkoutTracker-damryvjlpuarrrhkmzzrsckhybqp/SourcePackages/checkouts/firebase-ios-sdk/Crashlytics/Crashlytics/Public -Xcc -I/Users/ilakazdan/Library/Developer/Xcode/DerivedData/WorkoutTracker-damryvjlpuarrrhkmzzrsckhybqp/SourcePackages/checkouts/GoogleUtilities/GoogleUtilities/NSData+zlib/Public -Xcc -I/Users/ilakazdan/Library/Developer/Xcode/DerivedData/WorkoutTracker-damryvjlpuarrrhkmzzrsckhybqp/SourcePackages/checkouts/GoogleUtilities/GoogleUtilities/UserDefaults/Public -Xcc -I/Users/ilakazdan/Library/Developer/Xcode/DerivedData/WorkoutTracker-damryvjlpuarrrhkmzzrsckhybqp/SourcePackages/checkouts/nanopb/spm_headers -Xcc -I/Users/ilakazdan/Library/Developer/Xcode/DerivedData/WorkoutTracker-damryvjlpuarrrhkmzzrsckhybqp/SourcePackages/checkouts/promises/Sources/FBLPromises/include -Xcc -I/Users/ilakazdan/Library/Developer/Xcode/DerivedData/WorkoutTracker-damryvjlpuarrrhkmzzrsckhybqp/SourcePackages/checkouts/GoogleDataTransport/GoogleDataTransport/GDTCORLibrary/Public -Xcc -I/Users/ilakazdan/Library/Developer/Xcode/DerivedData/WorkoutTracker-damryvjlpuarrrhkmzzrsckhybqp/SourcePackages/checkouts/GoogleUtilities/GoogleUtilities/Logger/Public -Xcc -I/Users/ilakazdan/Library/Developer/Xcode/DerivedData/WorkoutTracker-damryvjlpuarrrhkmzzrsckhybqp/SourcePackages/checkouts/GoogleUtilities/GoogleUtilities/Environment/Public -Xcc -I/Users/ilakazdan/Library/Developer/Xcode/DerivedData/WorkoutTracker-damryvjlpuarrrhkmzzrsckhybqp/SourcePackages/checkouts/GoogleUtilities/third_party/IsAppEncrypted/Public -Xcc -I/Users/ilakazdan/Library/Developer/Xcode/DerivedData/WorkoutTracker-damryvjlpuarrrhkmzzrsckhybqp/SourcePackages/checkouts/GoogleUtilities/GoogleUtilities/MethodSwizzler/Public -Xcc -I/Users/ilakazdan/Library/Developer/Xcode/DerivedData/WorkoutTracker-damryvjlpuarrrhkmzzrsckhybqp/SourcePackages/checkouts/firebase-ios-sdk/FirebasePerformance/Sources/Public -Xcc -I/Users/ilakazdan/Library/Developer/Xcode/DerivedData/WorkoutTracker-damryvjlpuarrrhkmzzrsckhybqp/SourcePackages/checkouts/firebase-ios-sdk/FirebaseSessions/SourcesObjC -Xcc -I/Users/ilakazdan/Library/Developer/Xcode/DerivedData/WorkoutTracker-damryvjlpuarrrhkmzzrsckhybqp/SourcePackages/checkouts/firebase-ios-sdk/FirebaseCore/Extension -Xcc -I/Users/ilakazdan/Library/Developer/Xcode/DerivedData/WorkoutTracker-damryvjlpuarrrhkmzzrsckhybqp/SourcePackages/checkouts/firebase-ios-sdk/FirebaseRemoteConfig/Sources/Public -Xcc -I/Users/ilakazdan/Library/Developer/Xcode/DerivedData/WorkoutTracker-damryvjlpuarrrhkmzzrsckhybqp/SourcePackages/checkouts/firebase-ios-sdk/FirebaseABTesting/Sources/Public -Xcc -I/Users/ilakazdan/Library/Developer/Xcode/DerivedData/WorkoutTracker-damryvjlpuarrrhkmzzrsckhybqp/SourcePackages/checkouts/firebase-ios-sdk/FirebaseInstallations/Source/Library/Public -Xcc -I/Users/ilakazdan/Library/Developer/Xcode/DerivedData/WorkoutTracker-damryvjlpuarrrhkmzzrsckhybqp/SourcePackages/checkouts/firebase-ios-sdk/FirebaseCore/Sources/Public -Xcc -I/Users/ilakazdan/Library/Developer/Xcode/DerivedData/WorkoutTracker-damryvjlpuarrrhkmzzrsckhybqp/SourcePackages/checkouts/firebase-ios-sdk/CoreOnly/Sources -Xcc -I/Users/ilakazdan/Library/Developer/Xcode/DerivedData/WorkoutTracker-damryvjlpuarrrhkmzzrsckhybqp/SourcePackages/checkouts/firebase-ios-sdk/SwiftPM-PlatformExclude/FirebasePerformanceWrap/include -Xcc -I/Users/ilakazdan/Library/Developer/Xcode/DerivedData/WorkoutTracker-damryvjlpuarrrhkmzzrsckhybqp/Build/Products/Debug-iphonesimulator/include -Xcc -I/Users/ilakazdan/Library/Developer/Xcode/DerivedData/WorkoutTracker-damryvjlpuarrrhkmzzrsckhybqp/Build/Intermediates.noindex/WorkoutTracker.build/Debug-iphonesimulator/WorkoutTracker.build/DerivedSources-normal/arm64 -Xcc -I/Users/ilakazdan/Library/Developer/Xcode/DerivedData/WorkoutTracker-damryvjlpuarrrhkmzzrsckhybqp/Build/Intermediates.noindex/WorkoutTracker.build/Debug-iphonesimulator/WorkoutTracker.build/DerivedSources/arm64 -Xcc -I/Users/ilakazdan/Library/Developer/Xcode/DerivedData/WorkoutTracker-damryvjlpuarrrhkmzzrsckhybqp/Build/Intermediates.noindex/WorkoutTracker.build/Debug-iphonesimulator/WorkoutTracker.build/DerivedSources -Xcc -DDEBUG\=1 -emit-objc-header -emit-objc-header-path /Users/ilakazdan/Library/Developer/Xcode/DerivedData/WorkoutTracker-damryvjlpuarrrhkmzzrsckhybqp/Build/Intermediates.noindex/WorkoutTracker.build/Debug-iphonesimulator/WorkoutTracker.build/Objects-normal/arm64/WorkoutTracker-Swift.h -working-directory /Users/ilakazdan/WorkoutTracker -experimental-emit-module-separately -disable-cmo

Ld /Users/ilakazdan/Library/Developer/Xcode/DerivedData/WorkoutTracker-damryvjlpuarrrhkmzzrsckhybqp/Build/Intermediates.noindex/WorkoutTracker.build/Debug-iphonesimulator/StatsWidgetExtension.build/Objects-normal/x86_64/Binary/StatsWidgetExtension.debug.dylib normal x86_64 (in target 'StatsWidgetExtension' from project 'WorkoutTracker')
    cd /Users/ilakazdan/WorkoutTracker
    /Applications/Xcode.app/Contents/Developer/Toolchains/XcodeDefault.xctoolchain/usr/bin/clang -Xlinker -reproducible -target x86_64-apple-ios17.6-simulator -dynamiclib -isysroot /Applications/Xcode.app/Contents/Developer/Platforms/iPhoneSimulator.platform/Developer/SDKs/iPhoneSimulator26.2.sdk -O0 -L/Users/ilakazdan/Library/Developer/Xcode/DerivedData/WorkoutTracker-damryvjlpuarrrhkmzzrsckhybqp/Build/Intermediates.noindex/EagerLinkingTBDs/Debug-iphonesimulator -L/Users/ilakazdan/Library/Developer/Xcode/DerivedData/WorkoutTracker-damryvjlpuarrrhkmzzrsckhybqp/Build/Products/Debug-iphonesimulator -F/Users/ilakazdan/Library/Developer/Xcode/DerivedData/WorkoutTracker-damryvjlpuarrrhkmzzrsckhybqp/Build/Intermediates.noindex/EagerLinkingTBDs/Debug-iphonesimulator -F/Users/ilakazdan/Library/Developer/Xcode/DerivedData/WorkoutTracker-damryvjlpuarrrhkmzzrsckhybqp/Build/Products/Debug-iphonesimulator -filelist /Users/ilakazdan/Library/Developer/Xcode/DerivedData/WorkoutTracker-damryvjlpuarrrhkmzzrsckhybqp/Build/Intermediates.noindex/WorkoutTracker.build/Debug-iphonesimulator/StatsWidgetExtension.build/Objects-normal/x86_64/StatsWidgetExtension.LinkFileList -install_name @rpath/StatsWidgetExtension.debug.dylib -Xlinker -rpath -Xlinker /usr/lib/swift -Xlinker -rpath -Xlinker @executable_path/Frameworks -Xlinker -rpath -Xlinker @executable_path/../../Frameworks -dead_strip -Xlinker -object_path_lto -Xlinker /Users/ilakazdan/Library/Developer/Xcode/DerivedData/WorkoutTracker-damryvjlpuarrrhkmzzrsckhybqp/Build/Intermediates.noindex/WorkoutTracker.build/Debug-iphonesimulator/StatsWidgetExtension.build/Objects-normal/x86_64/StatsWidgetExtension_lto.o -rdynamic -Xlinker -no_deduplicate -Xlinker -objc_abi_version -Xlinker 2 -Xlinker -dependency_info -Xlinker /Users/ilakazdan/Library/Developer/Xcode/DerivedData/WorkoutTracker-damryvjlpuarrrhkmzzrsckhybqp/Build/Intermediates.noindex/WorkoutTracker.build/Debug-iphonesimulator/StatsWidgetExtension.build/Objects-normal/x86_64/StatsWidgetExtension_dependency_info.dat -fapplication-extension -fobjc-link-runtime -L/Applications/Xcode.app/Contents/Developer/Toolchains/XcodeDefault.xctoolchain/usr/lib/swift/iphonesimulator -L/usr/lib/swift -Xlinker -add_ast_path -Xlinker /Users/ilakazdan/Library/Developer/Xcode/DerivedData/WorkoutTracker-damryvjlpuarrrhkmzzrsckhybqp/Build/Intermediates.noindex/WorkoutTracker.build/Debug-iphonesimulator/StatsWidgetExtension.build/Objects-normal/x86_64/StatsWidgetExtension.swiftmodule @/Users/ilakazdan/Library/Developer/Xcode/DerivedData/WorkoutTracker-damryvjlpuarrrhkmzzrsckhybqp/Build/Intermediates.noindex/WorkoutTracker.build/Debug-iphonesimulator/StatsWidgetExtension.build/Objects-normal/x86_64/StatsWidgetExtension-linker-args.resp -Xlinker -alias -Xlinker _NSExtensionMain -Xlinker ___debug_main_executable_dylib_entry_point -framework SwiftUI -framework WidgetKit -Xlinker -no_adhoc_codesign -o /Users/ilakazdan/Library/Developer/Xcode/DerivedData/WorkoutTracker-damryvjlpuarrrhkmzzrsckhybqp/Build/Intermediates.noindex/WorkoutTracker.build/Debug-iphonesimulator/StatsWidgetExtension.build/Objects-normal/x86_64/Binary/StatsWidgetExtension.debug.dylib

ConstructStubExecutorLinkFileList /Users/ilakazdan/Library/Developer/Xcode/DerivedData/WorkoutTracker-damryvjlpuarrrhkmzzrsckhybqp/Build/Intermediates.noindex/WorkoutTracker.build/Debug-iphonesimulator/StatsWidgetExtension.build/StatsWidgetExtension-ExecutorLinkFileList-normal-arm64.txt (in target 'StatsWidgetExtension' from project 'WorkoutTracker')
    cd /Users/ilakazdan/WorkoutTracker
    construct-stub-executor-link-file-list /Users/ilakazdan/Library/Developer/Xcode/DerivedData/WorkoutTracker-damryvjlpuarrrhkmzzrsckhybqp/Build/Intermediates.noindex/WorkoutTracker.build/Debug-iphonesimulator/StatsWidgetExtension.build/Objects-normal/arm64/Binary/StatsWidgetExtension.debug.dylib /Applications/Xcode.app/Contents/Developer/Platforms/iPhoneSimulator.platform/Developer/usr/lib/libPreviewsJITStubExecutor_no_swift_entry_point.a /Applications/Xcode.app/Contents/Developer/Platforms/iPhoneSimulator.platform/Developer/usr/lib/libPreviewsJITStubExecutor.a --output /Users/ilakazdan/Library/Developer/Xcode/DerivedData/WorkoutTracker-damryvjlpuarrrhkmzzrsckhybqp/Build/Intermediates.noindex/WorkoutTracker.build/Debug-iphonesimulator/StatsWidgetExtension.build/StatsWidgetExtension-ExecutorLinkFileList-normal-arm64.txt
note: Using stub executor library with Swift entry point. (in target 'StatsWidgetExtension' from project 'WorkoutTracker')

Ld /Users/ilakazdan/Library/Developer/Xcode/DerivedData/WorkoutTracker-damryvjlpuarrrhkmzzrsckhybqp/Build/Intermediates.noindex/WorkoutTracker.build/Debug-iphonesimulator/StatsWidgetExtension.build/Objects-normal/arm64/Binary/StatsWidgetExtension normal arm64 (in target 'StatsWidgetExtension' from project 'WorkoutTracker')
    cd /Users/ilakazdan/WorkoutTracker
    /Applications/Xcode.app/Contents/Developer/Toolchains/XcodeDefault.xctoolchain/usr/bin/clang -Xlinker -reproducible -target arm64-apple-ios17.6-simulator -isysroot /Applications/Xcode.app/Contents/Developer/Platforms/iPhoneSimulator.platform/Developer/SDKs/iPhoneSimulator26.2.sdk -O0 -L/Users/ilakazdan/Library/Developer/Xcode/DerivedData/WorkoutTracker-damryvjlpuarrrhkmzzrsckhybqp/Build/Products/Debug-iphonesimulator -F/Users/ilakazdan/Library/Developer/Xcode/DerivedData/WorkoutTracker-damryvjlpuarrrhkmzzrsckhybqp/Build/Products/Debug-iphonesimulator -Xlinker -rpath -Xlinker @executable_path -Xlinker -rpath -Xlinker @executable_path/Frameworks -Xlinker -rpath -Xlinker @executable_path/../../Frameworks -rdynamic -Xlinker -no_deduplicate -Xlinker -objc_abi_version -Xlinker 2 -e ___debug_blank_executor_main -Xlinker -sectcreate -Xlinker __TEXT -Xlinker __debug_dylib -Xlinker /Users/ilakazdan/Library/Developer/Xcode/DerivedData/WorkoutTracker-damryvjlpuarrrhkmzzrsckhybqp/Build/Intermediates.noindex/WorkoutTracker.build/Debug-iphonesimulator/StatsWidgetExtension.build/StatsWidgetExtension-DebugDylibPath-normal-arm64.txt -Xlinker -sectcreate -Xlinker __TEXT -Xlinker __debug_entry -Xlinker /Users/ilakazdan/Library/Developer/Xcode/DerivedData/WorkoutTracker-damryvjlpuarrrhkmzzrsckhybqp/Build/Intermediates.noindex/WorkoutTracker.build/Debug-iphonesimulator/StatsWidgetExtension.build/StatsWidgetExtension-DebugEntryPoint-normal-arm64.txt -Xlinker -sectcreate -Xlinker __TEXT -Xlinker __debug_instlnm -Xlinker /Users/ilakazdan/Library/Developer/Xcode/DerivedData/WorkoutTracker-damryvjlpuarrrhkmzzrsckhybqp/Build/Intermediates.noindex/WorkoutTracker.build/Debug-iphonesimulator/StatsWidgetExtension.build/StatsWidgetExtension-DebugDylibInstallName-normal-arm64.txt -Xlinker -filelist -Xlinker /Users/ilakazdan/Library/Developer/Xcode/DerivedData/WorkoutTracker-damryvjlpuarrrhkmzzrsckhybqp/Build/Intermediates.noindex/WorkoutTracker.build/Debug-iphonesimulator/StatsWidgetExtension.build/StatsWidgetExtension-ExecutorLinkFileList-normal-arm64.txt -Xlinker -sectcreate -Xlinker __TEXT -Xlinker __entitlements -Xlinker /Users/ilakazdan/Library/Developer/Xcode/DerivedData/WorkoutTracker-damryvjlpuarrrhkmzzrsckhybqp/Build/Intermediates.noindex/WorkoutTracker.build/Debug-iphonesimulator/StatsWidgetExtension.build/StatsWidgetExtension.appex-Simulated.xcent -Xlinker -sectcreate -Xlinker __TEXT -Xlinker __ents_der -Xlinker /Users/ilakazdan/Library/Developer/Xcode/DerivedData/WorkoutTracker-damryvjlpuarrrhkmzzrsckhybqp/Build/Intermediates.noindex/WorkoutTracker.build/Debug-iphonesimulator/StatsWidgetExtension.build/StatsWidgetExtension.appex-Simulated.xcent.der /Users/ilakazdan/Library/Developer/Xcode/DerivedData/WorkoutTracker-damryvjlpuarrrhkmzzrsckhybqp/Build/Intermediates.noindex/WorkoutTracker.build/Debug-iphonesimulator/StatsWidgetExtension.build/Objects-normal/arm64/Binary/StatsWidgetExtension.debug.dylib -Xlinker -no_adhoc_codesign -o /Users/ilakazdan/Library/Developer/Xcode/DerivedData/WorkoutTracker-damryvjlpuarrrhkmzzrsckhybqp/Build/Intermediates.noindex/WorkoutTracker.build/Debug-iphonesimulator/StatsWidgetExtension.build/Objects-normal/arm64/Binary/StatsWidgetExtension

Ld /Users/ilakazdan/Library/Developer/Xcode/DerivedData/WorkoutTracker-damryvjlpuarrrhkmzzrsckhybqp/Build/Intermediates.noindex/WorkoutTracker.build/Debug-iphonesimulator/WorkoutTimerWidgetExtension.build/Objects-normal/x86_64/Binary/WorkoutTimerWidgetExtension.debug.dylib normal x86_64 (in target 'WorkoutTimerWidgetExtension' from project 'WorkoutTracker')
    cd /Users/ilakazdan/WorkoutTracker
    /Applications/Xcode.app/Contents/Developer/Toolchains/XcodeDefault.xctoolchain/usr/bin/clang -Xlinker -reproducible -target x86_64-apple-ios17.6-simulator -dynamiclib -isysroot /Applications/Xcode.app/Contents/Developer/Platforms/iPhoneSimulator.platform/Developer/SDKs/iPhoneSimulator26.2.sdk -O0 -L/Users/ilakazdan/Library/Developer/Xcode/DerivedData/WorkoutTracker-damryvjlpuarrrhkmzzrsckhybqp/Build/Intermediates.noindex/EagerLinkingTBDs/Debug-iphonesimulator -L/Users/ilakazdan/Library/Developer/Xcode/DerivedData/WorkoutTracker-damryvjlpuarrrhkmzzrsckhybqp/Build/Products/Debug-iphonesimulator -F/Users/ilakazdan/Library/Developer/Xcode/DerivedData/WorkoutTracker-damryvjlpuarrrhkmzzrsckhybqp/Build/Intermediates.noindex/EagerLinkingTBDs/Debug-iphonesimulator -F/Users/ilakazdan/Library/Developer/Xcode/DerivedData/WorkoutTracker-damryvjlpuarrrhkmzzrsckhybqp/Build/Products/Debug-iphonesimulator -filelist /Users/ilakazdan/Library/Developer/Xcode/DerivedData/WorkoutTracker-damryvjlpuarrrhkmzzrsckhybqp/Build/Intermediates.noindex/WorkoutTracker.build/Debug-iphonesimulator/WorkoutTimerWidgetExtension.build/Objects-normal/x86_64/WorkoutTimerWidgetExtension.LinkFileList -install_name @rpath/WorkoutTimerWidgetExtension.debug.dylib -Xlinker -rpath -Xlinker /usr/lib/swift -Xlinker -rpath -Xlinker @executable_path/Frameworks -Xlinker -rpath -Xlinker @executable_path/../../Frameworks -dead_strip -Xlinker -object_path_lto -Xlinker /Users/ilakazdan/Library/Developer/Xcode/DerivedData/WorkoutTracker-damryvjlpuarrrhkmzzrsckhybqp/Build/Intermediates.noindex/WorkoutTracker.build/Debug-iphonesimulator/WorkoutTimerWidgetExtension.build/Objects-normal/x86_64/WorkoutTimerWidgetExtension_lto.o -rdynamic -Xlinker -no_deduplicate -Xlinker -objc_abi_version -Xlinker 2 -Xlinker -dependency_info -Xlinker /Users/ilakazdan/Library/Developer/Xcode/DerivedData/WorkoutTracker-damryvjlpuarrrhkmzzrsckhybqp/Build/Intermediates.noindex/WorkoutTracker.build/Debug-iphonesimulator/WorkoutTimerWidgetExtension.build/Objects-normal/x86_64/WorkoutTimerWidgetExtension_dependency_info.dat -fapplication-extension -fobjc-link-runtime -L/Applications/Xcode.app/Contents/Developer/Toolchains/XcodeDefault.xctoolchain/usr/lib/swift/iphonesimulator -L/usr/lib/swift -Xlinker -add_ast_path -Xlinker /Users/ilakazdan/Library/Developer/Xcode/DerivedData/WorkoutTracker-damryvjlpuarrrhkmzzrsckhybqp/Build/Intermediates.noindex/WorkoutTracker.build/Debug-iphonesimulator/WorkoutTimerWidgetExtension.build/Objects-normal/x86_64/WorkoutTimerWidgetExtension.swiftmodule @/Users/ilakazdan/Library/Developer/Xcode/DerivedData/WorkoutTracker-damryvjlpuarrrhkmzzrsckhybqp/Build/Intermediates.noindex/WorkoutTracker.build/Debug-iphonesimulator/WorkoutTimerWidgetExtension.build/Objects-normal/x86_64/WorkoutTimerWidgetExtension-linker-args.resp -Xlinker -alias -Xlinker _NSExtensionMain -Xlinker ___debug_main_executable_dylib_entry_point -framework SwiftUI -framework WidgetKit -Xlinker -no_adhoc_codesign -o /Users/ilakazdan/Library/Developer/Xcode/DerivedData/WorkoutTracker-damryvjlpuarrrhkmzzrsckhybqp/Build/Intermediates.noindex/WorkoutTracker.build/Debug-iphonesimulator/WorkoutTimerWidgetExtension.build/Objects-normal/x86_64/Binary/WorkoutTimerWidgetExtension.debug.dylib

ConstructStubExecutorLinkFileList /Users/ilakazdan/Library/Developer/Xcode/DerivedData/WorkoutTracker-damryvjlpuarrrhkmzzrsckhybqp/Build/Intermediates.noindex/WorkoutTracker.build/Debug-iphonesimulator/WorkoutTimerWidgetExtension.build/WorkoutTimerWidgetExtension-ExecutorLinkFileList-normal-arm64.txt (in target 'WorkoutTimerWidgetExtension' from project 'WorkoutTracker')
    cd /Users/ilakazdan/WorkoutTracker
    construct-stub-executor-link-file-list /Users/ilakazdan/Library/Developer/Xcode/DerivedData/WorkoutTracker-damryvjlpuarrrhkmzzrsckhybqp/Build/Intermediates.noindex/WorkoutTracker.build/Debug-iphonesimulator/WorkoutTimerWidgetExtension.build/Objects-normal/arm64/Binary/WorkoutTimerWidgetExtension.debug.dylib /Applications/Xcode.app/Contents/Developer/Platforms/iPhoneSimulator.platform/Developer/usr/lib/libPreviewsJITStubExecutor_no_swift_entry_point.a /Applications/Xcode.app/Contents/Developer/Platforms/iPhoneSimulator.platform/Developer/usr/lib/libPreviewsJITStubExecutor.a --output /Users/ilakazdan/Library/Developer/Xcode/DerivedData/WorkoutTracker-damryvjlpuarrrhkmzzrsckhybqp/Build/Intermediates.noindex/WorkoutTracker.build/Debug-iphonesimulator/WorkoutTimerWidgetExtension.build/WorkoutTimerWidgetExtension-ExecutorLinkFileList-normal-arm64.txt
note: Using stub executor library with Swift entry point. (in target 'WorkoutTimerWidgetExtension' from project 'WorkoutTracker')

ConstructStubExecutorLinkFileList /Users/ilakazdan/Library/Developer/Xcode/DerivedData/WorkoutTracker-damryvjlpuarrrhkmzzrsckhybqp/Build/Intermediates.noindex/WorkoutTracker.build/Debug-watchsimulator/WorkoutTrackerWatch\ Watch\ App.build/WorkoutTrackerWatch\ Watch\ App-ExecutorLinkFileList-normal-x86_64.txt (in target 'WorkoutTrackerWatch Watch App' from project 'WorkoutTracker')
    cd /Users/ilakazdan/WorkoutTracker
    construct-stub-executor-link-file-list /Users/ilakazdan/Library/Developer/Xcode/DerivedData/WorkoutTracker-damryvjlpuarrrhkmzzrsckhybqp/Build/Intermediates.noindex/WorkoutTracker.build/Debug-watchsimulator/WorkoutTrackerWatch\ Watch\ App.build/Objects-normal/x86_64/Binary/WorkoutTrackerWatch\ Watch\ App.debug.dylib /Applications/Xcode.app/Contents/Developer/Platforms/WatchSimulator.platform/Developer/usr/lib/libPreviewsJITStubExecutor_no_swift_entry_point.a /Applications/Xcode.app/Contents/Developer/Platforms/WatchSimulator.platform/Developer/usr/lib/libPreviewsJITStubExecutor.a --output /Users/ilakazdan/Library/Developer/Xcode/DerivedData/WorkoutTracker-damryvjlpuarrrhkmzzrsckhybqp/Build/Intermediates.noindex/WorkoutTracker.build/Debug-watchsimulator/WorkoutTrackerWatch\ Watch\ App.build/WorkoutTrackerWatch\ Watch\ App-ExecutorLinkFileList-normal-x86_64.txt
note: Using stub executor library with Swift entry point. (in target 'WorkoutTrackerWatch Watch App' from project 'WorkoutTracker')

Ld /Users/ilakazdan/Library/Developer/Xcode/DerivedData/WorkoutTracker-damryvjlpuarrrhkmzzrsckhybqp/Build/Intermediates.noindex/WorkoutTracker.build/Debug-iphonesimulator/WorkoutTimerWidgetExtension.build/Objects-normal/arm64/Binary/WorkoutTimerWidgetExtension normal arm64 (in target 'WorkoutTimerWidgetExtension' from project 'WorkoutTracker')
    cd /Users/ilakazdan/WorkoutTracker
    /Applications/Xcode.app/Contents/Developer/Toolchains/XcodeDefault.xctoolchain/usr/bin/clang -Xlinker -reproducible -target arm64-apple-ios17.6-simulator -isysroot /Applications/Xcode.app/Contents/Developer/Platforms/iPhoneSimulator.platform/Developer/SDKs/iPhoneSimulator26.2.sdk -O0 -L/Users/ilakazdan/Library/Developer/Xcode/DerivedData/WorkoutTracker-damryvjlpuarrrhkmzzrsckhybqp/Build/Products/Debug-iphonesimulator -F/Users/ilakazdan/Library/Developer/Xcode/DerivedData/WorkoutTracker-damryvjlpuarrrhkmzzrsckhybqp/Build/Products/Debug-iphonesimulator -Xlinker -rpath -Xlinker @executable_path -Xlinker -rpath -Xlinker @executable_path/Frameworks -Xlinker -rpath -Xlinker @executable_path/../../Frameworks -rdynamic -Xlinker -no_deduplicate -Xlinker -objc_abi_version -Xlinker 2 -e ___debug_blank_executor_main -Xlinker -sectcreate -Xlinker __TEXT -Xlinker __debug_dylib -Xlinker /Users/ilakazdan/Library/Developer/Xcode/DerivedData/WorkoutTracker-damryvjlpuarrrhkmzzrsckhybqp/Build/Intermediates.noindex/WorkoutTracker.build/Debug-iphonesimulator/WorkoutTimerWidgetExtension.build/WorkoutTimerWidgetExtension-DebugDylibPath-normal-arm64.txt -Xlinker -sectcreate -Xlinker __TEXT -Xlinker __debug_entry -Xlinker /Users/ilakazdan/Library/Developer/Xcode/DerivedData/WorkoutTracker-damryvjlpuarrrhkmzzrsckhybqp/Build/Intermediates.noindex/WorkoutTracker.build/Debug-iphonesimulator/WorkoutTimerWidgetExtension.build/WorkoutTimerWidgetExtension-DebugEntryPoint-normal-arm64.txt -Xlinker -sectcreate -Xlinker __TEXT -Xlinker __debug_instlnm -Xlinker /Users/ilakazdan/Library/Developer/Xcode/DerivedData/WorkoutTracker-damryvjlpuarrrhkmzzrsckhybqp/Build/Intermediates.noindex/WorkoutTracker.build/Debug-iphonesimulator/WorkoutTimerWidgetExtension.build/WorkoutTimerWidgetExtension-DebugDylibInstallName-normal-arm64.txt -Xlinker -filelist -Xlinker /Users/ilakazdan/Library/Developer/Xcode/DerivedData/WorkoutTracker-damryvjlpuarrrhkmzzrsckhybqp/Build/Intermediates.noindex/WorkoutTracker.build/Debug-iphonesimulator/WorkoutTimerWidgetExtension.build/WorkoutTimerWidgetExtension-ExecutorLinkFileList-normal-arm64.txt -Xlinker -sectcreate -Xlinker __TEXT -Xlinker __entitlements -Xlinker /Users/ilakazdan/Library/Developer/Xcode/DerivedData/WorkoutTracker-damryvjlpuarrrhkmzzrsckhybqp/Build/Intermediates.noindex/WorkoutTracker.build/Debug-iphonesimulator/WorkoutTimerWidgetExtension.build/WorkoutTimerWidgetExtension.appex-Simulated.xcent -Xlinker -sectcreate -Xlinker __TEXT -Xlinker __ents_der -Xlinker /Users/ilakazdan/Library/Developer/Xcode/DerivedData/WorkoutTracker-damryvjlpuarrrhkmzzrsckhybqp/Build/Intermediates.noindex/WorkoutTracker.build/Debug-iphonesimulator/WorkoutTimerWidgetExtension.build/WorkoutTimerWidgetExtension.appex-Simulated.xcent.der /Users/ilakazdan/Library/Developer/Xcode/DerivedData/WorkoutTracker-damryvjlpuarrrhkmzzrsckhybqp/Build/Intermediates.noindex/WorkoutTracker.build/Debug-iphonesimulator/WorkoutTimerWidgetExtension.build/Objects-normal/arm64/Binary/WorkoutTimerWidgetExtension.debug.dylib -Xlinker -no_adhoc_codesign -o /Users/ilakazdan/Library/Developer/Xcode/DerivedData/WorkoutTracker-damryvjlpuarrrhkmzzrsckhybqp/Build/Intermediates.noindex/WorkoutTracker.build/Debug-iphonesimulator/WorkoutTimerWidgetExtension.build/Objects-normal/arm64/Binary/WorkoutTimerWidgetExtension

Ld /Users/ilakazdan/Library/Developer/Xcode/DerivedData/WorkoutTracker-damryvjlpuarrrhkmzzrsckhybqp/Build/Intermediates.noindex/WorkoutTracker.build/Debug-watchsimulator/WorkoutTrackerWatch\ Watch\ App.build/Objects-normal/x86_64/Binary/WorkoutTrackerWatch\ Watch\ App normal x86_64 (in target 'WorkoutTrackerWatch Watch App' from project 'WorkoutTracker')
    cd /Users/ilakazdan/WorkoutTracker
    /Applications/Xcode.app/Contents/Developer/Toolchains/XcodeDefault.xctoolchain/usr/bin/clang -Xlinker -reproducible -target x86_64-apple-watchos11.6-simulator -isysroot /Applications/Xcode.app/Contents/Developer/Platforms/WatchSimulator.platform/Developer/SDKs/WatchSimulator26.2.sdk -O0 -L/Users/ilakazdan/Library/Developer/Xcode/DerivedData/WorkoutTracker-damryvjlpuarrrhkmzzrsckhybqp/Build/Products/Debug-watchsimulator -F/Users/ilakazdan/Library/Developer/Xcode/DerivedData/WorkoutTracker-damryvjlpuarrrhkmzzrsckhybqp/Build/Products/Debug-watchsimulator -Xlinker -rpath -Xlinker @executable_path -Xlinker -rpath -Xlinker @executable_path/Frameworks -rdynamic -Xlinker -no_deduplicate -Xlinker -objc_abi_version -Xlinker 2 -e ___debug_blank_executor_main -Xlinker -sectcreate -Xlinker __TEXT -Xlinker __debug_dylib -Xlinker /Users/ilakazdan/Library/Developer/Xcode/DerivedData/WorkoutTracker-damryvjlpuarrrhkmzzrsckhybqp/Build/Intermediates.noindex/WorkoutTracker.build/Debug-watchsimulator/WorkoutTrackerWatch\ Watch\ App.build/WorkoutTrackerWatch\ Watch\ App-DebugDylibPath-normal-x86_64.txt -Xlinker -sectcreate -Xlinker __TEXT -Xlinker __debug_instlnm -Xlinker /Users/ilakazdan/Library/Developer/Xcode/DerivedData/WorkoutTracker-damryvjlpuarrrhkmzzrsckhybqp/Build/Intermediates.noindex/WorkoutTracker.build/Debug-watchsimulator/WorkoutTrackerWatch\ Watch\ App.build/WorkoutTrackerWatch\ Watch\ App-DebugDylibInstallName-normal-x86_64.txt -Xlinker -filelist -Xlinker /Users/ilakazdan/Library/Developer/Xcode/DerivedData/WorkoutTracker-damryvjlpuarrrhkmzzrsckhybqp/Build/Intermediates.noindex/WorkoutTracker.build/Debug-watchsimulator/WorkoutTrackerWatch\ Watch\ App.build/WorkoutTrackerWatch\ Watch\ App-ExecutorLinkFileList-normal-x86_64.txt -Xlinker -sectcreate -Xlinker __TEXT -Xlinker __entitlements -Xlinker /Users/ilakazdan/Library/Developer/Xcode/DerivedData/WorkoutTracker-damryvjlpuarrrhkmzzrsckhybqp/Build/Intermediates.noindex/WorkoutTracker.build/Debug-watchsimulator/WorkoutTrackerWatch\ Watch\ App.build/WorkoutTrackerWatch\ Watch\ App.app-Simulated.xcent -Xlinker -sectcreate -Xlinker __TEXT -Xlinker __ents_der -Xlinker /Users/ilakazdan/Library/Developer/Xcode/DerivedData/WorkoutTracker-damryvjlpuarrrhkmzzrsckhybqp/Build/Intermediates.noindex/WorkoutTracker.build/Debug-watchsimulator/WorkoutTrackerWatch\ Watch\ App.build/WorkoutTrackerWatch\ Watch\ App.app-Simulated.xcent.der /Users/ilakazdan/Library/Developer/Xcode/DerivedData/WorkoutTracker-damryvjlpuarrrhkmzzrsckhybqp/Build/Intermediates.noindex/WorkoutTracker.build/Debug-watchsimulator/WorkoutTrackerWatch\ Watch\ App.build/Objects-normal/x86_64/Binary/WorkoutTrackerWatch\ Watch\ App.debug.dylib -Xlinker -no_adhoc_codesign -o /Users/ilakazdan/Library/Developer/Xcode/DerivedData/WorkoutTracker-damryvjlpuarrrhkmzzrsckhybqp/Build/Intermediates.noindex/WorkoutTracker.build/Debug-watchsimulator/WorkoutTrackerWatch\ Watch\ App.build/Objects-normal/x86_64/Binary/WorkoutTrackerWatch\ Watch\ App

CreateUniversalBinary /Users/ilakazdan/Library/Developer/Xcode/DerivedData/WorkoutTracker-damryvjlpuarrrhkmzzrsckhybqp/Build/Products/Debug-watchsimulator/WorkoutTrackerWatch\ Watch\ App.app/WorkoutTrackerWatch\ Watch\ App.debug.dylib normal arm64\ x86_64 (in target 'WorkoutTrackerWatch Watch App' from project 'WorkoutTracker')
    cd /Users/ilakazdan/WorkoutTracker
    /Applications/Xcode.app/Contents/Developer/Toolchains/XcodeDefault.xctoolchain/usr/bin/lipo -create /Users/ilakazdan/Library/Developer/Xcode/DerivedData/WorkoutTracker-damryvjlpuarrrhkmzzrsckhybqp/Build/Intermediates.noindex/WorkoutTracker.build/Debug-watchsimulator/WorkoutTrackerWatch\ Watch\ App.build/Objects-normal/arm64/Binary/WorkoutTrackerWatch\ Watch\ App.debug.dylib /Users/ilakazdan/Library/Developer/Xcode/DerivedData/WorkoutTracker-damryvjlpuarrrhkmzzrsckhybqp/Build/Intermediates.noindex/WorkoutTracker.build/Debug-watchsimulator/WorkoutTrackerWatch\ Watch\ App.build/Objects-normal/x86_64/Binary/WorkoutTrackerWatch\ Watch\ App.debug.dylib -output /Users/ilakazdan/Library/Developer/Xcode/DerivedData/WorkoutTracker-damryvjlpuarrrhkmzzrsckhybqp/Build/Products/Debug-watchsimulator/WorkoutTrackerWatch\ Watch\ App.app/WorkoutTrackerWatch\ Watch\ App.debug.dylib

ConstructStubExecutorLinkFileList /Users/ilakazdan/Library/Developer/Xcode/DerivedData/WorkoutTracker-damryvjlpuarrrhkmzzrsckhybqp/Build/Intermediates.noindex/WorkoutTracker.build/Debug-watchsimulator/WorkoutTrackerWatch\ Watch\ App.build/WorkoutTrackerWatch\ Watch\ App-ExecutorLinkFileList-normal-arm64.txt (in target 'WorkoutTrackerWatch Watch App' from project 'WorkoutTracker')
    cd /Users/ilakazdan/WorkoutTracker
    construct-stub-executor-link-file-list /Users/ilakazdan/Library/Developer/Xcode/DerivedData/WorkoutTracker-damryvjlpuarrrhkmzzrsckhybqp/Build/Intermediates.noindex/WorkoutTracker.build/Debug-watchsimulator/WorkoutTrackerWatch\ Watch\ App.build/Objects-normal/arm64/Binary/WorkoutTrackerWatch\ Watch\ App.debug.dylib /Applications/Xcode.app/Contents/Developer/Platforms/WatchSimulator.platform/Developer/usr/lib/libPreviewsJITStubExecutor_no_swift_entry_point.a /Applications/Xcode.app/Contents/Developer/Platforms/WatchSimulator.platform/Developer/usr/lib/libPreviewsJITStubExecutor.a --output /Users/ilakazdan/Library/Developer/Xcode/DerivedData/WorkoutTracker-damryvjlpuarrrhkmzzrsckhybqp/Build/Intermediates.noindex/WorkoutTracker.build/Debug-watchsimulator/WorkoutTrackerWatch\ Watch\ App.build/WorkoutTrackerWatch\ Watch\ App-ExecutorLinkFileList-normal-arm64.txt
note: Using stub executor library with Swift entry point. (in target 'WorkoutTrackerWatch Watch App' from project 'WorkoutTracker')

Ld /Users/ilakazdan/Library/Developer/Xcode/DerivedData/WorkoutTracker-damryvjlpuarrrhkmzzrsckhybqp/Build/Intermediates.noindex/WorkoutTracker.build/Debug-watchsimulator/WorkoutTrackerWatch\ Watch\ App.build/Objects-normal/arm64/Binary/WorkoutTrackerWatch\ Watch\ App normal arm64 (in target 'WorkoutTrackerWatch Watch App' from project 'WorkoutTracker')
    cd /Users/ilakazdan/WorkoutTracker
    /Applications/Xcode.app/Contents/Developer/Toolchains/XcodeDefault.xctoolchain/usr/bin/clang -Xlinker -reproducible -target arm64-apple-watchos11.6-simulator -isysroot /Applications/Xcode.app/Contents/Developer/Platforms/WatchSimulator.platform/Developer/SDKs/WatchSimulator26.2.sdk -O0 -L/Users/ilakazdan/Library/Developer/Xcode/DerivedData/WorkoutTracker-damryvjlpuarrrhkmzzrsckhybqp/Build/Products/Debug-watchsimulator -F/Users/ilakazdan/Library/Developer/Xcode/DerivedData/WorkoutTracker-damryvjlpuarrrhkmzzrsckhybqp/Build/Products/Debug-watchsimulator -Xlinker -rpath -Xlinker @executable_path -Xlinker -rpath -Xlinker @executable_path/Frameworks -rdynamic -Xlinker -no_deduplicate -Xlinker -objc_abi_version -Xlinker 2 -e ___debug_blank_executor_main -Xlinker -sectcreate -Xlinker __TEXT -Xlinker __debug_dylib -Xlinker /Users/ilakazdan/Library/Developer/Xcode/DerivedData/WorkoutTracker-damryvjlpuarrrhkmzzrsckhybqp/Build/Intermediates.noindex/WorkoutTracker.build/Debug-watchsimulator/WorkoutTrackerWatch\ Watch\ App.build/WorkoutTrackerWatch\ Watch\ App-DebugDylibPath-normal-arm64.txt -Xlinker -sectcreate -Xlinker __TEXT -Xlinker __debug_instlnm -Xlinker /Users/ilakazdan/Library/Developer/Xcode/DerivedData/WorkoutTracker-damryvjlpuarrrhkmzzrsckhybqp/Build/Intermediates.noindex/WorkoutTracker.build/Debug-watchsimulator/WorkoutTrackerWatch\ Watch\ App.build/WorkoutTrackerWatch\ Watch\ App-DebugDylibInstallName-normal-arm64.txt -Xlinker -filelist -Xlinker /Users/ilakazdan/Library/Developer/Xcode/DerivedData/WorkoutTracker-damryvjlpuarrrhkmzzrsckhybqp/Build/Intermediates.noindex/WorkoutTracker.build/Debug-watchsimulator/WorkoutTrackerWatch\ Watch\ App.build/WorkoutTrackerWatch\ Watch\ App-ExecutorLinkFileList-normal-arm64.txt -Xlinker -sectcreate -Xlinker __TEXT -Xlinker __entitlements -Xlinker /Users/ilakazdan/Library/Developer/Xcode/DerivedData/WorkoutTracker-damryvjlpuarrrhkmzzrsckhybqp/Build/Intermediates.noindex/WorkoutTracker.build/Debug-watchsimulator/WorkoutTrackerWatch\ Watch\ App.build/WorkoutTrackerWatch\ Watch\ App.app-Simulated.xcent -Xlinker -sectcreate -Xlinker __TEXT -Xlinker __ents_der -Xlinker /Users/ilakazdan/Library/Developer/Xcode/DerivedData/WorkoutTracker-damryvjlpuarrrhkmzzrsckhybqp/Build/Intermediates.noindex/WorkoutTracker.build/Debug-watchsimulator/WorkoutTrackerWatch\ Watch\ App.build/WorkoutTrackerWatch\ Watch\ App.app-Simulated.xcent.der /Users/ilakazdan/Library/Developer/Xcode/DerivedData/WorkoutTracker-damryvjlpuarrrhkmzzrsckhybqp/Build/Intermediates.noindex/WorkoutTracker.build/Debug-watchsimulator/WorkoutTrackerWatch\ Watch\ App.build/Objects-normal/arm64/Binary/WorkoutTrackerWatch\ Watch\ App.debug.dylib -Xlinker -no_adhoc_codesign -o /Users/ilakazdan/Library/Developer/Xcode/DerivedData/WorkoutTracker-damryvjlpuarrrhkmzzrsckhybqp/Build/Intermediates.noindex/WorkoutTracker.build/Debug-watchsimulator/WorkoutTrackerWatch\ Watch\ App.build/Objects-normal/arm64/Binary/WorkoutTrackerWatch\ Watch\ App

CopyStringsFile /Users/ilakazdan/Library/Developer/Xcode/DerivedData/WorkoutTracker-damryvjlpuarrrhkmzzrsckhybqp/Build/Products/Debug-iphonesimulator/WorkoutTracker.app/it.lproj/Localizable.strings /Users/ilakazdan/Library/Developer/Xcode/DerivedData/WorkoutTracker-damryvjlpuarrrhkmzzrsckhybqp/Build/Intermediates.noindex/WorkoutTracker.build/Debug-iphonesimulator/WorkoutTracker.build/it.lproj/Localizable.strings (in target 'WorkoutTracker' from project 'WorkoutTracker')
    cd /Users/ilakazdan/WorkoutTracker
    builtin-copyStrings --validate --outputencoding binary --outfilename Localizable.strings --outdir /Users/ilakazdan/Library/Developer/Xcode/DerivedData/WorkoutTracker-damryvjlpuarrrhkmzzrsckhybqp/Build/Products/Debug-iphonesimulator/WorkoutTracker.app/it.lproj -- /Users/ilakazdan/Library/Developer/Xcode/DerivedData/WorkoutTracker-damryvjlpuarrrhkmzzrsckhybqp/Build/Intermediates.noindex/WorkoutTracker.build/Debug-iphonesimulator/WorkoutTracker.build/it.lproj/Localizable.strings
/Users/ilakazdan/Library/Developer/Xcode/DerivedData/WorkoutTracker-damryvjlpuarrrhkmzzrsckhybqp/Build/Intermediates.noindex/WorkoutTracker.build/Debug-iphonesimulator/WorkoutTracker.build/it.lproj/Localizable.strings:1:1: note: detected encoding of input file as Unicode (UTF-8) (in target 'WorkoutTracker' from project 'WorkoutTracker')

CopyStringsFile /Users/ilakazdan/Library/Developer/Xcode/DerivedData/WorkoutTracker-damryvjlpuarrrhkmzzrsckhybqp/Build/Products/Debug-iphonesimulator/WorkoutTracker.app/ru.lproj/Localizable.strings /Users/ilakazdan/Library/Developer/Xcode/DerivedData/WorkoutTracker-damryvjlpuarrrhkmzzrsckhybqp/Build/Intermediates.noindex/WorkoutTracker.build/Debug-iphonesimulator/WorkoutTracker.build/ru.lproj/Localizable.strings (in target 'WorkoutTracker' from project 'WorkoutTracker')
    cd /Users/ilakazdan/WorkoutTracker
    builtin-copyStrings --validate --outputencoding binary --outfilename Localizable.strings --outdir /Users/ilakazdan/Library/Developer/Xcode/DerivedData/WorkoutTracker-damryvjlpuarrrhkmzzrsckhybqp/Build/Products/Debug-iphonesimulator/WorkoutTracker.app/ru.lproj -- /Users/ilakazdan/Library/Developer/Xcode/DerivedData/WorkoutTracker-damryvjlpuarrrhkmzzrsckhybqp/Build/Intermediates.noindex/WorkoutTracker.build/Debug-iphonesimulator/WorkoutTracker.build/ru.lproj/Localizable.strings
/Users/ilakazdan/Library/Developer/Xcode/DerivedData/WorkoutTracker-damryvjlpuarrrhkmzzrsckhybqp/Build/Intermediates.noindex/WorkoutTracker.build/Debug-iphonesimulator/WorkoutTracker.build/ru.lproj/Localizable.strings:1:1: note: detected encoding of input file as Unicode (UTF-8) (in target 'WorkoutTracker' from project 'WorkoutTracker')

CopyStringsFile /Users/ilakazdan/Library/Developer/Xcode/DerivedData/WorkoutTracker-damryvjlpuarrrhkmzzrsckhybqp/Build/Products/Debug-iphonesimulator/WorkoutTracker.app/pt-PT.lproj/Localizable.strings /Users/ilakazdan/Library/Developer/Xcode/DerivedData/WorkoutTracker-damryvjlpuarrrhkmzzrsckhybqp/Build/Intermediates.noindex/WorkoutTracker.build/Debug-iphonesimulator/WorkoutTracker.build/pt-PT.lproj/Localizable.strings (in target 'WorkoutTracker' from project 'WorkoutTracker')
    cd /Users/ilakazdan/WorkoutTracker
    builtin-copyStrings --validate --outputencoding binary --outfilename Localizable.strings --outdir /Users/ilakazdan/Library/Developer/Xcode/DerivedData/WorkoutTracker-damryvjlpuarrrhkmzzrsckhybqp/Build/Products/Debug-iphonesimulator/WorkoutTracker.app/pt-PT.lproj -- /Users/ilakazdan/Library/Developer/Xcode/DerivedData/WorkoutTracker-damryvjlpuarrrhkmzzrsckhybqp/Build/Intermediates.noindex/WorkoutTracker.build/Debug-iphonesimulator/WorkoutTracker.build/pt-PT.lproj/Localizable.strings
/Users/ilakazdan/Library/Developer/Xcode/DerivedData/WorkoutTracker-damryvjlpuarrrhkmzzrsckhybqp/Build/Intermediates.noindex/WorkoutTracker.build/Debug-iphonesimulator/WorkoutTracker.build/pt-PT.lproj/Localizable.strings:1:1: note: detected encoding of input file as Unicode (UTF-8) (in target 'WorkoutTracker' from project 'WorkoutTracker')

CopyStringsFile /Users/ilakazdan/Library/Developer/Xcode/DerivedData/WorkoutTracker-damryvjlpuarrrhkmzzrsckhybqp/Build/Products/Debug-iphonesimulator/WorkoutTracker.app/fr.lproj/Localizable.strings /Users/ilakazdan/Library/Developer/Xcode/DerivedData/WorkoutTracker-damryvjlpuarrrhkmzzrsckhybqp/Build/Intermediates.noindex/WorkoutTracker.build/Debug-iphonesimulator/WorkoutTracker.build/fr.lproj/Localizable.strings (in target 'WorkoutTracker' from project 'WorkoutTracker')
    cd /Users/ilakazdan/WorkoutTracker
    builtin-copyStrings --validate --outputencoding binary --outfilename Localizable.strings --outdir /Users/ilakazdan/Library/Developer/Xcode/DerivedData/WorkoutTracker-damryvjlpuarrrhkmzzrsckhybqp/Build/Products/Debug-iphonesimulator/WorkoutTracker.app/fr.lproj -- /Users/ilakazdan/Library/Developer/Xcode/DerivedData/WorkoutTracker-damryvjlpuarrrhkmzzrsckhybqp/Build/Intermediates.noindex/WorkoutTracker.build/Debug-iphonesimulator/WorkoutTracker.build/fr.lproj/Localizable.strings
/Users/ilakazdan/Library/Developer/Xcode/DerivedData/WorkoutTracker-damryvjlpuarrrhkmzzrsckhybqp/Build/Intermediates.noindex/WorkoutTracker.build/Debug-iphonesimulator/WorkoutTracker.build/fr.lproj/Localizable.strings:1:1: note: detected encoding of input file as Unicode (UTF-8) (in target 'WorkoutTracker' from project 'WorkoutTracker')

CreateUniversalBinary /Users/ilakazdan/Library/Developer/Xcode/DerivedData/WorkoutTracker-damryvjlpuarrrhkmzzrsckhybqp/Build/Products/Debug-watchsimulator/WorkoutTrackerWatch\ Watch\ App.app/WorkoutTrackerWatch\ Watch\ App normal arm64\ x86_64 (in target 'WorkoutTrackerWatch Watch App' from project 'WorkoutTracker')
    cd /Users/ilakazdan/WorkoutTracker
    /Applications/Xcode.app/Contents/Developer/Toolchains/XcodeDefault.xctoolchain/usr/bin/lipo -create /Users/ilakazdan/Library/Developer/Xcode/DerivedData/WorkoutTracker-damryvjlpuarrrhkmzzrsckhybqp/Build/Intermediates.noindex/WorkoutTracker.build/Debug-watchsimulator/WorkoutTrackerWatch\ Watch\ App.build/Objects-normal/arm64/Binary/WorkoutTrackerWatch\ Watch\ App /Users/ilakazdan/Library/Developer/Xcode/DerivedData/WorkoutTracker-damryvjlpuarrrhkmzzrsckhybqp/Build/Intermediates.noindex/WorkoutTracker.build/Debug-watchsimulator/WorkoutTrackerWatch\ Watch\ App.build/Objects-normal/x86_64/Binary/WorkoutTrackerWatch\ Watch\ App -output /Users/ilakazdan/Library/Developer/Xcode/DerivedData/WorkoutTracker-damryvjlpuarrrhkmzzrsckhybqp/Build/Products/Debug-watchsimulator/WorkoutTrackerWatch\ Watch\ App.app/WorkoutTrackerWatch\ Watch\ App

CopyStringsFile /Users/ilakazdan/Library/Developer/Xcode/DerivedData/WorkoutTracker-damryvjlpuarrrhkmzzrsckhybqp/Build/Products/Debug-iphonesimulator/WorkoutTracker.app/es.lproj/Localizable.strings /Users/ilakazdan/Library/Developer/Xcode/DerivedData/WorkoutTracker-damryvjlpuarrrhkmzzrsckhybqp/Build/Intermediates.noindex/WorkoutTracker.build/Debug-iphonesimulator/WorkoutTracker.build/es.lproj/Localizable.strings (in target 'WorkoutTracker' from project 'WorkoutTracker')
    cd /Users/ilakazdan/WorkoutTracker
    builtin-copyStrings --validate --outputencoding binary --outfilename Localizable.strings --outdir /Users/ilakazdan/Library/Developer/Xcode/DerivedData/WorkoutTracker-damryvjlpuarrrhkmzzrsckhybqp/Build/Products/Debug-iphonesimulator/WorkoutTracker.app/es.lproj -- /Users/ilakazdan/Library/Developer/Xcode/DerivedData/WorkoutTracker-damryvjlpuarrrhkmzzrsckhybqp/Build/Intermediates.noindex/WorkoutTracker.build/Debug-iphonesimulator/WorkoutTracker.build/es.lproj/Localizable.strings
/Users/ilakazdan/Library/Developer/Xcode/DerivedData/WorkoutTracker-damryvjlpuarrrhkmzzrsckhybqp/Build/Intermediates.noindex/WorkoutTracker.build/Debug-iphonesimulator/WorkoutTracker.build/es.lproj/Localizable.strings:1:1: note: detected encoding of input file as Unicode (UTF-8) (in target 'WorkoutTracker' from project 'WorkoutTracker')

CopyStringsFile /Users/ilakazdan/Library/Developer/Xcode/DerivedData/WorkoutTracker-damryvjlpuarrrhkmzzrsckhybqp/Build/Products/Debug-iphonesimulator/WorkoutTracker.app/en.lproj/Localizable.strings /Users/ilakazdan/Library/Developer/Xcode/DerivedData/WorkoutTracker-damryvjlpuarrrhkmzzrsckhybqp/Build/Intermediates.noindex/WorkoutTracker.build/Debug-iphonesimulator/WorkoutTracker.build/en.lproj/Localizable.strings (in target 'WorkoutTracker' from project 'WorkoutTracker')
    cd /Users/ilakazdan/WorkoutTracker
    builtin-copyStrings --validate --outputencoding binary --outfilename Localizable.strings --outdir /Users/ilakazdan/Library/Developer/Xcode/DerivedData/WorkoutTracker-damryvjlpuarrrhkmzzrsckhybqp/Build/Products/Debug-iphonesimulator/WorkoutTracker.app/en.lproj -- /Users/ilakazdan/Library/Developer/Xcode/DerivedData/WorkoutTracker-damryvjlpuarrrhkmzzrsckhybqp/Build/Intermediates.noindex/WorkoutTracker.build/Debug-iphonesimulator/WorkoutTracker.build/en.lproj/Localizable.strings
/Users/ilakazdan/Library/Developer/Xcode/DerivedData/WorkoutTracker-damryvjlpuarrrhkmzzrsckhybqp/Build/Intermediates.noindex/WorkoutTracker.build/Debug-iphonesimulator/WorkoutTracker.build/en.lproj/Localizable.strings:1:1: note: detected encoding of input file as Unicode (UTF-8) (in target 'WorkoutTracker' from project 'WorkoutTracker')

CopyStringsFile /Users/ilakazdan/Library/Developer/Xcode/DerivedData/WorkoutTracker-damryvjlpuarrrhkmzzrsckhybqp/Build/Products/Debug-iphonesimulator/WorkoutTracker.app/de.lproj/Localizable.strings /Users/ilakazdan/Library/Developer/Xcode/DerivedData/WorkoutTracker-damryvjlpuarrrhkmzzrsckhybqp/Build/Intermediates.noindex/WorkoutTracker.build/Debug-iphonesimulator/WorkoutTracker.build/de.lproj/Localizable.strings (in target 'WorkoutTracker' from project 'WorkoutTracker')
    cd /Users/ilakazdan/WorkoutTracker
    builtin-copyStrings --validate --outputencoding binary --outfilename Localizable.strings --outdir /Users/ilakazdan/Library/Developer/Xcode/DerivedData/WorkoutTracker-damryvjlpuarrrhkmzzrsckhybqp/Build/Products/Debug-iphonesimulator/WorkoutTracker.app/de.lproj -- /Users/ilakazdan/Library/Developer/Xcode/DerivedData/WorkoutTracker-damryvjlpuarrrhkmzzrsckhybqp/Build/Intermediates.noindex/WorkoutTracker.build/Debug-iphonesimulator/WorkoutTracker.build/de.lproj/Localizable.strings
/Users/ilakazdan/Library/Developer/Xcode/DerivedData/WorkoutTracker-damryvjlpuarrrhkmzzrsckhybqp/Build/Intermediates.noindex/WorkoutTracker.build/Debug-iphonesimulator/WorkoutTracker.build/de.lproj/Localizable.strings:1:1: note: detected encoding of input file as Unicode (UTF-8) (in target 'WorkoutTracker' from project 'WorkoutTracker')

ExtractAppIntentsMetadata (in target 'WorkoutTrackerWatch Watch App' from project 'WorkoutTracker')
    cd /Users/ilakazdan/WorkoutTracker
    /Applications/Xcode.app/Contents/Developer/Toolchains/XcodeDefault.xctoolchain/usr/bin/appintentsmetadataprocessor --toolchain-dir /Applications/Xcode.app/Contents/Developer/Toolchains/XcodeDefault.xctoolchain --module-name WorkoutTrackerWatch_Watch_App --sdk-root /Applications/Xcode.app/Contents/Developer/Platforms/WatchSimulator.platform/Developer/SDKs/WatchSimulator26.2.sdk --xcode-version 17C529 --platform-family watchOS --deployment-target 11.6 --bundle-identifier com.borisdev.WorkoutTracker.watchapp2026 --output /Users/ilakazdan/Library/Developer/Xcode/DerivedData/WorkoutTracker-damryvjlpuarrrhkmzzrsckhybqp/Build/Products/Debug-watchsimulator/WorkoutTrackerWatch\ Watch\ App.app --target-triple arm64-apple-watchos11.6-simulator --target-triple x86_64-apple-watchos11.6-simulator --binary-file /Users/ilakazdan/Library/Developer/Xcode/DerivedData/WorkoutTracker-damryvjlpuarrrhkmzzrsckhybqp/Build/Products/Debug-watchsimulator/WorkoutTrackerWatch\ Watch\ App.app/WorkoutTrackerWatch\ Watch\ App --dependency-file /Users/ilakazdan/Library/Developer/Xcode/DerivedData/WorkoutTracker-damryvjlpuarrrhkmzzrsckhybqp/Build/Intermediates.noindex/WorkoutTracker.build/Debug-watchsimulator/WorkoutTrackerWatch\ Watch\ App.build/Objects-normal/arm64/WorkoutTrackerWatch\ Watch\ App_dependency_info.dat --dependency-file /Users/ilakazdan/Library/Developer/Xcode/DerivedData/WorkoutTracker-damryvjlpuarrrhkmzzrsckhybqp/Build/Intermediates.noindex/WorkoutTracker.build/Debug-watchsimulator/WorkoutTrackerWatch\ Watch\ App.build/Objects-normal/x86_64/WorkoutTrackerWatch\ Watch\ App_dependency_info.dat --stringsdata-file /Users/ilakazdan/Library/Developer/Xcode/DerivedData/WorkoutTracker-damryvjlpuarrrhkmzzrsckhybqp/Build/Intermediates.noindex/WorkoutTracker.build/Debug-watchsimulator/WorkoutTrackerWatch\ Watch\ App.build/Objects-normal/arm64/ExtractedAppShortcutsMetadata.stringsdata --stringsdata-file /Users/ilakazdan/Library/Developer/Xcode/DerivedData/WorkoutTracker-damryvjlpuarrrhkmzzrsckhybqp/Build/Intermediates.noindex/WorkoutTracker.build/Debug-watchsimulator/WorkoutTrackerWatch\ Watch\ App.build/Objects-normal/x86_64/ExtractedAppShortcutsMetadata.stringsdata --source-file-list /Users/ilakazdan/Library/Developer/Xcode/DerivedData/WorkoutTracker-damryvjlpuarrrhkmzzrsckhybqp/Build/Intermediates.noindex/WorkoutTracker.build/Debug-watchsimulator/WorkoutTrackerWatch\ Watch\ App.build/Objects-normal/arm64/WorkoutTrackerWatch\ Watch\ App.SwiftFileList --source-file-list /Users/ilakazdan/Library/Developer/Xcode/DerivedData/WorkoutTracker-damryvjlpuarrrhkmzzrsckhybqp/Build/Intermediates.noindex/WorkoutTracker.build/Debug-watchsimulator/WorkoutTrackerWatch\ Watch\ App.build/Objects-normal/x86_64/WorkoutTrackerWatch\ Watch\ App.SwiftFileList --metadata-file-list /Users/ilakazdan/Library/Developer/Xcode/DerivedData/WorkoutTracker-damryvjlpuarrrhkmzzrsckhybqp/Build/Intermediates.noindex/WorkoutTracker.build/Debug-watchsimulator/WorkoutTrackerWatch\ Watch\ App.build/WorkoutTrackerWatch\ Watch\ App.DependencyMetadataFileList --static-metadata-file-list /Users/ilakazdan/Library/Developer/Xcode/DerivedData/WorkoutTracker-damryvjlpuarrrhkmzzrsckhybqp/Build/Intermediates.noindex/WorkoutTracker.build/Debug-watchsimulator/WorkoutTrackerWatch\ Watch\ App.build/WorkoutTrackerWatch\ Watch\ App.DependencyStaticMetadataFileList --swift-const-vals-list /Users/ilakazdan/Library/Developer/Xcode/DerivedData/WorkoutTracker-damryvjlpuarrrhkmzzrsckhybqp/Build/Intermediates.noindex/WorkoutTracker.build/Debug-watchsimulator/WorkoutTrackerWatch\ Watch\ App.build/Objects-normal/arm64/WorkoutTrackerWatch\ Watch\ App.SwiftConstValuesFileList --swift-const-vals-list /Users/ilakazdan/Library/Developer/Xcode/DerivedData/WorkoutTracker-damryvjlpuarrrhkmzzrsckhybqp/Build/Intermediates.noindex/WorkoutTracker.build/Debug-watchsimulator/WorkoutTrackerWatch\ Watch\ App.build/Objects-normal/x86_64/WorkoutTrackerWatch\ Watch\ App.SwiftConstValuesFileList --compile-time-extraction --deployment-aware-processing --validate-assistant-intents --no-app-shortcuts-localization
2026-06-13 01:46:51.353 appintentsmetadataprocessor[59950:666828] Starting appintentsmetadataprocessor export
2026-06-13 01:46:51.356 appintentsmetadataprocessor[59950:666828] warning: Metadata extraction skipped. No AppIntents.framework dependency found.

CopySwiftLibs /Users/ilakazdan/Library/Developer/Xcode/DerivedData/WorkoutTracker-damryvjlpuarrrhkmzzrsckhybqp/Build/Products/Debug-watchsimulator/WorkoutTrackerWatch\ Watch\ App.app (in target 'WorkoutTrackerWatch Watch App' from project 'WorkoutTracker')
    cd /Users/ilakazdan/WorkoutTracker
    builtin-swiftStdLibTool --copy --verbose --sign - --scan-executable /Users/ilakazdan/Library/Developer/Xcode/DerivedData/WorkoutTracker-damryvjlpuarrrhkmzzrsckhybqp/Build/Products/Debug-watchsimulator/WorkoutTrackerWatch\ Watch\ App.app/WorkoutTrackerWatch\ Watch\ App.debug.dylib --scan-folder /Users/ilakazdan/Library/Developer/Xcode/DerivedData/WorkoutTracker-damryvjlpuarrrhkmzzrsckhybqp/Build/Products/Debug-watchsimulator/WorkoutTrackerWatch\ Watch\ App.app/Frameworks --scan-folder /Users/ilakazdan/Library/Developer/Xcode/DerivedData/WorkoutTracker-damryvjlpuarrrhkmzzrsckhybqp/Build/Products/Debug-watchsimulator/WorkoutTrackerWatch\ Watch\ App.app/PlugIns --scan-folder /Users/ilakazdan/Library/Developer/Xcode/DerivedData/WorkoutTracker-damryvjlpuarrrhkmzzrsckhybqp/Build/Products/Debug-watchsimulator/WorkoutTrackerWatch\ Watch\ App.app/SystemExtensions --scan-folder /Users/ilakazdan/Library/Developer/Xcode/DerivedData/WorkoutTracker-damryvjlpuarrrhkmzzrsckhybqp/Build/Products/Debug-watchsimulator/WorkoutTrackerWatch\ Watch\ App.app/Extensions --platform watchsimulator --toolchain /Applications/Xcode.app/Contents/Developer/Toolchains/XcodeDefault.xctoolchain --destination /Users/ilakazdan/Library/Developer/Xcode/DerivedData/WorkoutTracker-damryvjlpuarrrhkmzzrsckhybqp/Build/Products/Debug-watchsimulator/WorkoutTrackerWatch\ Watch\ App.app/Frameworks --strip-bitcode --strip-bitcode-tool /Applications/Xcode.app/Contents/Developer/Toolchains/XcodeDefault.xctoolchain/usr/bin/bitcode_strip --emit-dependency-info /Users/ilakazdan/Library/Developer/Xcode/DerivedData/WorkoutTracker-damryvjlpuarrrhkmzzrsckhybqp/Build/Intermediates.noindex/WorkoutTracker.build/Debug-watchsimulator/WorkoutTrackerWatch\ Watch\ App.build/SwiftStdLibToolInputDependencies.dep --filter-for-swift-os --back-deploy-swift-span

CodeSign /Users/ilakazdan/Library/Developer/Xcode/DerivedData/WorkoutTracker-damryvjlpuarrrhkmzzrsckhybqp/Build/Products/Debug-watchsimulator/WorkoutTrackerWatch\ Watch\ App.app/WorkoutTrackerWatch\ Watch\ App.debug.dylib (in target 'WorkoutTrackerWatch Watch App' from project 'WorkoutTracker')
    cd /Users/ilakazdan/WorkoutTracker
    
    Signing Identity:     "Sign to Run Locally"
    
    /usr/bin/codesign --force --sign - --timestamp\=none --generate-entitlement-der /Users/ilakazdan/Library/Developer/Xcode/DerivedData/WorkoutTracker-damryvjlpuarrrhkmzzrsckhybqp/Build/Products/Debug-watchsimulator/WorkoutTrackerWatch\ Watch\ App.app/WorkoutTrackerWatch\ Watch\ App.debug.dylib

CodeSign /Users/ilakazdan/Library/Developer/Xcode/DerivedData/WorkoutTracker-damryvjlpuarrrhkmzzrsckhybqp/Build/Products/Debug-watchsimulator/WorkoutTrackerWatch\ Watch\ App.app (in target 'WorkoutTrackerWatch Watch App' from project 'WorkoutTracker')
    cd /Users/ilakazdan/WorkoutTracker
    
    Signing Identity:     "Sign to Run Locally"
    
    /usr/bin/codesign --force --sign - --entitlements /Users/ilakazdan/Library/Developer/Xcode/DerivedData/WorkoutTracker-damryvjlpuarrrhkmzzrsckhybqp/Build/Intermediates.noindex/WorkoutTracker.build/Debug-watchsimulator/WorkoutTrackerWatch\ Watch\ App.build/WorkoutTrackerWatch\ Watch\ App.app.xcent --timestamp\=none --generate-entitlement-der /Users/ilakazdan/Library/Developer/Xcode/DerivedData/WorkoutTracker-damryvjlpuarrrhkmzzrsckhybqp/Build/Products/Debug-watchsimulator/WorkoutTrackerWatch\ Watch\ App.app

Validate /Users/ilakazdan/Library/Developer/Xcode/DerivedData/WorkoutTracker-damryvjlpuarrrhkmzzrsckhybqp/Build/Products/Debug-watchsimulator/WorkoutTrackerWatch\ Watch\ App.app (in target 'WorkoutTrackerWatch Watch App' from project 'WorkoutTracker')
    cd /Users/ilakazdan/WorkoutTracker
    builtin-validationUtility /Users/ilakazdan/Library/Developer/Xcode/DerivedData/WorkoutTracker-damryvjlpuarrrhkmzzrsckhybqp/Build/Products/Debug-watchsimulator/WorkoutTrackerWatch\ Watch\ App.app -shallow-bundle -infoplist-subpath Info.plist

CreateUniversalBinary /Users/ilakazdan/Library/Developer/Xcode/DerivedData/WorkoutTracker-damryvjlpuarrrhkmzzrsckhybqp/Build/Products/Debug-iphonesimulator/WorkoutTimerWidgetExtension.appex/WorkoutTimerWidgetExtension.debug.dylib normal arm64\ x86_64 (in target 'WorkoutTimerWidgetExtension' from project 'WorkoutTracker')
    cd /Users/ilakazdan/WorkoutTracker
    /Applications/Xcode.app/Contents/Developer/Toolchains/XcodeDefault.xctoolchain/usr/bin/lipo -create /Users/ilakazdan/Library/Developer/Xcode/DerivedData/WorkoutTracker-damryvjlpuarrrhkmzzrsckhybqp/Build/Intermediates.noindex/WorkoutTracker.build/Debug-iphonesimulator/WorkoutTimerWidgetExtension.build/Objects-normal/arm64/Binary/WorkoutTimerWidgetExtension.debug.dylib /Users/ilakazdan/Library/Developer/Xcode/DerivedData/WorkoutTracker-damryvjlpuarrrhkmzzrsckhybqp/Build/Intermediates.noindex/WorkoutTracker.build/Debug-iphonesimulator/WorkoutTimerWidgetExtension.build/Objects-normal/x86_64/Binary/WorkoutTimerWidgetExtension.debug.dylib -output /Users/ilakazdan/Library/Developer/Xcode/DerivedData/WorkoutTracker-damryvjlpuarrrhkmzzrsckhybqp/Build/Products/Debug-iphonesimulator/WorkoutTimerWidgetExtension.appex/WorkoutTimerWidgetExtension.debug.dylib

ConstructStubExecutorLinkFileList /Users/ilakazdan/Library/Developer/Xcode/DerivedData/WorkoutTracker-damryvjlpuarrrhkmzzrsckhybqp/Build/Intermediates.noindex/WorkoutTracker.build/Debug-iphonesimulator/WorkoutTimerWidgetExtension.build/WorkoutTimerWidgetExtension-ExecutorLinkFileList-normal-x86_64.txt (in target 'WorkoutTimerWidgetExtension' from project 'WorkoutTracker')
    cd /Users/ilakazdan/WorkoutTracker
    construct-stub-executor-link-file-list /Users/ilakazdan/Library/Developer/Xcode/DerivedData/WorkoutTracker-damryvjlpuarrrhkmzzrsckhybqp/Build/Intermediates.noindex/WorkoutTracker.build/Debug-iphonesimulator/WorkoutTimerWidgetExtension.build/Objects-normal/x86_64/Binary/WorkoutTimerWidgetExtension.debug.dylib /Applications/Xcode.app/Contents/Developer/Platforms/iPhoneSimulator.platform/Developer/usr/lib/libPreviewsJITStubExecutor_no_swift_entry_point.a /Applications/Xcode.app/Contents/Developer/Platforms/iPhoneSimulator.platform/Developer/usr/lib/libPreviewsJITStubExecutor.a --output /Users/ilakazdan/Library/Developer/Xcode/DerivedData/WorkoutTracker-damryvjlpuarrrhkmzzrsckhybqp/Build/Intermediates.noindex/WorkoutTracker.build/Debug-iphonesimulator/WorkoutTimerWidgetExtension.build/WorkoutTimerWidgetExtension-ExecutorLinkFileList-normal-x86_64.txt
note: Using stub executor library with Swift entry point. (in target 'WorkoutTimerWidgetExtension' from project 'WorkoutTracker')

Ld /Users/ilakazdan/Library/Developer/Xcode/DerivedData/WorkoutTracker-damryvjlpuarrrhkmzzrsckhybqp/Build/Intermediates.noindex/WorkoutTracker.build/Debug-iphonesimulator/WorkoutTimerWidgetExtension.build/Objects-normal/x86_64/Binary/WorkoutTimerWidgetExtension normal x86_64 (in target 'WorkoutTimerWidgetExtension' from project 'WorkoutTracker')
    cd /Users/ilakazdan/WorkoutTracker
    /Applications/Xcode.app/Contents/Developer/Toolchains/XcodeDefault.xctoolchain/usr/bin/clang -Xlinker -reproducible -target x86_64-apple-ios17.6-simulator -isysroot /Applications/Xcode.app/Contents/Developer/Platforms/iPhoneSimulator.platform/Developer/SDKs/iPhoneSimulator26.2.sdk -O0 -L/Users/ilakazdan/Library/Developer/Xcode/DerivedData/WorkoutTracker-damryvjlpuarrrhkmzzrsckhybqp/Build/Products/Debug-iphonesimulator -F/Users/ilakazdan/Library/Developer/Xcode/DerivedData/WorkoutTracker-damryvjlpuarrrhkmzzrsckhybqp/Build/Products/Debug-iphonesimulator -Xlinker -rpath -Xlinker @executable_path -Xlinker -rpath -Xlinker @executable_path/Frameworks -Xlinker -rpath -Xlinker @executable_path/../../Frameworks -rdynamic -Xlinker -no_deduplicate -Xlinker -objc_abi_version -Xlinker 2 -e ___debug_blank_executor_main -Xlinker -sectcreate -Xlinker __TEXT -Xlinker __debug_dylib -Xlinker /Users/ilakazdan/Library/Developer/Xcode/DerivedData/WorkoutTracker-damryvjlpuarrrhkmzzrsckhybqp/Build/Intermediates.noindex/WorkoutTracker.build/Debug-iphonesimulator/WorkoutTimerWidgetExtension.build/WorkoutTimerWidgetExtension-DebugDylibPath-normal-x86_64.txt -Xlinker -sectcreate -Xlinker __TEXT -Xlinker __debug_entry -Xlinker /Users/ilakazdan/Library/Developer/Xcode/DerivedData/WorkoutTracker-damryvjlpuarrrhkmzzrsckhybqp/Build/Intermediates.noindex/WorkoutTracker.build/Debug-iphonesimulator/WorkoutTimerWidgetExtension.build/WorkoutTimerWidgetExtension-DebugEntryPoint-normal-x86_64.txt -Xlinker -sectcreate -Xlinker __TEXT -Xlinker __debug_instlnm -Xlinker /Users/ilakazdan/Library/Developer/Xcode/DerivedData/WorkoutTracker-damryvjlpuarrrhkmzzrsckhybqp/Build/Intermediates.noindex/WorkoutTracker.build/Debug-iphonesimulator/WorkoutTimerWidgetExtension.build/WorkoutTimerWidgetExtension-DebugDylibInstallName-normal-x86_64.txt -Xlinker -filelist -Xlinker /Users/ilakazdan/Library/Developer/Xcode/DerivedData/WorkoutTracker-damryvjlpuarrrhkmzzrsckhybqp/Build/Intermediates.noindex/WorkoutTracker.build/Debug-iphonesimulator/WorkoutTimerWidgetExtension.build/WorkoutTimerWidgetExtension-ExecutorLinkFileList-normal-x86_64.txt -Xlinker -sectcreate -Xlinker __TEXT -Xlinker __entitlements -Xlinker /Users/ilakazdan/Library/Developer/Xcode/DerivedData/WorkoutTracker-damryvjlpuarrrhkmzzrsckhybqp/Build/Intermediates.noindex/WorkoutTracker.build/Debug-iphonesimulator/WorkoutTimerWidgetExtension.build/WorkoutTimerWidgetExtension.appex-Simulated.xcent -Xlinker -sectcreate -Xlinker __TEXT -Xlinker __ents_der -Xlinker /Users/ilakazdan/Library/Developer/Xcode/DerivedData/WorkoutTracker-damryvjlpuarrrhkmzzrsckhybqp/Build/Intermediates.noindex/WorkoutTracker.build/Debug-iphonesimulator/WorkoutTimerWidgetExtension.build/WorkoutTimerWidgetExtension.appex-Simulated.xcent.der /Users/ilakazdan/Library/Developer/Xcode/DerivedData/WorkoutTracker-damryvjlpuarrrhkmzzrsckhybqp/Build/Intermediates.noindex/WorkoutTracker.build/Debug-iphonesimulator/WorkoutTimerWidgetExtension.build/Objects-normal/x86_64/Binary/WorkoutTimerWidgetExtension.debug.dylib -Xlinker -no_adhoc_codesign -o /Users/ilakazdan/Library/Developer/Xcode/DerivedData/WorkoutTracker-damryvjlpuarrrhkmzzrsckhybqp/Build/Intermediates.noindex/WorkoutTracker.build/Debug-iphonesimulator/WorkoutTimerWidgetExtension.build/Objects-normal/x86_64/Binary/WorkoutTimerWidgetExtension

CreateUniversalBinary /Users/ilakazdan/Library/Developer/Xcode/DerivedData/WorkoutTracker-damryvjlpuarrrhkmzzrsckhybqp/Build/Products/Debug-iphonesimulator/StatsWidgetExtension.appex/StatsWidgetExtension.debug.dylib normal arm64\ x86_64 (in target 'StatsWidgetExtension' from project 'WorkoutTracker')
    cd /Users/ilakazdan/WorkoutTracker
    /Applications/Xcode.app/Contents/Developer/Toolchains/XcodeDefault.xctoolchain/usr/bin/lipo -create /Users/ilakazdan/Library/Developer/Xcode/DerivedData/WorkoutTracker-damryvjlpuarrrhkmzzrsckhybqp/Build/Intermediates.noindex/WorkoutTracker.build/Debug-iphonesimulator/StatsWidgetExtension.build/Objects-normal/arm64/Binary/StatsWidgetExtension.debug.dylib /Users/ilakazdan/Library/Developer/Xcode/DerivedData/WorkoutTracker-damryvjlpuarrrhkmzzrsckhybqp/Build/Intermediates.noindex/WorkoutTracker.build/Debug-iphonesimulator/StatsWidgetExtension.build/Objects-normal/x86_64/Binary/StatsWidgetExtension.debug.dylib -output /Users/ilakazdan/Library/Developer/Xcode/DerivedData/WorkoutTracker-damryvjlpuarrrhkmzzrsckhybqp/Build/Products/Debug-iphonesimulator/StatsWidgetExtension.appex/StatsWidgetExtension.debug.dylib

ConstructStubExecutorLinkFileList /Users/ilakazdan/Library/Developer/Xcode/DerivedData/WorkoutTracker-damryvjlpuarrrhkmzzrsckhybqp/Build/Intermediates.noindex/WorkoutTracker.build/Debug-iphonesimulator/StatsWidgetExtension.build/StatsWidgetExtension-ExecutorLinkFileList-normal-x86_64.txt (in target 'StatsWidgetExtension' from project 'WorkoutTracker')
    cd /Users/ilakazdan/WorkoutTracker
    construct-stub-executor-link-file-list /Users/ilakazdan/Library/Developer/Xcode/DerivedData/WorkoutTracker-damryvjlpuarrrhkmzzrsckhybqp/Build/Intermediates.noindex/WorkoutTracker.build/Debug-iphonesimulator/StatsWidgetExtension.build/Objects-normal/x86_64/Binary/StatsWidgetExtension.debug.dylib /Applications/Xcode.app/Contents/Developer/Platforms/iPhoneSimulator.platform/Developer/usr/lib/libPreviewsJITStubExecutor_no_swift_entry_point.a /Applications/Xcode.app/Contents/Developer/Platforms/iPhoneSimulator.platform/Developer/usr/lib/libPreviewsJITStubExecutor.a --output /Users/ilakazdan/Library/Developer/Xcode/DerivedData/WorkoutTracker-damryvjlpuarrrhkmzzrsckhybqp/Build/Intermediates.noindex/WorkoutTracker.build/Debug-iphonesimulator/StatsWidgetExtension.build/StatsWidgetExtension-ExecutorLinkFileList-normal-x86_64.txt
note: Using stub executor library with Swift entry point. (in target 'StatsWidgetExtension' from project 'WorkoutTracker')

Ld /Users/ilakazdan/Library/Developer/Xcode/DerivedData/WorkoutTracker-damryvjlpuarrrhkmzzrsckhybqp/Build/Intermediates.noindex/WorkoutTracker.build/Debug-iphonesimulator/StatsWidgetExtension.build/Objects-normal/x86_64/Binary/StatsWidgetExtension normal x86_64 (in target 'StatsWidgetExtension' from project 'WorkoutTracker')
    cd /Users/ilakazdan/WorkoutTracker
    /Applications/Xcode.app/Contents/Developer/Toolchains/XcodeDefault.xctoolchain/usr/bin/clang -Xlinker -reproducible -target x86_64-apple-ios17.6-simulator -isysroot /Applications/Xcode.app/Contents/Developer/Platforms/iPhoneSimulator.platform/Developer/SDKs/iPhoneSimulator26.2.sdk -O0 -L/Users/ilakazdan/Library/Developer/Xcode/DerivedData/WorkoutTracker-damryvjlpuarrrhkmzzrsckhybqp/Build/Products/Debug-iphonesimulator -F/Users/ilakazdan/Library/Developer/Xcode/DerivedData/WorkoutTracker-damryvjlpuarrrhkmzzrsckhybqp/Build/Products/Debug-iphonesimulator -Xlinker -rpath -Xlinker @executable_path -Xlinker -rpath -Xlinker @executable_path/Frameworks -Xlinker -rpath -Xlinker @executable_path/../../Frameworks -rdynamic -Xlinker -no_deduplicate -Xlinker -objc_abi_version -Xlinker 2 -e ___debug_blank_executor_main -Xlinker -sectcreate -Xlinker __TEXT -Xlinker __debug_dylib -Xlinker /Users/ilakazdan/Library/Developer/Xcode/DerivedData/WorkoutTracker-damryvjlpuarrrhkmzzrsckhybqp/Build/Intermediates.noindex/WorkoutTracker.build/Debug-iphonesimulator/StatsWidgetExtension.build/StatsWidgetExtension-DebugDylibPath-normal-x86_64.txt -Xlinker -sectcreate -Xlinker __TEXT -Xlinker __debug_entry -Xlinker /Users/ilakazdan/Library/Developer/Xcode/DerivedData/WorkoutTracker-damryvjlpuarrrhkmzzrsckhybqp/Build/Intermediates.noindex/WorkoutTracker.build/Debug-iphonesimulator/StatsWidgetExtension.build/StatsWidgetExtension-DebugEntryPoint-normal-x86_64.txt -Xlinker -sectcreate -Xlinker __TEXT -Xlinker __debug_instlnm -Xlinker /Users/ilakazdan/Library/Developer/Xcode/DerivedData/WorkoutTracker-damryvjlpuarrrhkmzzrsckhybqp/Build/Intermediates.noindex/WorkoutTracker.build/Debug-iphonesimulator/StatsWidgetExtension.build/StatsWidgetExtension-DebugDylibInstallName-normal-x86_64.txt -Xlinker -filelist -Xlinker /Users/ilakazdan/Library/Developer/Xcode/DerivedData/WorkoutTracker-damryvjlpuarrrhkmzzrsckhybqp/Build/Intermediates.noindex/WorkoutTracker.build/Debug-iphonesimulator/StatsWidgetExtension.build/StatsWidgetExtension-ExecutorLinkFileList-normal-x86_64.txt -Xlinker -sectcreate -Xlinker __TEXT -Xlinker __entitlements -Xlinker /Users/ilakazdan/Library/Developer/Xcode/DerivedData/WorkoutTracker-damryvjlpuarrrhkmzzrsckhybqp/Build/Intermediates.noindex/WorkoutTracker.build/Debug-iphonesimulator/StatsWidgetExtension.build/StatsWidgetExtension.appex-Simulated.xcent -Xlinker -sectcreate -Xlinker __TEXT -Xlinker __ents_der -Xlinker /Users/ilakazdan/Library/Developer/Xcode/DerivedData/WorkoutTracker-damryvjlpuarrrhkmzzrsckhybqp/Build/Intermediates.noindex/WorkoutTracker.build/Debug-iphonesimulator/StatsWidgetExtension.build/StatsWidgetExtension.appex-Simulated.xcent.der /Users/ilakazdan/Library/Developer/Xcode/DerivedData/WorkoutTracker-damryvjlpuarrrhkmzzrsckhybqp/Build/Intermediates.noindex/WorkoutTracker.build/Debug-iphonesimulator/StatsWidgetExtension.build/Objects-normal/x86_64/Binary/StatsWidgetExtension.debug.dylib -Xlinker -no_adhoc_codesign -o /Users/ilakazdan/Library/Developer/Xcode/DerivedData/WorkoutTracker-damryvjlpuarrrhkmzzrsckhybqp/Build/Intermediates.noindex/WorkoutTracker.build/Debug-iphonesimulator/StatsWidgetExtension.build/Objects-normal/x86_64/Binary/StatsWidgetExtension

CreateUniversalBinary /Users/ilakazdan/Library/Developer/Xcode/DerivedData/WorkoutTracker-damryvjlpuarrrhkmzzrsckhybqp/Build/Products/Debug-iphonesimulator/WorkoutTimerWidgetExtension.appex/WorkoutTimerWidgetExtension normal arm64\ x86_64 (in target 'WorkoutTimerWidgetExtension' from project 'WorkoutTracker')
    cd /Users/ilakazdan/WorkoutTracker
    /Applications/Xcode.app/Contents/Developer/Toolchains/XcodeDefault.xctoolchain/usr/bin/lipo -create /Users/ilakazdan/Library/Developer/Xcode/DerivedData/WorkoutTracker-damryvjlpuarrrhkmzzrsckhybqp/Build/Intermediates.noindex/WorkoutTracker.build/Debug-iphonesimulator/WorkoutTimerWidgetExtension.build/Objects-normal/arm64/Binary/WorkoutTimerWidgetExtension /Users/ilakazdan/Library/Developer/Xcode/DerivedData/WorkoutTracker-damryvjlpuarrrhkmzzrsckhybqp/Build/Intermediates.noindex/WorkoutTracker.build/Debug-iphonesimulator/WorkoutTimerWidgetExtension.build/Objects-normal/x86_64/Binary/WorkoutTimerWidgetExtension -output /Users/ilakazdan/Library/Developer/Xcode/DerivedData/WorkoutTracker-damryvjlpuarrrhkmzzrsckhybqp/Build/Products/Debug-iphonesimulator/WorkoutTimerWidgetExtension.appex/WorkoutTimerWidgetExtension

CreateUniversalBinary /Users/ilakazdan/Library/Developer/Xcode/DerivedData/WorkoutTracker-damryvjlpuarrrhkmzzrsckhybqp/Build/Products/Debug-iphonesimulator/StatsWidgetExtension.appex/StatsWidgetExtension normal arm64\ x86_64 (in target 'StatsWidgetExtension' from project 'WorkoutTracker')
    cd /Users/ilakazdan/WorkoutTracker
    /Applications/Xcode.app/Contents/Developer/Toolchains/XcodeDefault.xctoolchain/usr/bin/lipo -create /Users/ilakazdan/Library/Developer/Xcode/DerivedData/WorkoutTracker-damryvjlpuarrrhkmzzrsckhybqp/Build/Intermediates.noindex/WorkoutTracker.build/Debug-iphonesimulator/StatsWidgetExtension.build/Objects-normal/arm64/Binary/StatsWidgetExtension /Users/ilakazdan/Library/Developer/Xcode/DerivedData/WorkoutTracker-damryvjlpuarrrhkmzzrsckhybqp/Build/Intermediates.noindex/WorkoutTracker.build/Debug-iphonesimulator/StatsWidgetExtension.build/Objects-normal/x86_64/Binary/StatsWidgetExtension -output /Users/ilakazdan/Library/Developer/Xcode/DerivedData/WorkoutTracker-damryvjlpuarrrhkmzzrsckhybqp/Build/Products/Debug-iphonesimulator/StatsWidgetExtension.appex/StatsWidgetExtension

ExtractAppIntentsMetadata (in target 'WorkoutTimerWidgetExtension' from project 'WorkoutTracker')
    cd /Users/ilakazdan/WorkoutTracker
    /Applications/Xcode.app/Contents/Developer/Toolchains/XcodeDefault.xctoolchain/usr/bin/appintentsmetadataprocessor --toolchain-dir /Applications/Xcode.app/Contents/Developer/Toolchains/XcodeDefault.xctoolchain --module-name WorkoutTimerWidgetExtension --sdk-root /Applications/Xcode.app/Contents/Developer/Platforms/iPhoneSimulator.platform/Developer/SDKs/iPhoneSimulator26.2.sdk --xcode-version 17C529 --platform-family iOS --deployment-target 17.6 --bundle-identifier com.borisdev.WorkoutTracker.WorkoutTimerWidget --output /Users/ilakazdan/Library/Developer/Xcode/DerivedData/WorkoutTracker-damryvjlpuarrrhkmzzrsckhybqp/Build/Products/Debug-iphonesimulator/WorkoutTimerWidgetExtension.appex --target-triple arm64-apple-ios17.6-simulator --target-triple x86_64-apple-ios17.6-simulator --binary-file /Users/ilakazdan/Library/Developer/Xcode/DerivedData/WorkoutTracker-damryvjlpuarrrhkmzzrsckhybqp/Build/Products/Debug-iphonesimulator/WorkoutTimerWidgetExtension.appex/WorkoutTimerWidgetExtension --dependency-file /Users/ilakazdan/Library/Developer/Xcode/DerivedData/WorkoutTracker-damryvjlpuarrrhkmzzrsckhybqp/Build/Intermediates.noindex/WorkoutTracker.build/Debug-iphonesimulator/WorkoutTimerWidgetExtension.build/Objects-normal/arm64/WorkoutTimerWidgetExtension_dependency_info.dat --dependency-file /Users/ilakazdan/Library/Developer/Xcode/DerivedData/WorkoutTracker-damryvjlpuarrrhkmzzrsckhybqp/Build/Intermediates.noindex/WorkoutTracker.build/Debug-iphonesimulator/WorkoutTimerWidgetExtension.build/Objects-normal/x86_64/WorkoutTimerWidgetExtension_dependency_info.dat --stringsdata-file /Users/ilakazdan/Library/Developer/Xcode/DerivedData/WorkoutTracker-damryvjlpuarrrhkmzzrsckhybqp/Build/Intermediates.noindex/WorkoutTracker.build/Debug-iphonesimulator/WorkoutTimerWidgetExtension.build/Objects-normal/arm64/ExtractedAppShortcutsMetadata.stringsdata --stringsdata-file /Users/ilakazdan/Library/Developer/Xcode/DerivedData/WorkoutTracker-damryvjlpuarrrhkmzzrsckhybqp/Build/Intermediates.noindex/WorkoutTracker.build/Debug-iphonesimulator/WorkoutTimerWidgetExtension.build/Objects-normal/x86_64/ExtractedAppShortcutsMetadata.stringsdata --source-file-list /Users/ilakazdan/Library/Developer/Xcode/DerivedData/WorkoutTracker-damryvjlpuarrrhkmzzrsckhybqp/Build/Intermediates.noindex/WorkoutTracker.build/Debug-iphonesimulator/WorkoutTimerWidgetExtension.build/Objects-normal/arm64/WorkoutTimerWidgetExtension.SwiftFileList --source-file-list /Users/ilakazdan/Library/Developer/Xcode/DerivedData/WorkoutTracker-damryvjlpuarrrhkmzzrsckhybqp/Build/Intermediates.noindex/WorkoutTracker.build/Debug-iphonesimulator/WorkoutTimerWidgetExtension.build/Objects-normal/x86_64/WorkoutTimerWidgetExtension.SwiftFileList --metadata-file-list /Users/ilakazdan/Library/Developer/Xcode/DerivedData/WorkoutTracker-damryvjlpuarrrhkmzzrsckhybqp/Build/Intermediates.noindex/WorkoutTracker.build/Debug-iphonesimulator/WorkoutTimerWidgetExtension.build/WorkoutTimerWidgetExtension.DependencyMetadataFileList --static-metadata-file-list /Users/ilakazdan/Library/Developer/Xcode/DerivedData/WorkoutTracker-damryvjlpuarrrhkmzzrsckhybqp/Build/Intermediates.noindex/WorkoutTracker.build/Debug-iphonesimulator/WorkoutTimerWidgetExtension.build/WorkoutTimerWidgetExtension.DependencyStaticMetadataFileList --swift-const-vals-list /Users/ilakazdan/Library/Developer/Xcode/DerivedData/WorkoutTracker-damryvjlpuarrrhkmzzrsckhybqp/Build/Intermediates.noindex/WorkoutTracker.build/Debug-iphonesimulator/WorkoutTimerWidgetExtension.build/Objects-normal/arm64/WorkoutTimerWidgetExtension.SwiftConstValuesFileList --swift-const-vals-list /Users/ilakazdan/Library/Developer/Xcode/DerivedData/WorkoutTracker-damryvjlpuarrrhkmzzrsckhybqp/Build/Intermediates.noindex/WorkoutTracker.build/Debug-iphonesimulator/WorkoutTimerWidgetExtension.build/Objects-normal/x86_64/WorkoutTimerWidgetExtension.SwiftConstValuesFileList --compile-time-extraction --deployment-aware-processing --validate-assistant-intents --no-app-shortcuts-localization
2026-06-13 01:46:51.538 appintentsmetadataprocessor[59961:666864] Starting appintentsmetadataprocessor export
2026-06-13 01:46:51.617 appintentsmetadataprocessor[59961:666864] Writing Metadata.appintents
2026-06-13 01:46:51.617 appintentsmetadataprocessor[59961:666864] Metadata root: /Users/ilakazdan/Library/Developer/Xcode/DerivedData/WorkoutTracker-damryvjlpuarrrhkmzzrsckhybqp/Build/Products/Debug-iphonesimulator/WorkoutTimerWidgetExtension.appex/Metadata.appintents

ExtractAppIntentsMetadata (in target 'StatsWidgetExtension' from project 'WorkoutTracker')
    cd /Users/ilakazdan/WorkoutTracker
    /Applications/Xcode.app/Contents/Developer/Toolchains/XcodeDefault.xctoolchain/usr/bin/appintentsmetadataprocessor --toolchain-dir /Applications/Xcode.app/Contents/Developer/Toolchains/XcodeDefault.xctoolchain --module-name StatsWidgetExtension --sdk-root /Applications/Xcode.app/Contents/Developer/Platforms/iPhoneSimulator.platform/Developer/SDKs/iPhoneSimulator26.2.sdk --xcode-version 17C529 --platform-family iOS --deployment-target 17.6 --bundle-identifier com.borisdev.WorkoutTracker.statswidget2026 --output /Users/ilakazdan/Library/Developer/Xcode/DerivedData/WorkoutTracker-damryvjlpuarrrhkmzzrsckhybqp/Build/Products/Debug-iphonesimulator/StatsWidgetExtension.appex --target-triple arm64-apple-ios17.6-simulator --target-triple x86_64-apple-ios17.6-simulator --binary-file /Users/ilakazdan/Library/Developer/Xcode/DerivedData/WorkoutTracker-damryvjlpuarrrhkmzzrsckhybqp/Build/Products/Debug-iphonesimulator/StatsWidgetExtension.appex/StatsWidgetExtension --dependency-file /Users/ilakazdan/Library/Developer/Xcode/DerivedData/WorkoutTracker-damryvjlpuarrrhkmzzrsckhybqp/Build/Intermediates.noindex/WorkoutTracker.build/Debug-iphonesimulator/StatsWidgetExtension.build/Objects-normal/arm64/StatsWidgetExtension_dependency_info.dat --dependency-file /Users/ilakazdan/Library/Developer/Xcode/DerivedData/WorkoutTracker-damryvjlpuarrrhkmzzrsckhybqp/Build/Intermediates.noindex/WorkoutTracker.build/Debug-iphonesimulator/StatsWidgetExtension.build/Objects-normal/x86_64/StatsWidgetExtension_dependency_info.dat --stringsdata-file /Users/ilakazdan/Library/Developer/Xcode/DerivedData/WorkoutTracker-damryvjlpuarrrhkmzzrsckhybqp/Build/Intermediates.noindex/WorkoutTracker.build/Debug-iphonesimulator/StatsWidgetExtension.build/Objects-normal/arm64/ExtractedAppShortcutsMetadata.stringsdata --stringsdata-file /Users/ilakazdan/Library/Developer/Xcode/DerivedData/WorkoutTracker-damryvjlpuarrrhkmzzrsckhybqp/Build/Intermediates.noindex/WorkoutTracker.build/Debug-iphonesimulator/StatsWidgetExtension.build/Objects-normal/x86_64/ExtractedAppShortcutsMetadata.stringsdata --source-file-list /Users/ilakazdan/Library/Developer/Xcode/DerivedData/WorkoutTracker-damryvjlpuarrrhkmzzrsckhybqp/Build/Intermediates.noindex/WorkoutTracker.build/Debug-iphonesimulator/StatsWidgetExtension.build/Objects-normal/arm64/StatsWidgetExtension.SwiftFileList --source-file-list /Users/ilakazdan/Library/Developer/Xcode/DerivedData/WorkoutTracker-damryvjlpuarrrhkmzzrsckhybqp/Build/Intermediates.noindex/WorkoutTracker.build/Debug-iphonesimulator/StatsWidgetExtension.build/Objects-normal/x86_64/StatsWidgetExtension.SwiftFileList --metadata-file-list /Users/ilakazdan/Library/Developer/Xcode/DerivedData/WorkoutTracker-damryvjlpuarrrhkmzzrsckhybqp/Build/Intermediates.noindex/WorkoutTracker.build/Debug-iphonesimulator/StatsWidgetExtension.build/StatsWidgetExtension.DependencyMetadataFileList --static-metadata-file-list /Users/ilakazdan/Library/Developer/Xcode/DerivedData/WorkoutTracker-damryvjlpuarrrhkmzzrsckhybqp/Build/Intermediates.noindex/WorkoutTracker.build/Debug-iphonesimulator/StatsWidgetExtension.build/StatsWidgetExtension.DependencyStaticMetadataFileList --swift-const-vals-list /Users/ilakazdan/Library/Developer/Xcode/DerivedData/WorkoutTracker-damryvjlpuarrrhkmzzrsckhybqp/Build/Intermediates.noindex/WorkoutTracker.build/Debug-iphonesimulator/StatsWidgetExtension.build/Objects-normal/arm64/StatsWidgetExtension.SwiftConstValuesFileList --swift-const-vals-list /Users/ilakazdan/Library/Developer/Xcode/DerivedData/WorkoutTracker-damryvjlpuarrrhkmzzrsckhybqp/Build/Intermediates.noindex/WorkoutTracker.build/Debug-iphonesimulator/StatsWidgetExtension.build/Objects-normal/x86_64/StatsWidgetExtension.SwiftConstValuesFileList --compile-time-extraction --deployment-aware-processing --validate-assistant-intents --no-app-shortcuts-localization
2026-06-13 01:46:51.538 appintentsmetadataprocessor[59962:666865] Starting appintentsmetadataprocessor export
2026-06-13 01:46:51.617 appintentsmetadataprocessor[59962:666865] Writing Metadata.appintents
2026-06-13 01:46:51.617 appintentsmetadataprocessor[59962:666865] Metadata root: /Users/ilakazdan/Library/Developer/Xcode/DerivedData/WorkoutTracker-damryvjlpuarrrhkmzzrsckhybqp/Build/Products/Debug-iphonesimulator/StatsWidgetExtension.appex/Metadata.appintents

CodeSign /Users/ilakazdan/Library/Developer/Xcode/DerivedData/WorkoutTracker-damryvjlpuarrrhkmzzrsckhybqp/Build/Products/Debug-iphonesimulator/WorkoutTimerWidgetExtension.appex/WorkoutTimerWidgetExtension.debug.dylib (in target 'WorkoutTimerWidgetExtension' from project 'WorkoutTracker')
    cd /Users/ilakazdan/WorkoutTracker
    
    Signing Identity:     "Sign to Run Locally"
    
    /usr/bin/codesign --force --sign - --timestamp\=none --generate-entitlement-der /Users/ilakazdan/Library/Developer/Xcode/DerivedData/WorkoutTracker-damryvjlpuarrrhkmzzrsckhybqp/Build/Products/Debug-iphonesimulator/WorkoutTimerWidgetExtension.appex/WorkoutTimerWidgetExtension.debug.dylib

CodeSign /Users/ilakazdan/Library/Developer/Xcode/DerivedData/WorkoutTracker-damryvjlpuarrrhkmzzrsckhybqp/Build/Products/Debug-iphonesimulator/StatsWidgetExtension.appex/StatsWidgetExtension.debug.dylib (in target 'StatsWidgetExtension' from project 'WorkoutTracker')
    cd /Users/ilakazdan/WorkoutTracker
    
    Signing Identity:     "Sign to Run Locally"
    
    /usr/bin/codesign --force --sign - --timestamp\=none --generate-entitlement-der /Users/ilakazdan/Library/Developer/Xcode/DerivedData/WorkoutTracker-damryvjlpuarrrhkmzzrsckhybqp/Build/Products/Debug-iphonesimulator/StatsWidgetExtension.appex/StatsWidgetExtension.debug.dylib

CodeSign /Users/ilakazdan/Library/Developer/Xcode/DerivedData/WorkoutTracker-damryvjlpuarrrhkmzzrsckhybqp/Build/Products/Debug-iphonesimulator/WorkoutTimerWidgetExtension.appex (in target 'WorkoutTimerWidgetExtension' from project 'WorkoutTracker')
    cd /Users/ilakazdan/WorkoutTracker
    
    Signing Identity:     "Sign to Run Locally"
    
    /usr/bin/codesign --force --sign - --timestamp\=none --generate-entitlement-der /Users/ilakazdan/Library/Developer/Xcode/DerivedData/WorkoutTracker-damryvjlpuarrrhkmzzrsckhybqp/Build/Products/Debug-iphonesimulator/WorkoutTimerWidgetExtension.appex

CodeSign /Users/ilakazdan/Library/Developer/Xcode/DerivedData/WorkoutTracker-damryvjlpuarrrhkmzzrsckhybqp/Build/Products/Debug-iphonesimulator/StatsWidgetExtension.appex (in target 'StatsWidgetExtension' from project 'WorkoutTracker')
    cd /Users/ilakazdan/WorkoutTracker
    
    Signing Identity:     "Sign to Run Locally"
    
    /usr/bin/codesign --force --sign - --entitlements /Users/ilakazdan/Library/Developer/Xcode/DerivedData/WorkoutTracker-damryvjlpuarrrhkmzzrsckhybqp/Build/Intermediates.noindex/WorkoutTracker.build/Debug-iphonesimulator/StatsWidgetExtension.build/StatsWidgetExtension.appex.xcent --timestamp\=none --generate-entitlement-der /Users/ilakazdan/Library/Developer/Xcode/DerivedData/WorkoutTracker-damryvjlpuarrrhkmzzrsckhybqp/Build/Products/Debug-iphonesimulator/StatsWidgetExtension.appex

ProcessInfoPlistFile /Users/ilakazdan/Library/Developer/Xcode/DerivedData/WorkoutTracker-damryvjlpuarrrhkmzzrsckhybqp/Build/Products/Debug-iphonesimulator/WorkoutTracker.app/Info.plist /Users/ilakazdan/WorkoutTracker/WorkoutTracker/Info.plist (in target 'WorkoutTracker' from project 'WorkoutTracker')
    cd /Users/ilakazdan/WorkoutTracker
    builtin-infoPlistUtility /Users/ilakazdan/WorkoutTracker/WorkoutTracker/Info.plist -producttype com.apple.product-type.application -genpkginfo /Users/ilakazdan/Library/Developer/Xcode/DerivedData/WorkoutTracker-damryvjlpuarrrhkmzzrsckhybqp/Build/Products/Debug-iphonesimulator/WorkoutTracker.app/PkgInfo -expandbuildsettings -format binary -platform iphonesimulator -additionalcontentfile /Users/ilakazdan/Library/Developer/Xcode/DerivedData/WorkoutTracker-damryvjlpuarrrhkmzzrsckhybqp/Build/Intermediates.noindex/WorkoutTracker.build/Debug-iphonesimulator/WorkoutTracker.build/WorkoutClassifier-CoreMLPartialInfo.plist -additionalcontentfile /Users/ilakazdan/Library/Developer/Xcode/DerivedData/WorkoutTracker-damryvjlpuarrrhkmzzrsckhybqp/Build/Intermediates.noindex/WorkoutTracker.build/Debug-iphonesimulator/WorkoutTracker.build/assetcatalog_generated_info.plist -scanforprivacyfile /Users/ilakazdan/Library/Developer/Xcode/DerivedData/WorkoutTracker-damryvjlpuarrrhkmzzrsckhybqp/Build/Products/Debug-iphonesimulator/WorkoutTracker.app/AppAuth_AppAuth.bundle -scanforprivacyfile /Users/ilakazdan/Library/Developer/Xcode/DerivedData/WorkoutTracker-damryvjlpuarrrhkmzzrsckhybqp/Build/Products/Debug-iphonesimulator/WorkoutTracker.app/AppAuth_AppAuthCore.bundle -scanforprivacyfile /Users/ilakazdan/Library/Developer/Xcode/DerivedData/WorkoutTracker-damryvjlpuarrrhkmzzrsckhybqp/Build/Products/Debug-iphonesimulator/WorkoutTracker.app/Firebase_FirebaseABTesting.bundle -scanforprivacyfile /Users/ilakazdan/Library/Developer/Xcode/DerivedData/WorkoutTracker-damryvjlpuarrrhkmzzrsckhybqp/Build/Products/Debug-iphonesimulator/WorkoutTracker.app/Firebase_FirebaseAuth.bundle -scanforprivacyfile /Users/ilakazdan/Library/Developer/Xcode/DerivedData/WorkoutTracker-damryvjlpuarrrhkmzzrsckhybqp/Build/Products/Debug-iphonesimulator/WorkoutTracker.app/Firebase_FirebaseCore.bundle -scanforprivacyfile /Users/ilakazdan/Library/Developer/Xcode/DerivedData/WorkoutTracker-damryvjlpuarrrhkmzzrsckhybqp/Build/Products/Debug-iphonesimulator/WorkoutTracker.app/Firebase_FirebaseCoreExtension.bundle -scanforprivacyfile /Users/ilakazdan/Library/Developer/Xcode/DerivedData/WorkoutTracker-damryvjlpuarrrhkmzzrsckhybqp/Build/Products/Debug-iphonesimulator/WorkoutTracker.app/Firebase_FirebaseCoreInternal.bundle -scanforprivacyfile /Users/ilakazdan/Library/Developer/Xcode/DerivedData/WorkoutTracker-damryvjlpuarrrhkmzzrsckhybqp/Build/Products/Debug-iphonesimulator/WorkoutTracker.app/Firebase_FirebaseCrashlytics.bundle -scanforprivacyfile /Users/ilakazdan/Library/Developer/Xcode/DerivedData/WorkoutTracker-damryvjlpuarrrhkmzzrsckhybqp/Build/Products/Debug-iphonesimulator/WorkoutTracker.app/Firebase_FirebaseCrashlyticsSwift.bundle -scanforprivacyfile /Users/ilakazdan/Library/Developer/Xcode/DerivedData/WorkoutTracker-damryvjlpuarrrhkmzzrsckhybqp/Build/Products/Debug-iphonesimulator/WorkoutTracker.app/Firebase_FirebaseFirestore.bundle -scanforprivacyfile /Users/ilakazdan/Library/Developer/Xcode/DerivedData/WorkoutTracker-damryvjlpuarrrhkmzzrsckhybqp/Build/Products/Debug-iphonesimulator/WorkoutTracker.app/Firebase_FirebaseInstallations.bundle -scanforprivacyfile /Users/ilakazdan/Library/Developer/Xcode/DerivedData/WorkoutTracker-damryvjlpuarrrhkmzzrsckhybqp/Build/Products/Debug-iphonesimulator/WorkoutTracker.app/Firebase_FirebaseRemoteConfig.bundle -scanforprivacyfile /Users/ilakazdan/Library/Developer/Xcode/DerivedData/WorkoutTracker-damryvjlpuarrrhkmzzrsckhybqp/Build/Products/Debug-iphonesimulator/WorkoutTracker.app/Frameworks/FirebaseAnalytics.framework -scanforprivacyfile /Users/ilakazdan/Library/Developer/Xcode/DerivedData/WorkoutTracker-damryvjlpuarrrhkmzzrsckhybqp/Build/Products/Debug-iphonesimulator/WorkoutTracker.app/Frameworks/FirebaseFirestoreInternal.framework -scanforprivacyfile /Users/ilakazdan/Library/Developer/Xcode/DerivedData/WorkoutTracker-damryvjlpuarrrhkmzzrsckhybqp/Build/Products/Debug-iphonesimulator/WorkoutTracker.app/Frameworks/GoogleAdsOnDeviceConversion.framework -scanforprivacyfile /Users/ilakazdan/Library/Developer/Xcode/DerivedData/WorkoutTracker-damryvjlpuarrrhkmzzrsckhybqp/Build/Products/Debug-iphonesimulator/WorkoutTracker.app/Frameworks/GoogleAppMeasurement.framework -scanforprivacyfile /Users/ilakazdan/Library/Developer/Xcode/DerivedData/WorkoutTracker-damryvjlpuarrrhkmzzrsckhybqp/Build/Products/Debug-iphonesimulator/WorkoutTracker.app/Frameworks/GoogleAppMeasurementIdentitySupport.framework -scanforprivacyfile /Users/ilakazdan/Library/Developer/Xcode/DerivedData/WorkoutTracker-damryvjlpuarrrhkmzzrsckhybqp/Build/Products/Debug-iphonesimulator/WorkoutTracker.app/Frameworks/absl.framework -scanforprivacyfile /Users/ilakazdan/Library/Developer/Xcode/DerivedData/WorkoutTracker-damryvjlpuarrrhkmzzrsckhybqp/Build/Products/Debug-iphonesimulator/WorkoutTracker.app/Frameworks/grpc.framework -scanforprivacyfile /Users/ilakazdan/Library/Developer/Xcode/DerivedData/WorkoutTracker-damryvjlpuarrrhkmzzrsckhybqp/Build/Products/Debug-iphonesimulator/WorkoutTracker.app/Frameworks/grpcpp.framework -scanforprivacyfile /Users/ilakazdan/Library/Developer/Xcode/DerivedData/WorkoutTracker-damryvjlpuarrrhkmzzrsckhybqp/Build/Products/Debug-iphonesimulator/WorkoutTracker.app/Frameworks/openssl_grpc.framework -scanforprivacyfile /Users/ilakazdan/Library/Developer/Xcode/DerivedData/WorkoutTracker-damryvjlpuarrrhkmzzrsckhybqp/Build/Products/Debug-iphonesimulator/WorkoutTracker.app/GTMAppAuth_GTMAppAuth.bundle -scanforprivacyfile /Users/ilakazdan/Library/Developer/Xcode/DerivedData/WorkoutTracker-damryvjlpuarrrhkmzzrsckhybqp/Build/Products/Debug-iphonesimulator/WorkoutTracker.app/GTMSessionFetcher_GTMSessionFetcherCore.bundle -scanforprivacyfile /Users/ilakazdan/Library/Developer/Xcode/DerivedData/WorkoutTracker-damryvjlpuarrrhkmzzrsckhybqp/Build/Products/Debug-iphonesimulator/WorkoutTracker.app/GoogleDataTransport_GoogleDataTransport.bundle -scanforprivacyfile /Users/ilakazdan/Library/Developer/Xcode/DerivedData/WorkoutTracker-damryvjlpuarrrhkmzzrsckhybqp/Build/Products/Debug-iphonesimulator/WorkoutTracker.app/GoogleSignIn_GoogleSignIn.bundle -scanforprivacyfile /Users/ilakazdan/Library/Developer/Xcode/DerivedData/WorkoutTracker-damryvjlpuarrrhkmzzrsckhybqp/Build/Products/Debug-iphonesimulator/WorkoutTracker.app/GoogleUtilities_GoogleUtilities-AppDelegateSwizzler.bundle -scanforprivacyfile /Users/ilakazdan/Library/Developer/Xcode/DerivedData/WorkoutTracker-damryvjlpuarrrhkmzzrsckhybqp/Build/Products/Debug-iphonesimulator/WorkoutTracker.app/GoogleUtilities_GoogleUtilities-Environment.bundle -scanforprivacyfile /Users/ilakazdan/Library/Developer/Xcode/DerivedData/WorkoutTracker-damryvjlpuarrrhkmzzrsckhybqp/Build/Products/Debug-iphonesimulator/WorkoutTracker.app/GoogleUtilities_GoogleUtilities-Logger.bundle -scanforprivacyfile /Users/ilakazdan/Library/Developer/Xcode/DerivedData/WorkoutTracker-damryvjlpuarrrhkmzzrsckhybqp/Build/Products/Debug-iphonesimulator/WorkoutTracker.app/GoogleUtilities_GoogleUtilities-MethodSwizzler.bundle -scanforprivacyfile /Users/ilakazdan/Library/Developer/Xcode/DerivedData/WorkoutTracker-damryvjlpuarrrhkmzzrsckhybqp/Build/Products/Debug-iphonesimulator/WorkoutTracker.app/GoogleUtilities_GoogleUtilities-NSData.bundle -scanforprivacyfile /Users/ilakazdan/Library/Developer/Xcode/DerivedData/WorkoutTracker-damryvjlpuarrrhkmzzrsckhybqp/Build/Products/Debug-iphonesimulator/WorkoutTracker.app/GoogleUtilities_GoogleUtilities-Network.bundle -scanforprivacyfile /Users/ilakazdan/Library/Developer/Xcode/DerivedData/WorkoutTracker-damryvjlpuarrrhkmzzrsckhybqp/Build/Products/Debug-iphonesimulator/WorkoutTracker.app/GoogleUtilities_GoogleUtilities-Reachability.bundle -scanforprivacyfile /Users/ilakazdan/Library/Developer/Xcode/DerivedData/WorkoutTracker-damryvjlpuarrrhkmzzrsckhybqp/Build/Products/Debug-iphonesimulator/WorkoutTracker.app/GoogleUtilities_GoogleUtilities-UserDefaults.bundle -scanforprivacyfile /Users/ilakazdan/Library/Developer/Xcode/DerivedData/WorkoutTracker-damryvjlpuarrrhkmzzrsckhybqp/Build/Products/Debug-iphonesimulator/WorkoutTracker.app/Promises_FBLPromises.bundle -scanforprivacyfile /Users/ilakazdan/Library/Developer/Xcode/DerivedData/WorkoutTracker-damryvjlpuarrrhkmzzrsckhybqp/Build/Products/Debug-iphonesimulator/WorkoutTracker.app/Promises_Promises.bundle -scanforprivacyfile /Users/ilakazdan/Library/Developer/Xcode/DerivedData/WorkoutTracker-damryvjlpuarrrhkmzzrsckhybqp/Build/Products/Debug-iphonesimulator/WorkoutTracker.app/abseil_abslWrapper.bundle -scanforprivacyfile /Users/ilakazdan/Library/Developer/Xcode/DerivedData/WorkoutTracker-damryvjlpuarrrhkmzzrsckhybqp/Build/Products/Debug-iphonesimulator/WorkoutTracker.app/gRPC_grpcWrapper.bundle -scanforprivacyfile /Users/ilakazdan/Library/Developer/Xcode/DerivedData/WorkoutTracker-damryvjlpuarrrhkmzzrsckhybqp/Build/Products/Debug-iphonesimulator/WorkoutTracker.app/gRPC_grpcppWrapper.bundle -scanforprivacyfile /Users/ilakazdan/Library/Developer/Xcode/DerivedData/WorkoutTracker-damryvjlpuarrrhkmzzrsckhybqp/Build/Products/Debug-iphonesimulator/WorkoutTracker.app/gRPC_opensslWrapper.bundle -scanforprivacyfile /Users/ilakazdan/Library/Developer/Xcode/DerivedData/WorkoutTracker-damryvjlpuarrrhkmzzrsckhybqp/Build/Products/Debug-iphonesimulator/WorkoutTracker.app/leveldb_leveldb.bundle -scanforprivacyfile /Users/ilakazdan/Library/Developer/Xcode/DerivedData/WorkoutTracker-damryvjlpuarrrhkmzzrsckhybqp/Build/Products/Debug-iphonesimulator/WorkoutTracker.app/nanopb_nanopb.bundle -o /Users/ilakazdan/Library/Developer/Xcode/DerivedData/WorkoutTracker-damryvjlpuarrrhkmzzrsckhybqp/Build/Products/Debug-iphonesimulator/WorkoutTracker.app/Info.plist

SwiftEmitModule normal arm64 Emitting\ module\ for\ WorkoutTracker (in target 'WorkoutTracker' from project 'WorkoutTracker')

EmitSwiftModule normal arm64 (in target 'WorkoutTracker' from project 'WorkoutTracker')
    cd /Users/ilakazdan/WorkoutTracker
    

SwiftCompile normal x86_64 Compiling\ ProgressView.swift /Users/ilakazdan/WorkoutTracker/WorkoutTracker/Features/Stats/ProgressView.swift (in target 'WorkoutTracker' from project 'WorkoutTracker')
SwiftCompile normal x86_64 /Users/ilakazdan/WorkoutTracker/WorkoutTracker/Features/Stats/ProgressView.swift (in target 'WorkoutTracker' from project 'WorkoutTracker')
    cd /Users/ilakazdan/WorkoutTracker
    

SwiftEmitModule normal x86_64 Emitting\ module\ for\ WorkoutTracker (in target 'WorkoutTracker' from project 'WorkoutTracker')
EmitSwiftModule normal x86_64 (in target 'WorkoutTracker' from project 'WorkoutTracker')
    cd /Users/ilakazdan/WorkoutTracker
    

SwiftCompile normal arm64 Compiling\ ProgressDetailSheets.swift /Users/ilakazdan/WorkoutTracker/WorkoutTracker/Features/Stats/Components/ProgressDetailSheets.swift (in target 'WorkoutTracker' from project 'WorkoutTracker')
Failed frontend command:
/Applications/Xcode.app/Contents/Developer/Toolchains/XcodeDefault.xctoolchain/usr/bin/swift-frontend -frontend -c -filelist /Users/ilakazdan/Library/Developer/Xcode/DerivedData/WorkoutTracker-damryvjlpuarrrhkmzzrsckhybqp/Build/Intermediates.noindex/WorkoutTracker.build/Debug-iphonesimulator/WorkoutTracker.build/Objects-normal/arm64/sources-1 -primary-file /Users/ilakazdan/WorkoutTracker/WorkoutTracker/Features/Stats/Components/ProgressDetailSheets.swift -emit-dependencies-path /Users/ilakazdan/Library/Developer/Xcode/DerivedData/WorkoutTracker-damryvjlpuarrrhkmzzrsckhybqp/Build/Intermediates.noindex/WorkoutTracker.build/Debug-iphonesimulator/WorkoutTracker.build/Objects-normal/arm64/ProgressDetailSheets.d -emit-const-values-path /Users/ilakazdan/Library/Developer/Xcode/DerivedData/WorkoutTracker-damryvjlpuarrrhkmzzrsckhybqp/Build/Intermediates.noindex/WorkoutTracker.build/Debug-iphonesimulator/WorkoutTracker.build/Objects-normal/arm64/ProgressDetailSheets.swiftconstvalues -emit-reference-dependencies-path /Users/ilakazdan/Library/Developer/Xcode/DerivedData/WorkoutTracker-damryvjlpuarrrhkmzzrsckhybqp/Build/Intermediates.noindex/WorkoutTracker.build/Debug-iphonesimulator/WorkoutTracker.build/Objects-normal/arm64/ProgressDetailSheets.swiftdeps -serialize-diagnostics-path /Users/ilakazdan/Library/Developer/Xcode/DerivedData/WorkoutTracker-damryvjlpuarrrhkmzzrsckhybqp/Build/Intermediates.noindex/WorkoutTracker.build/Debug-iphonesimulator/WorkoutTracker.build/Objects-normal/arm64/ProgressDetailSheets.dia -emit-localized-strings -emit-localized-strings-path /Users/ilakazdan/Library/Developer/Xcode/DerivedData/WorkoutTracker-damryvjlpuarrrhkmzzrsckhybqp/Build/Intermediates.noindex/WorkoutTracker.build/Debug-iphonesimulator/WorkoutTracker.build/Objects-normal/arm64 -target arm64-apple-ios17.6-simulator -module-can-import-version DeveloperToolsSupport 23.0.4 23.0.4 -module-can-import-version SwiftUI 7.2.5.1 7.2.5 -module-can-import-version UIKit 9126.2.4.1 9126.2.4 -disable-cross-import-overlay-search -swift-module-cross-import AppIntents /Applications/Xcode.app/Contents/Developer/Platforms/iPhoneSimulator.platform/Developer/SDKs/iPhoneSimulator.sdk/System/Library/Frameworks/AppIntents.framework/Modules/AppIntents.swiftcrossimport/SwiftUI.swiftoverlay -swift-module-cross-import AppIntents /Applications/Xcode.app/Contents/Developer/Platforms/iPhoneSimulator.platform/Developer/SDKs/iPhoneSimulator.sdk/System/Library/Frameworks/AppIntents.framework/Modules/AppIntents.swiftcrossimport/UIKit.swiftoverlay -swift-module-cross-import AppIntents /Applications/Xcode.app/Contents/Developer/Platforms/iPhoneSimulator.platform/Developer/SDKs/iPhoneSimulator26.2.sdk/System/Library/Frameworks/AppIntents.framework/Modules/AppIntents.swiftcrossimport/SwiftUI.swiftoverlay -swift-module-cross-import AppIntents /Applications/Xcode.app/Contents/Developer/Platforms/iPhoneSimulator.platform/Developer/SDKs/iPhoneSimulator26.2.sdk/System/Library/Frameworks/AppIntents.framework/Modules/AppIntents.swiftcrossimport/UIKit.swiftoverlay -swift-module-cross-import AuthenticationServices /Applications/Xcode.app/Contents/Developer/Platforms/iPhoneSimulator.platform/Developer/SDKs/iPhoneSimulator.sdk/System/Cryptexes/OS/System/Library/Frameworks/AuthenticationServices.framework/Modules/AuthenticationServices.swiftcrossimport/SwiftUI.swiftoverlay -swift-module-cross-import AuthenticationServices /Applications/Xcode.app/Contents/Developer/Platforms/iPhoneSimulator.platform/Developer/SDKs/iPhoneSimulator26.2.sdk/System/Library/Frameworks/AuthenticationServices.framework/Modules/AuthenticationServices.swiftcrossimport/SwiftUI.swiftoverlay -swift-module-cross-import PhotosUI /Applications/Xcode.app/Contents/Developer/Platforms/iPhoneSimulator.platform/Developer/SDKs/iPhoneSimulator.sdk/System/Library/Frameworks/PhotosUI.framework/Modules/PhotosUI.swiftcrossimport/SwiftUI.swiftoverlay -swift-module-cross-import PhotosUI /Applications/Xcode.app/Contents/Developer/Platforms/iPhoneSimulator.platform/Developer/SDKs/iPhoneSimulator.sdk/System/Library/Frameworks/PhotosUI.framework/Modules/PhotosUI.swiftcrossimport/WidgetKit.swiftoverlay -swift-module-cross-import PhotosUI /Applications/Xcode.app/Contents/Developer/Platforms/iPhoneSimulator.platform/Developer/SDKs/iPhoneSimulator26.2.sdk/System/Library/Frameworks/PhotosUI.framework/Modules/PhotosUI.swiftcrossimport/SwiftUI.swiftoverlay -swift-module-cross-import PhotosUI /Applications/Xcode.app/Contents/Developer/Platforms/iPhoneSimulator.platform/Developer/SDKs/iPhoneSimulator26.2.sdk/System/Library/Frameworks/PhotosUI.framework/Modules/PhotosUI.swiftcrossimport/WidgetKit.swiftoverlay -swift-module-cross-import RelevanceKit /Applications/Xcode.app/Contents/Developer/Platforms/iPhoneSimulator.platform/Developer/SDKs/iPhoneSimulator.sdk/System/Library/Frameworks/RelevanceKit.framework/Modules/RelevanceKit.swiftcrossimport/MapKit.swiftoverlay -swift-module-cross-import RelevanceKit /Applications/Xcode.app/Contents/Developer/Platforms/iPhoneSimulator.platform/Developer/SDKs/iPhoneSimulator26.2.sdk/System/Library/Frameworks/RelevanceKit.framework/Modules/RelevanceKit.swiftcrossimport/MapKit.swiftoverlay -swift-module-cross-import StoreKit /Applications/Xcode.app/Contents/Developer/Platforms/iPhoneSimulator.platform/Developer/SDKs/iPhoneSimulator.sdk/System/Library/Frameworks/StoreKit.framework/Modules/StoreKit.swiftcrossimport/SwiftUI.swiftoverlay -swift-module-cross-import StoreKit /Applications/Xcode.app/Contents/Developer/Platforms/iPhoneSimulator.platform/Developer/SDKs/iPhoneSimulator26.2.sdk/System/Library/Frameworks/StoreKit.framework/Modules/StoreKit.swiftcrossimport/SwiftUI.swiftoverlay -swift-module-cross-import SwiftData /Applications/Xcode.app/Contents/Developer/Platforms/iPhoneSimulator.platform/Developer/SDKs/iPhoneSimulator26.2.sdk/System/Library/Frameworks/SwiftData.framework/Modules/SwiftData.swiftcrossimport/CoreData.swiftoverlay -swift-module-cross-import SwiftData /Applications/Xcode.app/Contents/Developer/Platforms/iPhoneSimulator.platform/Developer/SDKs/iPhoneSimulator26.2.sdk/System/Library/Frameworks/SwiftData.framework/Modules/SwiftData.swiftcrossimport/SwiftUI.swiftoverlay -swift-module-cross-import WebKit /Applications/Xcode.app/Contents/Developer/Platforms/iPhoneSimulator.platform/Developer/SDKs/iPhoneSimulator.sdk/System/Cryptexes/OS/System/Library/Frameworks/WebKit.framework/Modules/WebKit.swiftcrossimport/SwiftUI.swiftoverlay -swift-module-cross-import WebKit /Applications/Xcode.app/Contents/Developer/Platforms/iPhoneSimulator.platform/Developer/SDKs/iPhoneSimulator26.2.sdk/System/Library/Frameworks/WebKit.framework/Modules/WebKit.swiftcrossimport/SwiftUI.swiftoverlay -load-resolved-plugin /Applications/Xcode.app/Contents/Developer/Platforms/iPhoneOS.platform/Developer/usr/lib/swift/host/plugins/libAppIntentsMacros.dylib\#/Applications/Xcode.app/Contents/Developer/Platforms/iPhoneOS.platform/Developer/usr/bin/swift-plugin-server\#AppIntentsMacros -load-resolved-plugin /Applications/Xcode.app/Contents/Developer/Platforms/iPhoneOS.platform/Developer/usr/lib/swift/host/plugins/libFoundationMacros.dylib\#/Applications/Xcode.app/Contents/Developer/Platforms/iPhoneOS.platform/Developer/usr/bin/swift-plugin-server\#FoundationMacros -load-resolved-plugin /Applications/Xcode.app/Contents/Developer/Platforms/iPhoneOS.platform/Developer/usr/lib/swift/host/plugins/libObservationMacros.dylib\#/Applications/Xcode.app/Contents/Developer/Platforms/iPhoneOS.platform/Developer/usr/bin/swift-plugin-server\#ObservationMacros -load-resolved-plugin /Applications/Xcode.app/Contents/Developer/Platforms/iPhoneOS.platform/Developer/usr/lib/swift/host/plugins/libPreviewsMacros.dylib\#/Applications/Xcode.app/Contents/Developer/Platforms/iPhoneOS.platform/Developer/usr/bin/swift-plugin-server\#PreviewsMacros -load-resolved-plugin /Applications/Xcode.app/Contents/Developer/Platforms/iPhoneOS.platform/Developer/usr/lib/swift/host/plugins/libSwiftDataMacros.dylib\#/Applications/Xcode.app/Contents/Developer/Platforms/iPhoneOS.platform/Developer/usr/bin/swift-plugin-server\#SwiftDataMacros -load-resolved-plugin /Applications/Xcode.app/Contents/Developer/Platforms/iPhoneOS.platform/Developer/usr/lib/swift/host/plugins/libSwiftMacros.dylib\#/Applications/Xcode.app/Contents/Developer/Platforms/iPhoneOS.platform/Developer/usr/bin/swift-plugin-server\#SwiftMacros -load-resolved-plugin /Applications/Xcode.app/Contents/Developer/Platforms/iPhoneOS.platform/Developer/usr/lib/swift/host/plugins/libSwiftUIMacros.dylib\#/Applications/Xcode.app/Contents/Developer/Platforms/iPhoneOS.platform/Developer/usr/bin/swift-plugin-server\#SwiftUIMacros -disable-implicit-swift-modules -Xcc -fno-implicit-modules -Xcc -fno-implicit-module-maps -explicit-swift-module-map-file /Users/ilakazdan/Library/Developer/Xcode/DerivedData/WorkoutTracker-damryvjlpuarrrhkmzzrsckhybqp/Build/Intermediates.noindex/WorkoutTracker.build/Debug-iphonesimulator/WorkoutTracker.build/Objects-normal/arm64/WorkoutTracker-dependencies-2.json -Xllvm -aarch64-use-tbi -enable-objc-interop -sdk /Applications/Xcode.app/Contents/Developer/Platforms/iPhoneSimulator.platform/Developer/SDKs/iPhoneSimulator26.2.sdk -I /Users/ilakazdan/Library/Developer/Xcode/DerivedData/WorkoutTracker-damryvjlpuarrrhkmzzrsckhybqp/Build/Products/Debug-iphonesimulator -F /Users/ilakazdan/Library/Developer/Xcode/DerivedData/WorkoutTracker-damryvjlpuarrrhkmzzrsckhybqp/Build/Products/Debug-iphonesimulator/PackageFrameworks -F /Users/ilakazdan/Library/Developer/Xcode/DerivedData/WorkoutTracker-damryvjlpuarrrhkmzzrsckhybqp/Build/Products/Debug-iphonesimulator/PackageFrameworks -F /Users/ilakazdan/Library/Developer/Xcode/DerivedData/WorkoutTracker-damryvjlpuarrrhkmzzrsckhybqp/Build/Products/Debug-iphonesimulator/PackageFrameworks -F /Users/ilakazdan/Library/Developer/Xcode/DerivedData/WorkoutTracker-damryvjlpuarrrhkmzzrsckhybqp/Build/Products/Debug-iphonesimulator/PackageFrameworks -F /Users/ilakazdan/Library/Developer/Xcode/DerivedData/WorkoutTracker-damryvjlpuarrrhkmzzrsckhybqp/Build/Products/Debug-iphonesimulator/PackageFrameworks -F /Users/ilakazdan/Library/Developer/Xcode/DerivedData/WorkoutTracker-damryvjlpuarrrhkmzzrsckhybqp/Build/Products/Debug-iphonesimulator/PackageFrameworks -F /Users/ilakazdan/Library/Developer/Xcode/DerivedData/WorkoutTracker-damryvjlpuarrrhkmzzrsckhybqp/Build/Products/Debug-iphonesimulator/PackageFrameworks -F /Users/ilakazdan/Library/Developer/Xcode/DerivedData/WorkoutTracker-damryvjlpuarrrhkmzzrsckhybqp/Build/Products/Debug-iphonesimulator/PackageFrameworks -F /Users/ilakazdan/Library/Developer/Xcode/DerivedData/WorkoutTracker-damryvjlpuarrrhkmzzrsckhybqp/Build/Products/Debug-iphonesimulator/PackageFrameworks -F /Users/ilakazdan/Library/Developer/Xcode/DerivedData/WorkoutTracker-damryvjlpuarrrhkmzzrsckhybqp/Build/Products/Debug-iphonesimulator/PackageFrameworks -F /Users/ilakazdan/Library/Developer/Xcode/DerivedData/WorkoutTracker-damryvjlpuarrrhkmzzrsckhybqp/Build/Products/Debug-iphonesimulator/PackageFrameworks -F /Users/ilakazdan/Library/Developer/Xcode/DerivedData/WorkoutTracker-damryvjlpuarrrhkmzzrsckhybqp/Build/Products/Debug-iphonesimulator/PackageFrameworks -F /Users/ilakazdan/Library/Developer/Xcode/DerivedData/WorkoutTracker-damryvjlpuarrrhkmzzrsckhybqp/Build/Products/Debug-iphonesimulator/PackageFrameworks -F /Users/ilakazdan/Library/Developer/Xcode/DerivedData/WorkoutTracker-damryvjlpuarrrhkmzzrsckhybqp/Build/Products/Debug-iphonesimulator/PackageFrameworks -F /Users/ilakazdan/Library/Developer/Xcode/DerivedData/WorkoutTracker-damryvjlpuarrrhkmzzrsckhybqp/Build/Products/Debug-iphonesimulator/PackageFrameworks -F /Users/ilakazdan/Library/Developer/Xcode/DerivedData/WorkoutTracker-damryvjlpuarrrhkmzzrsckhybqp/Build/Products/Debug-iphonesimulator/PackageFrameworks -F /Users/ilakazdan/Library/Developer/Xcode/DerivedData/WorkoutTracker-damryvjlpuarrrhkmzzrsckhybqp/Build/Products/Debug-iphonesimulator/PackageFrameworks -F /Users/ilakazdan/Library/Developer/Xcode/DerivedData/WorkoutTracker-damryvjlpuarrrhkmzzrsckhybqp/Build/Products/Debug-iphonesimulator/PackageFrameworks -F /Users/ilakazdan/Library/Developer/Xcode/DerivedData/WorkoutTracker-damryvjlpuarrrhkmzzrsckhybqp/Build/Products/Debug-iphonesimulator/PackageFrameworks -F /Users/ilakazdan/Library/Developer/Xcode/DerivedData/WorkoutTracker-damryvjlpuarrrhkmzzrsckhybqp/Build/Products/Debug-iphonesimulator/PackageFrameworks -F /Users/ilakazdan/Library/Developer/Xcode/DerivedData/WorkoutTracker-damryvjlpuarrrhkmzzrsckhybqp/Build/Products/Debug-iphonesimulator/PackageFrameworks -F /Users/ilakazdan/Library/Developer/Xcode/DerivedData/WorkoutTracker-damryvjlpuarrrhkmzzrsckhybqp/Build/Products/Debug-iphonesimulator/PackageFrameworks -F /Users/ilakazdan/Library/Developer/Xcode/DerivedData/WorkoutTracker-damryvjlpuarrrhkmzzrsckhybqp/Build/Products/Debug-iphonesimulator/PackageFrameworks -F /Users/ilakazdan/Library/Developer/Xcode/DerivedData/WorkoutTracker-damryvjlpuarrrhkmzzrsckhybqp/Build/Products/Debug-iphonesimulator/PackageFrameworks -F /Users/ilakazdan/Library/Developer/Xcode/DerivedData/WorkoutTracker-damryvjlpuarrrhkmzzrsckhybqp/Build/Products/Debug-iphonesimulator/PackageFrameworks -F /Users/ilakazdan/Library/Developer/Xcode/DerivedData/WorkoutTracker-damryvjlpuarrrhkmzzrsckhybqp/Build/Products/Debug-iphonesimulator/PackageFrameworks -F /Users/ilakazdan/Library/Developer/Xcode/DerivedData/WorkoutTracker-damryvjlpuarrrhkmzzrsckhybqp/Build/Products/Debug-iphonesimulator/PackageFrameworks -F /Users/ilakazdan/Library/Developer/Xcode/DerivedData/WorkoutTracker-damryvjlpuarrrhkmzzrsckhybqp/Build/Products/Debug-iphonesimulator/PackageFrameworks -F /Users/ilakazdan/Library/Developer/Xcode/DerivedData/WorkoutTracker-damryvjlpuarrrhkmzzrsckhybqp/Build/Products/Debug-iphonesimulator/PackageFrameworks -F /Users/ilakazdan/Library/Developer/Xcode/DerivedData/WorkoutTracker-damryvjlpuarrrhkmzzrsckhybqp/Build/Products/Debug-iphonesimulator/PackageFrameworks -F /Users/ilakazdan/Library/Developer/Xcode/DerivedData/WorkoutTracker-damryvjlpuarrrhkmzzrsckhybqp/Build/Products/Debug-iphonesimulator/PackageFrameworks -F /Users/ilakazdan/Library/Developer/Xcode/DerivedData/WorkoutTracker-damryvjlpuarrrhkmzzrsckhybqp/Build/Products/Debug-iphonesimulator/PackageFrameworks -F /Users/ilakazdan/Library/Developer/Xcode/DerivedData/WorkoutTracker-damryvjlpuarrrhkmzzrsckhybqp/Build/Products/Debug-iphonesimulator/PackageFrameworks -F /Users/ilakazdan/Library/Developer/Xcode/DerivedData/WorkoutTracker-damryvjlpuarrrhkmzzrsckhybqp/Build/Products/Debug-iphonesimulator/PackageFrameworks -F /Users/ilakazdan/Library/Developer/Xcode/DerivedData/WorkoutTracker-damryvjlpuarrrhkmzzrsckhybqp/Build/Products/Debug-iphonesimulator/PackageFrameworks -F /Users/ilakazdan/Library/Developer/Xcode/DerivedData/WorkoutTracker-damryvjlpuarrrhkmzzrsckhybqp/Build/Products/Debug-iphonesimulator/PackageFrameworks -F /Users/ilakazdan/Library/Developer/Xcode/DerivedData/WorkoutTracker-damryvjlpuarrrhkmzzrsckhybqp/Build/Products/Debug-iphonesimulator/PackageFrameworks -F /Users/ilakazdan/Library/Developer/Xcode/DerivedData/WorkoutTracker-damryvjlpuarrrhkmzzrsckhybqp/Build/Products/Debug-iphonesimulator/PackageFrameworks -F /Users/ilakazdan/Library/Developer/Xcode/DerivedData/WorkoutTracker-damryvjlpuarrrhkmzzrsckhybqp/Build/Products/Debug-iphonesimulator/PackageFrameworks -F /Users/ilakazdan/Library/Developer/Xcode/DerivedData/WorkoutTracker-damryvjlpuarrrhkmzzrsckhybqp/Build/Products/Debug-iphonesimulator/PackageFrameworks -F /Users/ilakazdan/Library/Developer/Xcode/DerivedData/WorkoutTracker-damryvjlpuarrrhkmzzrsckhybqp/Build/Products/Debug-iphonesimulator/PackageFrameworks -F /Users/ilakazdan/Library/Developer/Xcode/DerivedData/WorkoutTracker-damryvjlpuarrrhkmzzrsckhybqp/Build/Products/Debug-iphonesimulator/PackageFrameworks -F /Users/ilakazdan/Library/Developer/Xcode/DerivedData/WorkoutTracker-damryvjlpuarrrhkmzzrsckhybqp/Build/Products/Debug-iphonesimulator/PackageFrameworks -F /Users/ilakazdan/Library/Developer/Xcode/DerivedData/WorkoutTracker-damryvjlpuarrrhkmzzrsckhybqp/Build/Products/Debug-iphonesimulator/PackageFrameworks -F /Users/ilakazdan/Library/Developer/Xcode/DerivedData/WorkoutTracker-damryvjlpuarrrhkmzzrsckhybqp/Build/Products/Debug-iphonesimulator/PackageFrameworks -F /Users/ilakazdan/Library/Developer/Xcode/DerivedData/WorkoutTracker-damryvjlpuarrrhkmzzrsckhybqp/Build/Products/Debug-iphonesimulator/PackageFrameworks -F /Users/ilakazdan/Library/Developer/Xcode/DerivedData/WorkoutTracker-damryvjlpuarrrhkmzzrsckhybqp/Build/Products/Debug-iphonesimulator/PackageFrameworks -F /Users/ilakazdan/Library/Developer/Xcode/DerivedData/WorkoutTracker-damryvjlpuarrrhkmzzrsckhybqp/Build/Products/Debug-iphonesimulator/PackageFrameworks -F /Users/ilakazdan/Library/Developer/Xcode/DerivedData/WorkoutTracker-damryvjlpuarrrhkmzzrsckhybqp/Build/Products/Debug-iphonesimulator/PackageFrameworks -F /Users/ilakazdan/Library/Developer/Xcode/DerivedData/WorkoutTracker-damryvjlpuarrrhkmzzrsckhybqp/Build/Products/Debug-iphonesimulator/PackageFrameworks -F /Users/ilakazdan/Library/Developer/Xcode/DerivedData/WorkoutTracker-damryvjlpuarrrhkmzzrsckhybqp/Build/Products/Debug-iphonesimulator/PackageFrameworks -F /Users/ilakazdan/Library/Developer/Xcode/DerivedData/WorkoutTracker-damryvjlpuarrrhkmzzrsckhybqp/Build/Products/Debug-iphonesimulator/PackageFrameworks -F /Users/ilakazdan/Library/Developer/Xcode/DerivedData/WorkoutTracker-damryvjlpuarrrhkmzzrsckhybqp/Build/Products/Debug-iphonesimulator/PackageFrameworks -F /Users/ilakazdan/Library/Developer/Xcode/DerivedData/WorkoutTracker-damryvjlpuarrrhkmzzrsckhybqp/Build/Products/Debug-iphonesimulator/PackageFrameworks -F /Users/ilakazdan/Library/Developer/Xcode/DerivedData/WorkoutTracker-damryvjlpuarrrhkmzzrsckhybqp/Build/Products/Debug-iphonesimulator/PackageFrameworks -F /Users/ilakazdan/Library/Developer/Xcode/DerivedData/WorkoutTracker-damryvjlpuarrrhkmzzrsckhybqp/Build/Products/Debug-iphonesimulator/PackageFrameworks -F /Users/ilakazdan/Library/Developer/Xcode/DerivedData/WorkoutTracker-damryvjlpuarrrhkmzzrsckhybqp/Build/Products/Debug-iphonesimulator -no-color-diagnostics -Xcc -fno-color-diagnostics -enable-testing -g -debug-info-format\=dwarf -dwarf-version\=4 -module-cache-path /Users/ilakazdan/Library/Developer/Xcode/DerivedData/WorkoutTracker-damryvjlpuarrrhkmzzrsckhybqp/Build/Intermediates.noindex/SwiftExplicitPrecompiledModules -swift-version 5 -enforce-exclusivity\=checked -Onone -D DEBUG -serialize-debugging-options -const-gather-protocols-file /Users/ilakazdan/Library/Developer/Xcode/DerivedData/WorkoutTracker-damryvjlpuarrrhkmzzrsckhybqp/Build/Intermediates.noindex/WorkoutTracker.build/Debug-iphonesimulator/WorkoutTracker.build/Objects-normal/arm64/WorkoutTracker_const_extract_protocols.json -enable-upcoming-feature DisableOutwardActorInference -enable-upcoming-feature InferSendableFromCaptures -enable-upcoming-feature GlobalActorIsolatedTypesUsability -enable-upcoming-feature MemberImportVisibility -enable-upcoming-feature InferIsolatedConformances -enable-upcoming-feature NonisolatedNonsendingByDefault -enable-experimental-feature DebugDescriptionMacro -enable-bare-slash-regex -default-isolation\=MainActor -empty-abi-descriptor -validate-clang-modules-once -clang-build-session-file /Users/ilakazdan/Library/Developer/Xcode/DerivedData/ModuleCache.noindex/Session.modulevalidation -Xcc -working-directory -Xcc /Users/ilakazdan/WorkoutTracker -enable-anonymous-context-mangled-names -file-compilation-dir /Users/ilakazdan/WorkoutTracker -Xcc -fmodule-map-file\=/Users/ilakazdan/Library/Developer/Xcode/DerivedData/WorkoutTracker-damryvjlpuarrrhkmzzrsckhybqp/Build/Intermediates.noindex/GeneratedModuleMaps-iphonesimulator/abslWrapper.modulemap -Xcc -fmodule-map-file\=/Users/ilakazdan/Library/Developer/Xcode/DerivedData/WorkoutTracker-damryvjlpuarrrhkmzzrsckhybqp/Build/Intermediates.noindex/GeneratedModuleMaps-iphonesimulator/opensslWrapper.modulemap -Xcc -fmodule-map-file\=/Users/ilakazdan/Library/Developer/Xcode/DerivedData/WorkoutTracker-damryvjlpuarrrhkmzzrsckhybqp/Build/Intermediates.noindex/GeneratedModuleMaps-iphonesimulator/grpcWrapper.modulemap -Xcc -fmodule-map-file\=/Users/ilakazdan/Library/Developer/Xcode/DerivedData/WorkoutTracker-damryvjlpuarrrhkmzzrsckhybqp/Build/Intermediates.noindex/GeneratedModuleMaps-iphonesimulator/grpcppWrapper.modulemap -Xcc -fmodule-map-file\=/Users/ilakazdan/Library/Developer/Xcode/DerivedData/WorkoutTracker-damryvjlpuarrrhkmzzrsckhybqp/Build/Intermediates.noindex/GeneratedModuleMaps-iphonesimulator/leveldb.modulemap -Xcc -fmodule-map-file\=/Users/ilakazdan/Library/Developer/Xcode/DerivedData/WorkoutTracker-damryvjlpuarrrhkmzzrsckhybqp/Build/Intermediates.noindex/GeneratedModuleMaps-iphonesimulator/FirebaseFirestoreInternalWrapper.modulemap -Xcc -fmodule-map-file\=/Users/ilakazdan/Library/Developer/Xcode/DerivedData/WorkoutTracker-damryvjlpuarrrhkmzzrsckhybqp/Build/Intermediates.noindex/GeneratedModuleMaps-iphonesimulator/FirebaseFirestoreTarget.modulemap -Xcc -fmodule-map-file\=/Users/ilakazdan/Library/Developer/Xcode/DerivedData/WorkoutTracker-damryvjlpuarrrhkmzzrsckhybqp/Build/Intermediates.noindex/GeneratedModuleMaps-iphonesimulator/RecaptchaInterop.modulemap -Xcc -fmodule-map-file\=/Users/ilakazdan/Library/Developer/Xcode/DerivedData/WorkoutTracker-damryvjlpuarrrhkmzzrsckhybqp/Build/Intermediates.noindex/GeneratedModuleMaps-iphonesimulator/FirebaseAuthInternal.modulemap -Xcc -fmodule-map-file\=/Users/ilakazdan/Library/Developer/Xcode/DerivedData/WorkoutTracker-damryvjlpuarrrhkmzzrsckhybqp/Build/Intermediates.noindex/GeneratedModuleMaps-iphonesimulator/FirebaseMessagingInterop.modulemap -Xcc -fmodule-map-file\=/Users/ilakazdan/Library/Developer/Xcode/DerivedData/WorkoutTracker-damryvjlpuarrrhkmzzrsckhybqp/Build/Intermediates.noindex/GeneratedModuleMaps-iphonesimulator/FirebaseAuthInterop.modulemap -Xcc -fmodule-map-file\=/Users/ilakazdan/Library/Developer/Xcode/DerivedData/WorkoutTracker-damryvjlpuarrrhkmzzrsckhybqp/Build/Intermediates.noindex/GeneratedModuleMaps-iphonesimulator/FirebaseAppCheckInterop.modulemap -Xcc -fmodule-map-file\=/Users/ilakazdan/Library/Developer/Xcode/DerivedData/WorkoutTracker-damryvjlpuarrrhkmzzrsckhybqp/Build/Intermediates.noindex/GeneratedModuleMaps-iphonesimulator/FirebaseAppCheck.modulemap -Xcc -fmodule-map-file\=/Users/ilakazdan/Library/Developer/Xcode/DerivedData/WorkoutTracker-damryvjlpuarrrhkmzzrsckhybqp/Build/Intermediates.noindex/GeneratedModuleMaps-iphonesimulator/AppAuth.modulemap -Xcc -fmodule-map-file\=/Users/ilakazdan/Library/Developer/Xcode/DerivedData/WorkoutTracker-damryvjlpuarrrhkmzzrsckhybqp/Build/Intermediates.noindex/GeneratedModuleMaps-iphonesimulator/AppAuthCore.modulemap -Xcc -fmodule-map-file\=/Users/ilakazdan/Library/Developer/Xcode/DerivedData/WorkoutTracker-damryvjlpuarrrhkmzzrsckhybqp/Build/Intermediates.noindex/GeneratedModuleMaps-iphonesimulator/AppCheckCore.modulemap -Xcc -fmodule-map-file\=/Users/ilakazdan/Library/Developer/Xcode/DerivedData/WorkoutTracker-damryvjlpuarrrhkmzzrsckhybqp/Build/Intermediates.noindex/GeneratedModuleMaps-iphonesimulator/GTMSessionFetcherCore.modulemap -Xcc -fmodule-map-file\=/Users/ilakazdan/Library/Developer/Xcode/DerivedData/WorkoutTracker-damryvjlpuarrrhkmzzrsckhybqp/Build/Intermediates.noindex/GeneratedModuleMaps-iphonesimulator/GoogleSignIn.modulemap -Xcc -fmodule-map-file\=/Users/ilakazdan/Library/Developer/Xcode/DerivedData/WorkoutTracker-damryvjlpuarrrhkmzzrsckhybqp/Build/Intermediates.noindex/GeneratedModuleMaps-iphonesimulator/GoogleAdsOnDeviceConversionTarget.modulemap -Xcc -fmodule-map-file\=/Users/ilakazdan/Library/Developer/Xcode/DerivedData/WorkoutTracker-damryvjlpuarrrhkmzzrsckhybqp/Build/Intermediates.noindex/GeneratedModuleMaps-iphonesimulator/GoogleAppMeasurementTarget.modulemap -Xcc -fmodule-map-file\=/Users/ilakazdan/Library/Developer/Xcode/DerivedData/WorkoutTracker-damryvjlpuarrrhkmzzrsckhybqp/Build/Intermediates.noindex/GeneratedModuleMaps-iphonesimulator/GoogleUtilities-AppDelegateSwizzler.modulemap -Xcc -fmodule-map-file\=/Users/ilakazdan/Library/Developer/Xcode/DerivedData/WorkoutTracker-damryvjlpuarrrhkmzzrsckhybqp/Build/Intermediates.noindex/GeneratedModuleMaps-iphonesimulator/GoogleUtilities-Reachability.modulemap -Xcc -fmodule-map-file\=/Users/ilakazdan/Library/Developer/Xcode/DerivedData/WorkoutTracker-damryvjlpuarrrhkmzzrsckhybqp/Build/Intermediates.noindex/GeneratedModuleMaps-iphonesimulator/GoogleUtilities-Network.modulemap -Xcc -fmodule-map-file\=/Users/ilakazdan/Library/Developer/Xcode/DerivedData/WorkoutTracker-damryvjlpuarrrhkmzzrsckhybqp/Build/Intermediates.noindex/GeneratedModuleMaps-iphonesimulator/FirebaseAnalyticsWrapper.modulemap -Xcc -fmodule-map-file\=/Users/ilakazdan/Library/Developer/Xcode/DerivedData/WorkoutTracker-damryvjlpuarrrhkmzzrsckhybqp/Build/Intermediates.noindex/GeneratedModuleMaps-iphonesimulator/FirebaseAnalyticsTarget.modulemap -Xcc -fmodule-map-file\=/Users/ilakazdan/Library/Developer/Xcode/DerivedData/WorkoutTracker-damryvjlpuarrrhkmzzrsckhybqp/Build/Intermediates.noindex/GeneratedModuleMaps-iphonesimulator/FirebaseCrashlytics.modulemap -Xcc -fmodule-map-file\=/Users/ilakazdan/Library/Developer/Xcode/DerivedData/WorkoutTracker-damryvjlpuarrrhkmzzrsckhybqp/Build/Intermediates.noindex/GeneratedModuleMaps-iphonesimulator/GoogleUtilities-NSData.modulemap -Xcc -fmodule-map-file\=/Users/ilakazdan/Library/Developer/Xcode/DerivedData/WorkoutTracker-damryvjlpuarrrhkmzzrsckhybqp/Build/Intermediates.noindex/GeneratedModuleMaps-iphonesimulator/GoogleUtilities-UserDefaults.modulemap -Xcc -fmodule-map-file\=/Users/ilakazdan/Library/Developer/Xcode/DerivedData/WorkoutTracker-damryvjlpuarrrhkmzzrsckhybqp/Build/Intermediates.noindex/GeneratedModuleMaps-iphonesimulator/nanopb.modulemap -Xcc -fmodule-map-file\=/Users/ilakazdan/Library/Developer/Xcode/DerivedData/WorkoutTracker-damryvjlpuarrrhkmzzrsckhybqp/Build/Intermediates.noindex/GeneratedModuleMaps-iphonesimulator/GoogleDataTransport.modulemap -Xcc -fmodule-map-file\=/Users/ilakazdan/Library/Developer/Xcode/DerivedData/WorkoutTracker-damryvjlpuarrrhkmzzrsckhybqp/Build/Intermediates.noindex/GeneratedModuleMaps-iphonesimulator/GoogleUtilities-Logger.modulemap -Xcc -fmodule-map-file\=/Users/ilakazdan/Library/Developer/Xcode/DerivedData/WorkoutTracker-damryvjlpuarrrhkmzzrsckhybqp/Build/Intermediates.noindex/GeneratedModuleMaps-iphonesimulator/GoogleUtilities-Environment.modulemap -Xcc -fmodule-map-file\=/Users/ilakazdan/Library/Developer/Xcode/DerivedData/WorkoutTracker-damryvjlpuarrrhkmzzrsckhybqp/Build/Intermediates.noindex/GeneratedModuleMaps-iphonesimulator/third-party-IsAppEncrypted.modulemap -Xcc -fmodule-map-file\=/Users/ilakazdan/Library/Developer/Xcode/DerivedData/WorkoutTracker-damryvjlpuarrrhkmzzrsckhybqp/Build/Intermediates.noindex/GeneratedModuleMaps-iphonesimulator/GoogleUtilities-MethodSwizzler.modulemap -Xcc -fmodule-map-file\=/Users/ilakazdan/Library/Developer/Xcode/DerivedData/WorkoutTracker-damryvjlpuarrrhkmzzrsckhybqp/Build/Intermediates.noindex/GeneratedModuleMaps-iphonesimulator/FirebasePerformance.modulemap -Xcc -fmodule-map-file\=/Users/ilakazdan/Library/Developer/Xcode/DerivedData/WorkoutTracker-damryvjlpuarrrhkmzzrsckhybqp/Build/Intermediates.noindex/GeneratedModuleMaps-iphonesimulator/FirebaseSessionsObjC.modulemap -Xcc -fmodule-map-file\=/Users/ilakazdan/Library/Developer/Xcode/DerivedData/WorkoutTracker-damryvjlpuarrrhkmzzrsckhybqp/Build/Intermediates.noindex/GeneratedModuleMaps-iphonesimulator/FirebaseCoreExtension.modulemap -Xcc -fmodule-map-file\=/Users/ilakazdan/Library/Developer/Xcode/DerivedData/WorkoutTracker-damryvjlpuarrrhkmzzrsckhybqp/Build/Intermediates.noindex/GeneratedModuleMaps-iphonesimulator/FirebaseRemoteConfigInternal.modulemap -Xcc -fmodule-map-file\=/Users/ilakazdan/Library/Developer/Xcode/DerivedData/WorkoutTracker-damryvjlpuarrrhkmzzrsckhybqp/Build/Intermediates.noindex/GeneratedModuleMaps-iphonesimulator/FirebaseABTesting.modulemap -Xcc -fmodule-map-file\=/Users/ilakazdan/Library/Developer/Xcode/DerivedData/WorkoutTracker-damryvjlpuarrrhkmzzrsckhybqp/Build/Intermediates.noindex/GeneratedModuleMaps-iphonesimulator/FirebaseInstallations.modulemap -Xcc -fmodule-map-file\=/Users/ilakazdan/Library/Developer/Xcode/DerivedData/WorkoutTracker-damryvjlpuarrrhkmzzrsckhybqp/Build/Intermediates.noindex/GeneratedModuleMaps-iphonesimulator/FirebaseCore.modulemap -Xcc -fmodule-map-file\=/Users/ilakazdan/Library/Developer/Xcode/DerivedData/WorkoutTracker-damryvjlpuarrrhkmzzrsckhybqp/Build/Intermediates.noindex/GeneratedModuleMaps-iphonesimulator/FirebasePerformanceTarget.modulemap -Xcc -D_LIBCPP_HARDENING_MODE\=_LIBCPP_HARDENING_MODE_DEBUG -Xcc -ivfsstatcache -Xcc /Users/ilakazdan/Library/Developer/Xcode/DerivedData/SDKStatCaches.noindex/iphonesimulator26.2-23C57-7d00a8b37fbd7999ea79df8ebc024bf0.sdkstatcache -Xcc -I/Users/ilakazdan/Library/Developer/Xcode/DerivedData/WorkoutTracker-damryvjlpuarrrhkmzzrsckhybqp/Build/Intermediates.noindex/WorkoutTracker.build/Debug-iphonesimulator/WorkoutTracker.build/swift-overrides.hmap -Xcc -iquote -Xcc /Users/ilakazdan/Library/Developer/Xcode/DerivedData/WorkoutTracker-damryvjlpuarrrhkmzzrsckhybqp/Build/Intermediates.noindex/WorkoutTracker.build/Debug-iphonesimulator/WorkoutTracker.build/WorkoutTracker-generated-files.hmap -Xcc -I/Users/ilakazdan/Library/Developer/Xcode/DerivedData/WorkoutTracker-damryvjlpuarrrhkmzzrsckhybqp/Build/Intermediates.noindex/WorkoutTracker.build/Debug-iphonesimulator/WorkoutTracker.build/WorkoutTracker-own-target-headers.hmap -Xcc -I/Users/ilakazdan/Library/Developer/Xcode/DerivedData/WorkoutTracker-damryvjlpuarrrhkmzzrsckhybqp/Build/Intermediates.noindex/WorkoutTracker.build/Debug-iphonesimulator/WorkoutTracker.build/WorkoutTracker-all-non-framework-target-headers.hmap -Xcc -ivfsoverlay -Xcc /Users/ilakazdan/Library/Developer/Xcode/DerivedData/WorkoutTracker-damryvjlpuarrrhkmzzrsckhybqp/Build/Intermediates.noindex/WorkoutTracker.build/Debug-iphonesimulator/WorkoutTracker-d36e0c2491cbbecbfaeaed3ebc3d9b3e-VFS-iphonesimulator/all-product-headers.yaml -Xcc -iquote -Xcc /Users/ilakazdan/Library/Developer/Xcode/DerivedData/WorkoutTracker-damryvjlpuarrrhkmzzrsckhybqp/Build/Intermediates.noindex/WorkoutTracker.build/Debug-iphonesimulator/WorkoutTracker.build/WorkoutTracker-project-headers.hmap -Xcc -I/Users/ilakazdan/Library/Developer/Xcode/DerivedData/WorkoutTracker-damryvjlpuarrrhkmzzrsckhybqp/SourcePackages/checkouts/abseil-cpp-binary/absl-Wrapper/include -Xcc -I/Users/ilakazdan/Library/Developer/Xcode/DerivedData/WorkoutTracker-damryvjlpuarrrhkmzzrsckhybqp/SourcePackages/checkouts/grpc-binary/openssl-grpc-Wrapper/include -Xcc -I/Users/ilakazdan/Library/Developer/Xcode/DerivedData/WorkoutTracker-damryvjlpuarrrhkmzzrsckhybqp/SourcePackages/checkouts/grpc-binary/grpc-Wrapper/include -Xcc -I/Users/ilakazdan/Library/Developer/Xcode/DerivedData/WorkoutTracker-damryvjlpuarrrhkmzzrsckhybqp/SourcePackages/checkouts/grpc-binary/grpcpp-Wrapper/include -Xcc -I/Users/ilakazdan/Library/Developer/Xcode/DerivedData/WorkoutTracker-damryvjlpuarrrhkmzzrsckhybqp/SourcePackages/checkouts/leveldb/include -Xcc -I/Users/ilakazdan/Library/Developer/Xcode/DerivedData/WorkoutTracker-damryvjlpuarrrhkmzzrsckhybqp/SourcePackages/checkouts/firebase-ios-sdk/FirebaseFirestoreInternal -Xcc -I/Users/ilakazdan/Library/Developer/Xcode/DerivedData/WorkoutTracker-damryvjlpuarrrhkmzzrsckhybqp/SourcePackages/checkouts/firebase-ios-sdk/SwiftPM-PlatformExclude/FirebaseFirestoreWrap/include -Xcc -I/Users/ilakazdan/Library/Developer/Xcode/DerivedData/WorkoutTracker-damryvjlpuarrrhkmzzrsckhybqp/SourcePackages/checkouts/interop-ios-for-google-sdks/RecaptchaEnterprise/RecaptchaInterop/Public -Xcc -I/Users/ilakazdan/Library/Developer/Xcode/DerivedData/WorkoutTracker-damryvjlpuarrrhkmzzrsckhybqp/SourcePackages/checkouts/firebase-ios-sdk/FirebaseAuth/Sources/Public -Xcc -I/Users/ilakazdan/Library/Developer/Xcode/DerivedData/WorkoutTracker-damryvjlpuarrrhkmzzrsckhybqp/SourcePackages/checkouts/firebase-ios-sdk/FirebaseMessaging/Interop -Xcc -I/Users/ilakazdan/Library/Developer/Xcode/DerivedData/WorkoutTracker-damryvjlpuarrrhkmzzrsckhybqp/SourcePackages/checkouts/firebase-ios-sdk/FirebaseAuth/Interop/Public -Xcc -I/Users/ilakazdan/Library/Developer/Xcode/DerivedData/WorkoutTracker-damryvjlpuarrrhkmzzrsckhybqp/SourcePackages/checkouts/firebase-ios-sdk/FirebaseAppCheck/Interop/Public -Xcc -I/Users/ilakazdan/Library/Developer/Xcode/DerivedData/WorkoutTracker-damryvjlpuarrrhkmzzrsckhybqp/SourcePackages/checkouts/firebase-ios-sdk/FirebaseAppCheck/Sources/Public -Xcc -I/Users/ilakazdan/Library/Developer/Xcode/DerivedData/WorkoutTracker-damryvjlpuarrrhkmzzrsckhybqp/SourcePackages/checkouts/AppAuth-iOS/Sources/AppAuth -Xcc -I/Users/ilakazdan/Library/Developer/Xcode/DerivedData/WorkoutTracker-damryvjlpuarrrhkmzzrsckhybqp/SourcePackages/checkouts/AppAuth-iOS/Sources/AppAuthCore -Xcc -I/Users/ilakazdan/Library/Developer/Xcode/DerivedData/WorkoutTracker-damryvjlpuarrrhkmzzrsckhybqp/SourcePackages/checkouts/app-check/AppCheckCore/Sources/Public -Xcc -I/Users/ilakazdan/Library/Developer/Xcode/DerivedData/WorkoutTracker-damryvjlpuarrrhkmzzrsckhybqp/SourcePackages/checkouts/gtm-session-fetcher/Sources/Core/Public -Xcc -I/Users/ilakazdan/Library/Developer/Xcode/DerivedData/WorkoutTracker-damryvjlpuarrrhkmzzrsckhybqp/SourcePackages/checkouts/GoogleSignIn-iOS/GoogleSignIn/Sources/Public -Xcc -I/Users/ilakazdan/Library/Developer/Xcode/DerivedData/WorkoutTracker-damryvjlpuarrrhkmzzrsckhybqp/SourcePackages/checkouts/google-ads-on-device-conversion-ios-sdk/GoogleAdsOnDeviceConversionWrapper/include -Xcc -I/Users/ilakazdan/Library/Developer/Xcode/DerivedData/WorkoutTracker-damryvjlpuarrrhkmzzrsckhybqp/SourcePackages/checkouts/GoogleAppMeasurement/GoogleAppMeasurementWrapper/include -Xcc -I/Users/ilakazdan/Library/Developer/Xcode/DerivedData/WorkoutTracker-damryvjlpuarrrhkmzzrsckhybqp/SourcePackages/checkouts/GoogleUtilities/GoogleUtilities/AppDelegateSwizzler/Public -Xcc -I/Users/ilakazdan/Library/Developer/Xcode/DerivedData/WorkoutTracker-damryvjlpuarrrhkmzzrsckhybqp/SourcePackages/checkouts/GoogleUtilities/GoogleUtilities/Reachability/Public -Xcc -I/Users/ilakazdan/Library/Developer/Xcode/DerivedData/WorkoutTracker-damryvjlpuarrrhkmzzrsckhybqp/SourcePackages/checkouts/GoogleUtilities/GoogleUtilities/Network/Public -Xcc -I/Users/ilakazdan/Library/Developer/Xcode/DerivedData/WorkoutTracker-damryvjlpuarrrhkmzzrsckhybqp/SourcePackages/checkouts/firebase-ios-sdk/FirebaseAnalyticsWrapper/include -Xcc -I/Users/ilakazdan/Library/Developer/Xcode/DerivedData/WorkoutTracker-damryvjlpuarrrhkmzzrsckhybqp/SourcePackages/checkouts/firebase-ios-sdk/SwiftPM-PlatformExclude/FirebaseAnalyticsWrap/include -Xcc -I/Users/ilakazdan/Library/Developer/Xcode/DerivedData/WorkoutTracker-damryvjlpuarrrhkmzzrsckhybqp/SourcePackages/checkouts/firebase-ios-sdk/Crashlytics/Crashlytics/Public -Xcc -I/Users/ilakazdan/Library/Developer/Xcode/DerivedData/WorkoutTracker-damryvjlpuarrrhkmzzrsckhybqp/SourcePackages/checkouts/GoogleUtilities/GoogleUtilities/NSData+zlib/Public -Xcc -I/Users/ilakazdan/Library/Developer/Xcode/DerivedData/WorkoutTracker-damryvjlpuarrrhkmzzrsckhybqp/SourcePackages/checkouts/GoogleUtilities/GoogleUtilities/UserDefaults/Public -Xcc -I/Users/ilakazdan/Library/Developer/Xcode/DerivedData/WorkoutTracker-damryvjlpuarrrhkmzzrsckhybqp/SourcePackages/checkouts/nanopb/spm_headers -Xcc -I/Users/ilakazdan/Library/Developer/Xcode/DerivedData/WorkoutTracker-damryvjlpuarrrhkmzzrsckhybqp/SourcePackages/checkouts/promises/Sources/FBLPromises/include -Xcc -I/Users/ilakazdan/Library/Developer/Xcode/DerivedData/WorkoutTracker-damryvjlpuarrrhkmzzrsckhybqp/SourcePackages/checkouts/GoogleDataTransport/GoogleDataTransport/GDTCORLibrary/Public -Xcc -I/Users/ilakazdan/Library/Developer/Xcode/DerivedData/WorkoutTracker-damryvjlpuarrrhkmzzrsckhybqp/SourcePackages/checkouts/GoogleUtilities/GoogleUtilities/Logger/Public -Xcc -I/Users/ilakazdan/Library/Developer/Xcode/DerivedData/WorkoutTracker-damryvjlpuarrrhkmzzrsckhybqp/SourcePackages/checkouts/GoogleUtilities/GoogleUtilities/Environment/Public -Xcc -I/Users/ilakazdan/Library/Developer/Xcode/DerivedData/WorkoutTracker-damryvjlpuarrrhkmzzrsckhybqp/SourcePackages/checkouts/GoogleUtilities/third_party/IsAppEncrypted/Public -Xcc -I/Users/ilakazdan/Library/Developer/Xcode/DerivedData/WorkoutTracker-damryvjlpuarrrhkmzzrsckhybqp/SourcePackages/checkouts/GoogleUtilities/GoogleUtilities/MethodSwizzler/Public -Xcc -I/Users/ilakazdan/Library/Developer/Xcode/DerivedData/WorkoutTracker-damryvjlpuarrrhkmzzrsckhybqp/SourcePackages/checkouts/firebase-ios-sdk/FirebasePerformance/Sources/Public -Xcc -I/Users/ilakazdan/Library/Developer/Xcode/DerivedData/WorkoutTracker-damryvjlpuarrrhkmzzrsckhybqp/SourcePackages/checkouts/firebase-ios-sdk/FirebaseSessions/SourcesObjC -Xcc -I/Users/ilakazdan/Library/Developer/Xcode/DerivedData/WorkoutTracker-damryvjlpuarrrhkmzzrsckhybqp/SourcePackages/checkouts/firebase-ios-sdk/FirebaseCore/Extension -Xcc -I/Users/ilakazdan/Library/Developer/Xcode/DerivedData/WorkoutTracker-damryvjlpuarrrhkmzzrsckhybqp/SourcePackages/checkouts/firebase-ios-sdk/FirebaseRemoteConfig/Sources/Public -Xcc -I/Users/ilakazdan/Library/Developer/Xcode/DerivedData/WorkoutTracker-damryvjlpuarrrhkmzzrsckhybqp/SourcePackages/checkouts/firebase-ios-sdk/FirebaseABTesting/Sources/Public -Xcc -I/Users/ilakazdan/Library/Developer/Xcode/DerivedData/WorkoutTracker-damryvjlpuarrrhkmzzrsckhybqp/SourcePackages/checkouts/firebase-ios-sdk/FirebaseInstallations/Source/Library/Public -Xcc -I/Users/ilakazdan/Library/Developer/Xcode/DerivedData/WorkoutTracker-damryvjlpuarrrhkmzzrsckhybqp/SourcePackages/checkouts/firebase-ios-sdk/FirebaseCore/Sources/Public -Xcc -I/Users/ilakazdan/Library/Developer/Xcode/DerivedData/WorkoutTracker-damryvjlpuarrrhkmzzrsckhybqp/SourcePackages/checkouts/firebase-ios-sdk/CoreOnly/Sources -Xcc -I/Users/ilakazdan/Library/Developer/Xcode/DerivedData/WorkoutTracker-damryvjlpuarrrhkmzzrsckhybqp/SourcePackages/checkouts/firebase-ios-sdk/SwiftPM-PlatformExclude/FirebasePerformanceWrap/include -Xcc -I/Users/ilakazdan/Library/Developer/Xcode/DerivedData/WorkoutTracker-damryvjlpuarrrhkmzzrsckhybqp/Build/Products/Debug-iphonesimulator/include -Xcc -I/Users/ilakazdan/Library/Developer/Xcode/DerivedData/WorkoutTracker-damryvjlpuarrrhkmzzrsckhybqp/Build/Intermediates.noindex/WorkoutTracker.build/Debug-iphonesimulator/WorkoutTracker.build/DerivedSources-normal/arm64 -Xcc -I/Users/ilakazdan/Library/Developer/Xcode/DerivedData/WorkoutTracker-damryvjlpuarrrhkmzzrsckhybqp/Build/Intermediates.noindex/WorkoutTracker.build/Debug-iphonesimulator/WorkoutTracker.build/DerivedSources/arm64 -Xcc -I/Users/ilakazdan/Library/Developer/Xcode/DerivedData/WorkoutTracker-damryvjlpuarrrhkmzzrsckhybqp/Build/Intermediates.noindex/WorkoutTracker.build/Debug-iphonesimulator/WorkoutTracker.build/DerivedSources -Xcc -DDEBUG\=1 -no-auto-bridging-header-chaining -module-name WorkoutTracker -frontend-parseable-output -disable-clang-spi -target-sdk-version 26.2 -target-sdk-name iphonesimulator26.2 -clang-target arm64-apple-ios26.2-simulator -in-process-plugin-server-path /Applications/Xcode.app/Contents/Developer/Toolchains/XcodeDefault.xctoolchain/usr/lib/swift/host/libSwiftInProcPluginServer.dylib -o /Users/ilakazdan/Library/Developer/Xcode/DerivedData/WorkoutTracker-damryvjlpuarrrhkmzzrsckhybqp/Build/Intermediates.noindex/WorkoutTracker.build/Debug-iphonesimulator/WorkoutTracker.build/Objects-normal/arm64/ProgressDetailSheets.o -index-unit-output-path /WorkoutTracker.build/Debug-iphonesimulator/WorkoutTracker.build/Objects-normal/arm64/ProgressDetailSheets.o -index-store-path /Users/ilakazdan/Library/Developer/Xcode/DerivedData/WorkoutTracker-damryvjlpuarrrhkmzzrsckhybqp/Index.noindex/DataStore -index-system-modules

SwiftCompile normal arm64 /Users/ilakazdan/WorkoutTracker/WorkoutTracker/Features/Stats/Components/ProgressDetailSheets.swift (in target 'WorkoutTracker' from project 'WorkoutTracker')
    cd /Users/ilakazdan/WorkoutTracker
    
/Users/ilakazdan/WorkoutTracker/WorkoutTracker/Features/Stats/Components/ProgressDetailSheets.swift:109:23: error: extra arguments at positions #2, #3 in call
                .frame(maxWidth: .infinity, aspectRatio: 1, contentMode: .fit)
                      ^
SwiftUI.View.frame:2:36: note: 'frame(minWidth:idealWidth:maxWidth:minHeight:idealHeight:maxHeight:alignment:)' declared here
@inlinable nonisolated public func frame(minWidth: CGFloat? = nil, idealWidth: CGFloat? = nil, maxWidth: CGFloat? = nil, minHeight: CGFloat? = nil, idealHeight: CGFloat? = nil, maxHeight: CGFloat? = nil, alignment: Alignment = .center) -> some View
                                   ^
/Users/ilakazdan/WorkoutTracker/WorkoutTracker/Features/Stats/Components/ProgressDetailSheets.swift:109:75: error: cannot infer contextual base in reference to member 'fit'
                .frame(maxWidth: .infinity, aspectRatio: 1, contentMode: .fit)
                                                                         ~^~~

SwiftCompile normal arm64 Compiling\ ProgressView.swift /Users/ilakazdan/WorkoutTracker/WorkoutTracker/Features/Stats/ProgressView.swift (in target 'WorkoutTracker' from project 'WorkoutTracker')

SwiftCompile normal arm64 /Users/ilakazdan/WorkoutTracker/WorkoutTracker/Features/Stats/ProgressView.swift (in target 'WorkoutTracker' from project 'WorkoutTracker')
    cd /Users/ilakazdan/WorkoutTracker
    

SwiftCompile normal x86_64 Compiling\ ProgressDetailSheets.swift /Users/ilakazdan/WorkoutTracker/WorkoutTracker/Features/Stats/Components/ProgressDetailSheets.swift (in target 'WorkoutTracker' from project 'WorkoutTracker')
SwiftCompile normal x86_64 /Users/ilakazdan/WorkoutTracker/WorkoutTracker/Features/Stats/Components/ProgressDetailSheets.swift (in target 'WorkoutTracker' from project 'WorkoutTracker')
    cd /Users/ilakazdan/WorkoutTracker
    

warning: Run script build phase 'Firebase Crashlytics' will be run during every build because it does not specify any outputs. To address this issue, either add output dependencies to the script phase, or configure it to run in every build by unchecking "Based on dependency analysis" in the script phase. (in target 'WorkoutTracker' from project 'WorkoutTracker')
